name,code,tot,o65,vacc,l4qual,badhealth,unemp
City of London 001,E02000001,8580,0.140559441,#N/A,0.741818636,0.027146685,0.050765077
Barking and Dagenham 001,E02000002,8286,0.112116824,0.335384987,0.309106099,0.060016906,0.082276615
Barking and Dagenham 002,E02000003,11539,0.110148193,0.360256521,0.34015143,0.040980766,0.071789119
Barking and Dagenham 003,E02000004,6638,0.150497138,0.443959024,0.307431797,0.047583195,0.06900801
Barking and Dagenham 004,E02000005,11082,0.079678758,0.329994586,0.337839529,0.044035373,0.064049177
Barking and Dagenham 006,E02000007,10161,0.096151954,0.337269954,0.317037235,0.059732336,0.074630262
Barking and Dagenham 007,E02000008,13251,0.091313863,0.350992378,0.285148716,0.061283019,0.082281676
Barking and Dagenham 008,E02000009,12867,0.070412684,0.310017875,0.335043832,0.046564055,0.078881766
Barking and Dagenham 009,E02000010,9485,0.087612019,0.356035846,0.309964664,0.053324903,0.074822125
Barking and Dagenham 010,E02000011,7026,0.126957017,0.371619698,0.311369509,0.052040381,0.072210066
Barking and Dagenham 011,E02000012,11509,0.103571118,0.359284039,0.341661956,0.038484927,0.066122131
Barking and Dagenham 012,E02000013,9401,0.097755558,0.330390384,0.300789663,0.057246223,0.073740569
Barking and Dagenham 013,E02000014,9864,0.105028386,0.365673155,0.28252388,0.051697922,0.080300022
Barking and Dagenham 014,E02000015,8228,0.08835683,0.331064657,0.326418852,0.051166748,0.088991074
Barking and Dagenham 015,E02000016,10566,0.03407155,0.297368919,0.439066209,0.036613056,0.100147898
Barking and Dagenham 016,E02000017,9135,0.083415435,0.345155993,0.346310041,0.044125698,0.074665414
Barking and Dagenham 017,E02000018,9553,0.082277818,0.327959803,0.316850079,0.054141795,0.088767254
Barking and Dagenham 018,E02000019,9663,0.087033013,0.339232123,0.31771575,0.049254967,0.080892608
Barking and Dagenham 019,E02000020,14055,0.067662753,0.30715048,0.376948558,0.039777983,0.076243608
Barking and Dagenham 020,E02000021,8760,0.098858447,0.314954338,0.314227387,0.043840621,0.07874837
Barking and Dagenham 021,E02000022,7742,0.036295531,0.279772669,0.42872969,0.034888228,0.082921152
Barking and Dagenham 022,E02000023,8017,0.049145566,0.290133466,0.369425615,0.051384385,0.086865044
Barnet 001,E02000024,10842,0.201531083,0.630049806,0.55765998,0.036896965,0.052622029
Barnet 002,E02000025,8583,0.157054643,0.534428521,0.482758621,0.045676998,0.066016334
Barnet 003,E02000026,6457,0.191265293,0.581074803,0.466641104,0.04305405,0.051149239
Barnet 004,E02000027,9646,0.159340659,0.53680282,0.403520124,0.054524723,0.061862383
Barnet 005,E02000028,6531,0.164752718,0.574644006,0.495568546,0.03489974,0.051540284
Barnet 006,E02000029,9680,0.120764463,0.480578512,0.43170207,0.036692506,0.066127695
Barnet 007,E02000030,9462,0.212534348,0.627457197,0.481011017,0.043464467,0.037782249
Barnet 008,E02000031,8332,0.191790687,0.640662506,0.564904552,0.038290721,0.052520019
Barnet 009,E02000032,7939,0.192845447,0.582944955,0.469645081,0.035138539,0.050140701
Barnet 010,E02000033,8891,0.147227533,0.503655382,0.427151854,0.041057368,0.05638587
Barnet 011,E02000034,9087,0.164520744,0.544073952,0.488595768,0.042038076,0.054824561
Barnet 012,E02000035,8531,0.177353183,0.584808346,0.55489698,0.038565233,0.061378241
Barnet 013,E02000036,11244,0.147634294,0.503913198,0.445652174,0.041977944,0.049990673
Barnet 014,E02000037,10836,0.168143226,0.535898856,0.491901108,0.036083426,0.054237947
Barnet 015,E02000038,10719,0.153372516,0.534751376,0.485304328,0.04207482,0.050689527
Barnet 016,E02000039,7166,0.163829193,0.596148479,0.528371929,0.031947545,0.045467071
Barnet 017,E02000040,9136,0.145468476,0.597854641,0.528762588,0.041479698,0.049764627
Barnet 018,E02000041,9452,0.152137114,0.496402878,0.42408377,0.035748281,0.061491496
Barnet 019,E02000042,11558,0.147776432,0.517736633,0.507867319,0.047322433,0.064087062
Barnet 020,E02000043,7571,0.164839519,0.617223616,0.616363945,0.027598046,0.039289559
Barnet 021,E02000044,8846,0.103323536,0.465295049,0.4,0.048055179,0.073744292
Barnet 022,E02000045,10525,0.118384798,0.469738717,0.451834862,0.046469638,0.075717017
Barnet 023,E02000046,6965,0.127207466,0.576022972,0.575087719,0.033318972,0.057497467
Barnet 024,E02000047,12395,0.108511497,0.40419524,0.358939568,0.047757341,0.079421108
Barnet 025,E02000048,10283,0.170281046,0.5678304,0.537034747,0.034134008,0.055465914
Barnet 026,E02000049,10532,0.072445879,0.351879985,0.41882793,0.047569313,0.089133089
Barnet 027,E02000050,10383,0.138110373,0.506886256,0.496951584,0.047118905,0.075216972
Barnet 028,E02000051,9160,0.191921397,0.59989083,0.555110755,0.037008734,0.08102253
Barnet 029,E02000052,9852,0.138753553,0.550040601,0.612393377,0.036247335,0.058115479
Barnet 031,E02000054,7632,0.130765199,0.47615304,0.495579489,0.038658105,0.053890641
Barnet 032,E02000055,11722,0.115850537,0.462122505,0.462875197,0.032835821,0.075303782
Barnet 033,E02000056,9131,0.202496988,0.644726755,0.643789942,0.03033954,0.04013683
Barnet 034,E02000057,8014,0.113551285,0.435987023,0.454759899,0.03481842,0.068409344
Barnet 035,E02000058,10224,0.177425665,0.566118936,0.559115467,0.032665037,0.045706087
Barnet 036,E02000059,11626,0.110012042,0.434457251,0.431837074,0.044121441,0.066183575
Barnet 037,E02000060,11561,0.136666378,0.421849321,0.397198599,0.040145354,0.047217538
Barnet 038,E02000061,8344,0.157118888,0.601510067,0.606505009,0.037857913,0.051204819
Barnet 039,E02000062,6956,0.094882116,0.428407131,0.394510522,0.051595286,0.087170043
Barnet 040,E02000063,7584,0.125263713,0.491824895,0.443385374,0.049841772,0.073389356
Barnet 041,E02000064,6672,0.113159472,0.49955036,0.505529522,0.047198082,0.067571644
Bexley 001,E02000065,8063,0.076398363,0.36425648,0.408417508,0.038075158,0.085963003
Bexley 002,E02000066,9430,0.110816543,0.418663839,0.351343901,0.048679605,0.087259225
Bexley 003,E02000067,10230,0.106940371,0.417204301,0.344801417,0.042823621,0.066692744
Bexley 004,E02000068,8176,0.098948141,0.379770059,0.337203516,0.046599804,0.076656907
Bexley 005,E02000069,7212,0.1645868,0.468663339,0.340440529,0.045618414,0.051282051
Bexley 006,E02000070,8107,0.197607006,0.579869249,0.28998779,0.047214004,0.043975597
Bexley 007,E02000071,7673,0.151440115,0.532516617,0.260360963,0.038722295,0.060411655
Bexley 008,E02000072,12926,0.078755996,0.380705555,0.359755455,0.048282266,0.075371901
Bexley 009,E02000073,10725,0.194219114,0.601958042,0.297219669,0.034029461,0.042463235
Bexley 010,E02000074,8863,0.138553537,0.460340742,0.276490308,0.05699131,0.067864743
Bexley 011,E02000075,7982,0.236908043,0.641067402,0.287617318,0.039193589,0.03798127
Bexley 013,E02000077,8142,0.167403586,0.558462294,0.302130898,0.045700246,0.054885553
Bexley 014,E02000078,7934,0.190698261,0.602092261,0.293804756,0.037060381,0.039385682
Bexley 015,E02000079,8769,0.194434941,0.594594595,0.34094111,0.042417332,0.047769265
Bexley 016,E02000080,10067,0.172841959,0.555080958,0.315483552,0.035866865,0.046319921
Bexley 017,E02000081,8302,0.19501325,0.580342086,0.298473629,0.050565856,0.044875064
Bexley 018,E02000082,9334,0.166166702,0.556138847,0.291979614,0.03041988,0.036811064
Bexley 019,E02000083,11267,0.13135706,0.497825508,0.306878307,0.046592119,0.048978885
Bexley 020,E02000084,11114,0.18850099,0.588986863,0.33079422,0.035987404,0.04061724
Bexley 021,E02000085,7963,0.176189878,0.550043953,0.253565272,0.036050747,0.037685388
Bexley 022,E02000086,7177,0.197854257,0.612233524,0.277901213,0.03413207,0.032715376
Bexley 023,E02000087,8211,0.209353307,0.635123615,0.365962511,0.037519795,0.039066339
Bexley 024,E02000088,7751,0.191588182,0.615146433,0.297831633,0.039752194,0.029128673
Bexley 025,E02000089,7871,0.20378605,0.632575276,0.305052731,0.04078262,0.039231174
Bexley 026,E02000090,9636,0.195516812,0.594645081,0.349815043,0.051053232,0.047361861
Bexley 027,E02000091,10163,0.222572075,0.617534193,0.344106464,0.047323888,0.047599508
Bexley 028,E02000092,6753,0.170887013,0.504368429,0.26960136,0.070191026,0.067558747
Brent 001,E02000093,11876,0.140619737,0.484843382,0.373607278,0.037130589,0.0585726
Brent 002,E02000094,10458,0.118665137,0.44033276,0.397802457,0.041395793,0.065429501
Brent 003,E02000095,10459,0.150109953,0.489721771,0.382825227,0.035075982,0.062392344
Brent 004,E02000096,7631,0.212029878,0.604770017,0.490196078,0.038915094,0.047899385
Brent 005,E02000097,9532,0.137956358,0.44334872,0.354306343,0.043432648,0.062890373
Brent 006,E02000098,8742,0.163806909,0.443376802,0.421221865,0.051933196,0.066266567
Brent 007,E02000099,9555,0.104971219,0.383359498,0.40883172,0.033472803,0.060194998
Brent 008,E02000100,8318,0.182495792,0.547126713,0.498467967,0.033537685,0.057109283
Brent 009,E02000101,9937,0.132333702,0.41219684,0.386360771,0.050613806,0.079588643
Brent 010,E02000102,8325,0.106306306,0.32996997,0.271646586,0.044673952,0.077359618
Brent 011,E02000103,9975,0.118997494,0.367619048,0.365350318,0.046817043,0.093182824
Brent 012,E02000104,7506,0.152278177,0.46349587,0.389562719,0.055836887,0.064726679
Brent 013,E02000105,9843,0.111043381,0.447627756,0.390424042,0.042462414,0.06500956
Brent 014,E02000106,10352,0.115919629,0.372971406,0.318198329,0.050130397,0.10052687
Brent 015,E02000107,10939,0.106408264,0.473352226,0.434513958,0.043053016,0.068205484
Brent 016,E02000108,7257,0.119333058,0.453217583,0.382749787,0.03553719,0.063794068
Brent 018,E02000110,8175,0.134189602,0.5017737,0.48175506,0.047834598,0.080722892
Brent 019,E02000111,11286,0.11075669,0.517366649,0.331820697,0.040499823,0.066703216
Brent 020,E02000112,11749,0.105285556,0.514256532,0.336940837,0.03779045,0.073209465
Brent 021,E02000113,9630,0.105503634,0.318691589,0.282196205,0.064576412,0.13163482
Brent 022,E02000114,8993,0.097742689,0.474368954,0.444868421,0.039906625,0.070150754
Brent 023,E02000115,8623,0.118752174,0.495071321,0.544718793,0.047668754,0.071275685
Brent 024,E02000116,8547,0.083538084,0.416403416,0.333632959,0.052292934,0.093742083
Brent 025,E02000117,12733,0.096363779,0.337626639,0.312086777,0.062907406,0.111947146
Brent 026,E02000118,11294,0.10669382,0.523640871,0.280540541,0.033380556,0.062510793
Brent 027,E02000119,10624,0.082831325,0.357304217,0.376040137,0.054954362,0.098210481
Brent 028,E02000120,9014,0.096960284,0.544264477,0.556241787,0.042581504,0.073291453
Brent 029,E02000121,12239,0.096086282,0.543835281,0.317387772,0.032352941,0.065592635
Brent 030,E02000122,8176,0.141511742,0.546232877,0.529007177,0.045982634,0.072124304
Brent 031,E02000123,13582,0.094978648,0.394639965,0.354898508,0.049639122,0.093178037
Brent 032,E02000124,9953,0.112930775,0.540942429,0.585561168,0.03214788,0.059411337
Brent 033,E02000125,9938,0.119943651,0.521936003,0.505764225,0.045171026,0.065241228
Brent 034,E02000126,8193,0.089588673,0.363969242,0.418859316,0.057833089,0.108174858
Bromley 001,E02000127,9329,0.127559224,0.457069354,0.328808864,0.058092176,0.071174377
Bromley 002,E02000128,7791,0.170709793,0.577846233,0.394590164,0.039671331,0.047335748
Bromley 004,E02000130,8425,0.138753709,0.552522255,0.555278592,0.036909566,0.055895381
Bromley 005,E02000131,10486,0.067518596,0.496662216,0.576491025,0.034620887,0.061754815
Bromley 006,E02000132,9835,0.14956787,0.577427555,0.535918318,0.032133415,0.055584506
Bromley 007,E02000133,10753,0.205896029,0.682135218,0.526618374,0.029759137,0.03230682
Bromley 008,E02000134,11751,0.131733469,0.560462939,0.501324012,0.032425532,0.0556519
Bromley 009,E02000135,9870,0.10212766,0.44751773,0.391696977,0.068078209,0.076352275
Bromley 010,E02000136,5744,0.222841226,0.605501393,0.358599957,0.053419175,0.05905056
Bromley 011,E02000137,8397,0.199118733,0.607597952,0.506082368,0.032619048,0.041196778
Bromley 012,E02000138,8502,0.235944484,0.661020936,0.53503801,0.030819904,0.045565681
Bromley 013,E02000139,7714,0.119911849,0.603448276,0.524678286,0.036955394,0.040964419
Bromley 014,E02000140,8677,0.118704621,0.453843494,0.276233865,0.059792627,0.067382081
Bromley 015,E02000141,7233,0.11972902,0.540992672,0.4727897,0.038025442,0.064318904
Bromley 016,E02000142,8816,0.168216878,0.637704174,0.48694163,0.031079855,0.04159292
Bromley 018,E02000144,10062,0.135758299,0.585569469,0.551566741,0.026135347,0.045912061
Bromley 019,E02000145,8822,0.127975516,0.442870097,0.316664171,0.058803535,0.059011556
Bromley 020,E02000146,9702,0.148423006,0.591218306,0.459459459,0.036693465,0.04199773
Bromley 021,E02000147,8192,0.213134766,0.674072266,0.492612338,0.022466422,0.033402923
Bromley 022,E02000148,6723,0.222519708,0.656998364,0.461268257,0.030483271,0.040721169
Bromley 023,E02000149,8167,0.150850986,0.526631566,0.324,0.048248837,0.053168245
Bromley 024,E02000150,8519,0.168329616,0.640802911,0.416394901,0.03334899,0.049675023
Bromley 025,E02000151,7543,0.225109373,0.701047329,0.451457119,0.024920467,0.028019053
Bromley 026,E02000152,7960,0.138442211,0.507035176,0.347471452,0.052842977,0.0538521
Bromley 027,E02000153,8111,0.186660091,0.660337813,0.393635366,0.027637261,0.035919182
Bromley 028,E02000154,8528,0.193011257,0.643175422,0.454649663,0.034701055,0.044219254
Bromley 029,E02000155,7154,0.239027118,0.643276489,0.307383225,0.050733753,0.043799941
Bromley 030,E02000156,12294,0.23670083,0.676427526,0.397200437,0.034087211,0.035254237
Bromley 031,E02000157,8367,0.229233895,0.696784989,0.426326712,0.027601864,0.038200553
Bromley 032,E02000158,7792,0.201873717,0.597664271,0.368223383,0.044812532,0.057631954
Bromley 033,E02000159,7118,0.232509132,0.671536949,0.364052177,0.029498525,0.040745052
Bromley 034,E02000160,8107,0.210435426,0.648575305,0.378634833,0.031207598,0.045733265
Bromley 035,E02000161,8701,0.196414205,0.671417078,0.426857473,0.027350034,0.037508846
Bromley 036,E02000162,7125,0.243929825,0.660210526,0.340704907,0.045901179,0.050430504
Bromley 037,E02000163,7716,0.226412649,0.69219803,0.404319517,0.036158631,0.033128507
Bromley 039,E02000165,7171,0.184771998,0.583740064,0.267681134,0.030953709,0.034228541
Camden 001,E02000166,7743,0.184166344,0.624305825,0.594242842,0.062750161,0.069242739
Camden 002,E02000167,7201,0.183724483,0.714900708,0.752082639,0.026674076,0.038314176
Camden 003,E02000168,7814,0.1343742,0.667519836,0.641401178,0.049923195,0.05368679
Camden 004,E02000169,7176,0.157190635,0.646460424,0.701388889,0.022568961,0.040799562
Camden 005,E02000170,7916,0.122031329,0.628600303,0.667528124,0.037387899,0.045944164
Camden 006,E02000171,7390,0.143978349,0.662246279,0.654694798,0.046008119,0.055298417
Camden 007,E02000172,9998,0.107221444,0.51130226,0.446743389,0.076215243,0.089611245
Camden 008,E02000173,7492,0.122931127,0.655499199,0.735017817,0.031229147,0.04463864
Camden 009,E02000174,8085,0.109833024,0.595794682,0.552433072,0.059609201,0.066429419
Camden 010,E02000175,9083,0.091709788,0.591214356,0.665101523,0.041400573,0.051762115
Camden 011,E02000176,5914,0.126141359,0.67264119,0.748993559,0.033818059,0.036007939
Camden 012,E02000177,8495,0.122895821,0.537728075,0.495141529,0.060556079,0.078603657
Camden 013,E02000178,8905,0.094441325,0.53745087,0.559774041,0.060990677,0.066400798
Camden 014,E02000179,5749,0.137067316,0.577143851,0.621902139,0.039137241,0.058305085
Camden 015,E02000180,7879,0.099505013,0.554638914,0.555324829,0.051275543,0.078393881
Camden 016,E02000181,8076,0.099430411,0.609088658,0.731151373,0.030212977,0.045847577
Camden 017,E02000182,7117,0.117043698,0.57496136,0.624092637,0.040185471,0.056289489
Camden 018,E02000183,7591,0.158081939,0.608615466,0.627520943,0.049400606,0.053902873
Camden 019,E02000184,8907,0.079375772,0.508813293,0.47560031,0.058149978,0.096486888
Camden 020,E02000185,8883,0.125745807,0.463582123,0.457398486,0.067552353,0.093101785
Camden 021,E02000186,6224,0.102506427,0.562660668,0.561235748,0.042583963,0.06836799
Camden 022,E02000187,9784,0.086876533,0.457277187,0.41431969,0.067177914,0.108829021
Camden 023,E02000188,7178,0.089857899,0.475759264,0.384252234,0.060479376,0.11364446
Camden 026,E02000191,5340,0.082771536,0.673220974,0.485867834,0.037113402,0.052837573
Camden 027,E02000192,6658,0.114598979,0.570141184,0.518821889,0.069079441,0.085242896
Camden 028,E02000193,5958,0.124538436,0.669855656,0.583166697,0.054017782,0.068661972
Croydon 001,E02000194,9212,0.118215371,0.547980894,0.536415876,0.032678319,0.060867896
Croydon 002,E02000195,9646,0.162761767,0.489321999,0.455167959,0.041865285,0.06496228
Croydon 003,E02000196,7914,0.157821582,0.43555724,0.401759531,0.048016174,0.072778345
Croydon 004,E02000197,9025,0.137174515,0.435789474,0.412110443,0.04299169,0.070367979
Croydon 005,E02000198,8885,0.091502532,0.370624648,0.370491803,0.043766877,0.091946456
Croydon 006,E02000199,8413,0.112801617,0.391180316,0.409037037,0.033162962,0.073831565
Croydon 007,E02000200,9048,0.113395225,0.446286472,0.483743708,0.036910156,0.066072152
Croydon 008,E02000201,8696,0.094066237,0.353955842,0.407636739,0.046019328,0.088412592
Croydon 009,E02000202,8926,0.130293525,0.3951378,0.367898125,0.037966178,0.078672546
Croydon 010,E02000203,7965,0.115379787,0.363339611,0.362682772,0.053107345,0.07576933
Croydon 011,E02000204,9656,0.126864126,0.394262635,0.364687336,0.041947178,0.086994728
Croydon 013,E02000206,10817,0.097531663,0.329296478,0.373681687,0.050651631,0.092766427
Croydon 014,E02000207,8902,0.094473152,0.3922714,0.372383197,0.05347113,0.083549784
Croydon 015,E02000208,10863,0.072171592,0.337659947,0.376153562,0.050078247,0.084148329
Croydon 016,E02000209,9063,0.090367428,0.381551363,0.350992432,0.038601522,0.062150838
Croydon 017,E02000210,8712,0.102387511,0.431244261,0.411035874,0.03890738,0.054479677
Croydon 018,E02000211,8275,0.213776435,0.5718429,0.359015673,0.037838491,0.047369674
Croydon 019,E02000212,9459,0.082355429,0.354477217,0.32486464,0.047140894,0.085551763
Croydon 020,E02000213,12798,0.068526332,0.323331771,0.401253918,0.045475856,0.092630582
Croydon 021,E02000214,6236,0.183771648,0.55837075,0.435620208,0.03431687,0.05258216
Croydon 022,E02000215,11825,0.110359408,0.407526427,0.46018711,0.046769283,0.061916615
Croydon 023,E02000216,7159,0.176281604,0.527168599,0.565837537,0.040770734,0.058414465
Croydon 024,E02000217,11926,0.071859802,0.367180949,0.417051433,0.038406709,0.06496124
Croydon 025,E02000218,6669,0.153096416,0.448193132,0.336973479,0.042872133,0.081182065
Croydon 026,E02000219,7631,0.26628227,0.65312541,0.396896128,0.038012846,0.040129276
Croydon 028,E02000221,10858,0.111346473,0.40228403,0.377961235,0.047610277,0.080802292
Croydon 029,E02000222,8350,0.12502994,0.511017964,0.506018725,0.02994012,0.051408905
Croydon 030,E02000223,8532,0.089428036,0.321729958,0.253366584,0.063415778,0.096318115
Croydon 031,E02000224,8052,0.114008942,0.500869349,0.467842648,0.029926735,0.052408564
Croydon 032,E02000225,7498,0.140704188,0.429714591,0.24622512,0.058407788,0.067791762
Croydon 033,E02000226,7613,0.230132668,0.642190989,0.404742957,0.035733053,0.042646255
Croydon 034,E02000227,11684,0.179904142,0.526275248,0.325973333,0.044781231,0.051991897
Croydon 035,E02000228,7955,0.243997486,0.677309868,0.496247655,0.02702363,0.035628181
Croydon 036,E02000229,6235,0.130713713,0.408340016,0.242808799,0.072161642,0.072775264
Croydon 037,E02000230,10503,0.18147196,0.594306389,0.493992768,0.042948291,0.051106026
Croydon 038,E02000231,7928,0.2120333,0.668138244,0.525221645,0.032660782,0.039827499
Croydon 039,E02000232,6196,0.23402195,0.627017431,0.341617357,0.046958206,0.04261745
Croydon 040,E02000233,6361,0.157365194,0.557931143,0.428657194,0.048082967,0.041112828
Croydon 041,E02000234,9449,0.157053656,0.557095989,0.441644205,0.038416764,0.050983711
Croydon 042,E02000235,6886,0.194742957,0.620098751,0.437232525,0.038321963,0.038526912
Croydon 043,E02000236,9130,0.154326396,0.586089814,0.446817539,0.03100011,0.039371728
Croydon 044,E02000237,7601,0.235100645,0.644915143,0.347322012,0.042088649,0.043129665
Ealing 001,E02000238,10709,0.102063685,0.410028948,0.383042973,0.036331372,0.061752287
Ealing 002,E02000239,9043,0.151608979,0.489107597,0.40077821,0.034059494,0.053696996
Ealing 003,E02000240,11209,0.114996878,0.40280132,0.340393863,0.050673566,0.074461896
Ealing 004,E02000241,7395,0.118458418,0.42474645,0.376142132,0.034077079,0.072463768
Ealing 005,E02000242,6885,0.134640523,0.4583878,0.363346331,0.039064769,0.06916594
Ealing 006,E02000243,8721,0.14080954,0.43079922,0.366868062,0.046434304,0.065895954
Ealing 007,E02000244,7886,0.125665737,0.414785696,0.421860319,0.039041704,0.072438163
Ealing 008,E02000245,9309,0.086368031,0.373294661,0.325601498,0.050709067,0.073026801
Ealing 009,E02000246,9461,0.104111616,0.381777825,0.311188325,0.050311806,0.082162921
Ealing 010,E02000247,11157,0.118311374,0.398763108,0.337689372,0.052990227,0.083891296
Ealing 011,E02000248,7715,0.12896954,0.467919637,0.502198339,0.040689387,0.066042642
Ealing 012,E02000249,8379,0.136173768,0.431674424,0.361472833,0.048579613,0.069662921
Ealing 013,E02000250,6485,0.193369314,0.636854279,0.635002879,0.027147925,0.045357033
Ealing 014,E02000251,8315,0.139025857,0.468911606,0.337848006,0.043541015,0.066566567
Ealing 015,E02000252,12237,0.085233309,0.397074446,0.403173389,0.035299886,0.079202488
Ealing 016,E02000253,10343,0.134003674,0.406361791,0.355784765,0.056651199,0.087544326
Ealing 017,E02000254,9212,0.139491967,0.495332175,0.286362423,0.046041916,0.079467047
Ealing 018,E02000255,9864,0.142133009,0.539030819,0.530524178,0.040661124,0.073489724
Ealing 019,E02000256,9184,0.126851045,0.589939024,0.63877105,0.034411412,0.052572707
Ealing 021,E02000258,6905,0.110209993,0.486169442,0.516958425,0.033763223,0.069228596
Ealing 022,E02000259,6585,0.128473804,0.512224753,0.507847316,0.031287971,0.057267442
Ealing 023,E02000260,9839,0.143510519,0.488667548,0.271636456,0.052556674,0.100444225
Ealing 024,E02000261,12651,0.096593155,0.423760968,0.492963177,0.040151755,0.081364829
Ealing 025,E02000262,9345,0.099946495,0.500374532,0.520989604,0.04771074,0.066785573
Ealing 026,E02000263,13702,0.111954459,0.490804262,0.244376844,0.049463778,0.098455271
Ealing 027,E02000264,8493,0.140233133,0.590015307,0.616060398,0.037678088,0.066987649
Ealing 028,E02000265,11234,0.109400036,0.53551718,0.512109203,0.046728972,0.081861413
Ealing 029,E02000266,13114,0.10103706,0.408799756,0.341014717,0.056428245,0.092931034
Ealing 030,E02000267,8148,0.107388316,0.48760432,0.494548287,0.034723926,0.060293443
Ealing 031,E02000268,9249,0.148232241,0.57465672,0.578663931,0.038162162,0.060888536
Ealing 032,E02000269,8168,0.134304603,0.627693438,0.643312102,0.025345904,0.051701571
Ealing 033,E02000270,9602,0.080920642,0.486773589,0.52998713,0.047886737,0.069837675
Ealing 034,E02000271,6950,0.135395683,0.623597122,0.690438176,0.020719424,0.045854922
Ealing 035,E02000272,6712,0.172377831,0.6159118,0.563992537,0.038123604,0.048419832
Ealing 038,E02000275,8170,0.138555692,0.501591187,0.293857644,0.050801812,0.07929392
Ealing 039,E02000276,6765,0.113525499,0.555358463,0.606345693,0.026923077,0.053092647
Enfield 001,E02000277,7523,0.127608667,0.374052904,0.285439944,0.053030303,0.069993723
Enfield 002,E02000278,9430,0.111770944,0.372004242,0.266424378,0.067126193,0.083423619
Enfield 003,E02000279,12322,0.077097874,0.330303522,0.322875385,0.050332846,0.08090013
Enfield 004,E02000280,8635,0.168268674,0.54985524,0.376372811,0.052119527,0.051935326
Enfield 005,E02000281,9653,0.115715322,0.406712939,0.329402196,0.055411704,0.067058027
Enfield 006,E02000282,9950,0.088341709,0.323417085,0.258555664,0.063008743,0.102140341
Enfield 007,E02000283,8543,0.111553319,0.384642397,0.278436201,0.052243177,0.086319218
Enfield 008,E02000284,8738,0.149233234,0.537537194,0.436542353,0.040613202,0.051504102
Enfield 009,E02000285,6643,0.187716393,0.609664308,0.385746185,0.033413606,0.04030303
Enfield 010,E02000286,8686,0.208381303,0.5886484,0.458993213,0.035907469,0.041124535
Enfield 011,E02000287,7358,0.227507475,0.606550693,0.47300216,0.046091094,0.042450142
Enfield 012,E02000288,12786,0.090411387,0.327858595,0.288680438,0.055068836,0.079246763
Enfield 013,E02000289,6778,0.201239304,0.605635881,0.444505394,0.03499188,0.047387606
Enfield 014,E02000290,6685,0.084367988,0.329244577,0.301400906,0.057301017,0.09330855
Enfield 015,E02000291,10159,0.145289891,0.448272468,0.408328154,0.048907695,0.072361601
Enfield 016,E02000292,9837,0.129104402,0.446172614,0.36949954,0.043106954,0.061621622
Enfield 017,E02000293,6396,0.229362101,0.647904941,0.467253926,0.033296858,0.042885638
Enfield 018,E02000294,9370,0.130629669,0.364461046,0.270375522,0.056142598,0.087886598
Enfield 019,E02000295,8691,0.163272351,0.500632839,0.460176991,0.037629459,0.054434994
Enfield 020,E02000296,10342,0.153742023,0.468187971,0.428692391,0.045445755,0.065322581
Enfield 021,E02000297,9396,0.211153682,0.590570456,0.396973225,0.040646946,0.0495671
Enfield 022,E02000298,8254,0.190816574,0.622607221,0.514901902,0.029322671,0.041928721
Enfield 023,E02000299,9494,0.112386771,0.357910259,0.281333147,0.057181971,0.087248322
Enfield 024,E02000300,8853,0.111600587,0.338416356,0.280373832,0.04968383,0.074822501
Enfield 025,E02000301,10222,0.103208765,0.334963804,0.271706877,0.058224875,0.089552239
Enfield 026,E02000302,8669,0.167839428,0.478140501,0.381578947,0.044888068,0.06226145
Enfield 027,E02000303,8369,0.111602342,0.364679173,0.284919654,0.065136847,0.085518474
Enfield 028,E02000304,8038,0.207514307,0.599776064,0.528998779,0.031215023,0.050711966
Enfield 029,E02000305,8874,0.142100518,0.534595447,0.491451238,0.034929577,0.059273028
Enfield 030,E02000306,9133,0.095915909,0.330559509,0.272036252,0.070615284,0.106005075
Enfield 031,E02000307,10112,0.129647943,0.375791139,0.310741688,0.043413766,0.06637931
Enfield 032,E02000308,8760,0.121461187,0.46826484,0.431611805,0.045547945,0.06075497
Enfield 033,E02000309,11793,0.092342915,0.304841855,0.291804024,0.050110226,0.086077996
Enfield 035,E02000311,10544,0.131544006,0.401365706,0.337328164,0.050170713,0.101491951
Enfield 036,E02000312,11302,0.130684835,0.460449478,0.46474187,0.04007431,0.068526676
Greenwich 001,E02000313,6491,0.089970729,0.359266677,0.358215094,0.053937433,0.103227976
Greenwich 002,E02000314,14104,0.04963131,0.3484827,0.405334335,0.040765686,0.111661762
Greenwich 003,E02000315,9871,0.089453956,0.358524972,0.362289008,0.054002026,0.079843534
Greenwich 005,E02000317,7559,0.091811086,0.461304405,0.381880932,0.060986903,0.097157773
Greenwich 006,E02000318,11064,0.107465654,0.399493854,0.331077982,0.051518438,0.084679007
Greenwich 007,E02000319,10617,0.080437035,0.391730244,0.401752491,0.044735355,0.087803973
Greenwich 008,E02000320,7040,0.105681818,0.414914773,0.379492793,0.043459736,0.085440279
Greenwich 009,E02000321,7721,0.096101541,0.383888097,0.363530002,0.063722316,0.101163105
Greenwich 011,E02000323,12860,0.075505443,0.364152411,0.422088353,0.03748056,0.085029753
Greenwich 012,E02000324,7867,0.1131308,0.438413627,0.402711975,0.05922725,0.082561308
Greenwich 014,E02000326,7795,0.099807569,0.504169339,0.552262588,0.037312476,0.051820415
Greenwich 015,E02000327,6625,0.070037736,0.407698113,0.415156828,0.049954724,0.102501525
Greenwich 016,E02000328,6511,0.142681616,0.621102749,0.622338439,0.043918919,0.046175243
Greenwich 017,E02000329,6334,0.151405115,0.483107041,0.360437376,0.054958939,0.06300747
Greenwich 019,E02000331,8234,0.103473403,0.459315035,0.413734568,0.057309373,0.078876017
Greenwich 020,E02000332,7453,0.141553737,0.499127868,0.456723469,0.041196994,0.059736842
Greenwich 021,E02000333,6240,0.15849359,0.61650641,0.644166992,0.042934957,0.046532046
Greenwich 022,E02000334,6637,0.137562152,0.509567576,0.408604171,0.053020033,0.066165414
Greenwich 023,E02000335,6677,0.169537217,0.595626778,0.399432356,0.036698622,0.050452027
Greenwich 025,E02000337,8470,0.130224321,0.477213695,0.330022573,0.064447592,0.074660074
Greenwich 027,E02000339,6290,0.193958665,0.608108108,0.457210309,0.04434907,0.053658537
Greenwich 028,E02000340,6874,0.195373873,0.552807681,0.395506419,0.04516317,0.056598325
Greenwich 029,E02000341,7998,0.118029507,0.425731433,0.305642893,0.068918074,0.075110865
Greenwich 030,E02000342,6350,0.119055118,0.462047244,0.337054446,0.051993068,0.065433368
Greenwich 031,E02000343,7048,0.156498297,0.478575482,0.34700428,0.06286363,0.067736185
Greenwich 032,E02000344,6429,0.178876964,0.586560896,0.360595514,0.041524106,0.052910053
Hackney 001,E02000345,8206,0.086643919,0.218133073,0.26971109,0.034638371,0.057447439
Hackney 002,E02000346,9398,0.072887848,0.433922111,0.504390633,0.051707628,0.08662394
Hackney 003,E02000347,8153,0.083404882,0.273886913,0.345385174,0.035447075,0.061976048
Hackney 004,E02000348,8106,0.077843573,0.252652356,0.293758103,0.049592894,0.084959094
Hackney 006,E02000350,10241,0.069524461,0.41040914,0.537449268,0.038179865,0.064685315
Hackney 007,E02000351,9284,0.074859974,0.554071521,0.635264484,0.045875512,0.053574565
Hackney 008,E02000352,6746,0.10391343,0.492291728,0.533346,0.050822344,0.057278569
Hackney 009,E02000353,7764,0.094281298,0.584621329,0.630035499,0.040974101,0.055543687
Hackney 010,E02000354,9609,0.081382038,0.464564471,0.508931918,0.059839734,0.074966275
Hackney 011,E02000355,8194,0.098120576,0.548450085,0.568124908,0.052477423,0.069870845
Hackney 012,E02000356,7034,0.084162639,0.614301962,0.661926528,0.038100654,0.046321526
Hackney 013,E02000357,6847,0.11275011,0.352855265,0.389858841,0.069393718,0.096373734
Hackney 014,E02000358,11088,0.077561328,0.523088023,0.580754918,0.04761046,0.072603774
Hackney 015,E02000359,6698,0.08599582,0.469095252,0.551967335,0.05062724,0.070382883
Hackney 016,E02000360,11513,0.078954226,0.440632329,0.462623413,0.061327311,0.085945574
Hackney 017,E02000361,8057,0.064540151,0.537917339,0.588123999,0.04479464,0.067667668
Hackney 018,E02000362,6963,0.079132558,0.517449375,0.482545142,0.056744721,0.08841383
Hackney 019,E02000363,11882,0.07448241,0.410368625,0.421834061,0.062026595,0.102122987
Hackney 020,E02000364,9219,0.104892071,0.571862458,0.593320488,0.052625868,0.069823139
Hackney 022,E02000366,8325,0.104504505,0.502462462,0.481621937,0.066042267,0.08646268
Hackney 023,E02000367,10417,0.062206009,0.595852933,0.620406787,0.039827255,0.059356593
Hackney 024,E02000368,9922,0.091916952,0.469663374,0.479344903,0.072465229,0.08749757
Hackney 025,E02000369,13457,0.068068663,0.507096678,0.56932101,0.050980975,0.062309257
Hackney 026,E02000370,8862,0.061047168,0.493455202,0.544600939,0.052245543,0.067888799
Hammersmith and Fulham 001,E02000372,9983,0.089552239,0.492937995,0.46187287,0.057174327,0.089263677
Hammersmith and Fulham 002,E02000373,7031,0.087612004,0.335371924,0.356645917,0.054307649,0.10592
Hammersmith and Fulham 003,E02000374,6911,0.101287802,0.468528433,0.499644508,0.046895354,0.073893042
Hammersmith and Fulham 004,E02000375,7482,0.085404972,0.472199947,0.537533725,0.051035404,0.076679649
Hammersmith and Fulham 005,E02000376,6702,0.085646076,0.530737093,0.548447951,0.050447761,0.073920468
Hammersmith and Fulham 006,E02000377,7793,0.097138458,0.523418452,0.53068976,0.0466966,0.074509804
Hammersmith and Fulham 007,E02000378,6431,0.095786036,0.562742964,0.600250851,0.041964563,0.069469367
Hammersmith and Fulham 008,E02000379,7386,0.125643109,0.558218251,0.601709115,0.042907417,0.062309257
Hammersmith and Fulham 009,E02000380,5510,0.120508167,0.583484574,0.620485883,0.034132171,0.057397959
Hammersmith and Fulham 010,E02000381,7632,0.107049266,0.571016771,0.635297845,0.040781537,0.058590103
Hammersmith and Fulham 011,E02000382,6189,0.114073356,0.596380675,0.631628968,0.034889356,0.060174419
Hammersmith and Fulham 012,E02000383,8464,0.132797732,0.592273157,0.603665825,0.043134011,0.072222222
Hammersmith and Fulham 013,E02000384,8266,0.104282603,0.536172272,0.528941836,0.052618846,0.06962167
Hammersmith and Fulham 014,E02000385,5617,0.081360157,0.598540146,0.664444009,0.028317008,0.05107084
Hammersmith and Fulham 015,E02000386,7581,0.103944071,0.501121224,0.47416602,0.049591137,0.087846269
Hammersmith and Fulham 016,E02000387,6028,0.101028534,0.569343066,0.522430982,0.046307054,0.069802731
Hammersmith and Fulham 017,E02000388,8657,0.106272381,0.56867275,0.609405875,0.042393439,0.0505345
Hammersmith and Fulham 018,E02000389,8646,0.124334953,0.633009484,0.623188406,0.028687102,0.046779945
Hammersmith and Fulham 019,E02000390,6193,0.095591797,0.574196674,0.589224953,0.036803874,0.056733682
Hammersmith and Fulham 020,E02000391,7586,0.115212233,0.582652254,0.638644718,0.03599209,0.052756654
Hammersmith and Fulham 021,E02000392,9228,0.085283919,0.586150845,0.626365055,0.032072814,0.058080332
Hammersmith and Fulham 022,E02000393,5975,0.095230126,0.610543933,0.682511031,0.023255814,0.040593505
Hammersmith and Fulham 023,E02000394,9283,0.085748142,0.511580308,0.611111111,0.0375,0.068441778
Hammersmith and Fulham 024,E02000395,5678,0.158506516,0.668016907,0.681296144,0.024471831,0.036796537
Hammersmith and Fulham 025,E02000396,6897,0.105118167,0.542844715,0.569654921,0.033632937,0.058710033
Haringey 001,E02000397,7908,0.101036925,0.438290339,0.448096621,0.050841027,0.081124314
Haringey 002,E02000398,7519,0.09442745,0.308950658,0.293333333,0.065176909,0.124004899
Haringey 004,E02000400,7989,0.116535236,0.48666917,0.485368156,0.045818728,0.074137509
Haringey 005,E02000401,6860,0.102915452,0.3696793,0.319365193,0.073135198,0.103746398
Haringey 006,E02000402,6471,0.104002473,0.364549529,0.315100154,0.069066749,0.099423142
Haringey 007,E02000403,7510,0.094806924,0.430625832,0.451592152,0.047517636,0.074047274
Haringey 008,E02000404,7112,0.110658043,0.393138358,0.348584986,0.059625932,0.089137289
Haringey 009,E02000405,6475,0.134517375,0.623474903,0.66278603,0.028730306,0.044208665
Haringey 010,E02000406,6736,0.095754157,0.424287411,0.382378548,0.065172209,0.098289438
Haringey 011,E02000407,7604,0.089163598,0.365465544,0.342190538,0.051282051,0.092200413
Haringey 012,E02000408,8253,0.097661456,0.323155216,0.338789376,0.065196316,0.085340314
Haringey 013,E02000409,6062,0.119432531,0.432035632,0.390861931,0.055280528,0.090541905
Haringey 014,E02000410,6418,0.132595824,0.660330321,0.653194765,0.026488002,0.052974504
Haringey 015,E02000411,11429,0.067809957,0.382710648,0.418845374,0.046027301,0.076730906
Haringey 016,E02000412,7326,0.092547093,0.460824461,0.411867365,0.064864127,0.083120205
Haringey 017,E02000413,7758,0.13070379,0.612013406,0.627649007,0.032332861,0.050916497
Haringey 018,E02000414,7084,0.099096556,0.437747036,0.419917864,0.04392035,0.075418275
Haringey 019,E02000415,7242,0.102457885,0.461474731,0.465886618,0.049848108,0.079614604
Haringey 020,E02000416,8453,0.097835088,0.546788123,0.564290755,0.050508635,0.061783961
Haringey 021,E02000417,6559,0.167098643,0.669919195,0.679470686,0.033557047,0.053191489
Haringey 022,E02000418,5428,0.178150332,0.706705969,0.68128655,0.036641502,0.043150685
Haringey 023,E02000419,8734,0.085642317,0.505381269,0.531811428,0.043956044,0.076893795
Haringey 024,E02000420,7991,0.110999875,0.479038919,0.438508214,0.058720421,0.085441633
Haringey 025,E02000421,8512,0.082236842,0.37406015,0.383832674,0.067442134,0.102546134
Haringey 026,E02000422,7459,0.09491889,0.419359163,0.39637994,0.061946903,0.086156308
Haringey 027,E02000423,6907,0.085565368,0.505574055,0.488153252,0.044882004,0.073022804
Haringey 028,E02000424,6754,0.108972461,0.611341427,0.629112133,0.045010364,0.059319931
Haringey 029,E02000425,8167,0.067711522,0.211828089,0.269937451,0.031697467,0.067257719
Haringey 030,E02000426,6492,0.168515096,0.670055453,0.66259628,0.03743645,0.056350365
Haringey 031,E02000427,6622,0.088794926,0.573542736,0.570340889,0.036539333,0.067963497
Haringey 032,E02000428,8430,0.073546856,0.370344009,0.421352417,0.053236898,0.096162329
Haringey 033,E02000429,6796,0.148028252,0.672454385,0.711565836,0.032680701,0.042639594
Haringey 034,E02000430,6921,0.108799306,0.662187545,0.696002745,0.027448714,0.044484793
Haringey 035,E02000431,5849,0.124465721,0.710548812,0.747295969,0.026162791,0.045587843
Haringey 036,E02000432,6119,0.10083347,0.607452198,0.638560989,0.049844746,0.059932834
Harrow 001,E02000433,8599,0.256425166,0.619025468,0.481409274,0.051627907,0.048156509
Harrow 002,E02000434,9845,0.179786694,0.561909599,0.512273344,0.042343623,0.052537313
Harrow 003,E02000435,8190,0.187301587,0.497191697,0.419163498,0.046392382,0.064116379
Harrow 004,E02000436,5756,0.25694927,0.687456567,0.549885916,0.029871483,0.043248945
Harrow 005,E02000437,8761,0.188448807,0.53441388,0.401896942,0.051826484,0.055216223
Harrow 006,E02000438,8548,0.175479644,0.523514272,0.434010152,0.046337468,0.056826948
Harrow 007,E02000439,9268,0.126456625,0.442490289,0.378249626,0.04144183,0.05423954
Harrow 008,E02000440,9604,0.172844648,0.575489379,0.462448025,0.032066632,0.047317969
Harrow 009,E02000441,7482,0.184709971,0.573643411,0.498245028,0.037695495,0.055269187
Harrow 010,E02000442,9583,0.11395179,0.439945737,0.333809586,0.034846114,0.060723778
Harrow 011,E02000443,10748,0.119278005,0.425009304,0.369946333,0.050711827,0.067970956
Harrow 012,E02000444,8717,0.156131697,0.519559481,0.402779789,0.034079174,0.051626591
Harrow 013,E02000445,11772,0.119860686,0.427794767,0.368087432,0.045188142,0.062137681
Harrow 015,E02000447,8192,0.151367188,0.557128906,0.521920346,0.033199072,0.05080278
Harrow 016,E02000448,7069,0.214174565,0.637713962,0.593091231,0.031683168,0.046991919
Harrow 017,E02000449,8297,0.146800048,0.512474388,0.338669408,0.041345227,0.049926936
Harrow 019,E02000451,6709,0.191235654,0.639588612,0.541172175,0.026833631,0.042413381
Harrow 020,E02000452,9503,0.092076186,0.458697253,0.467861886,0.038623448,0.062422489
Harrow 021,E02000453,8384,0.125715649,0.505844466,0.507917538,0.037324112,0.05498517
Harrow 022,E02000454,7340,0.183242507,0.62493188,0.572774869,0.027660444,0.036955323
Harrow 023,E02000455,11669,0.105835976,0.504756192,0.573184827,0.034116235,0.065043255
Harrow 024,E02000456,7824,0.13049591,0.498210634,0.472886388,0.037709319,0.068613139
Harrow 025,E02000457,7060,0.171104816,0.593767705,0.50623053,0.035982434,0.055508355
Harrow 027,E02000459,9323,0.117344203,0.45736351,0.429466231,0.038494531,0.072925764
Harrow 028,E02000460,7309,0.103297305,0.462717198,0.42653277,0.045000684,0.075007157
Harrow 029,E02000461,7290,0.125514403,0.485871056,0.505073087,0.030041152,0.066327971
Harrow 030,E02000462,6985,0.14015748,0.508088762,0.385337347,0.041821828,0.067355982
Harrow 031,E02000463,8706,0.135653572,0.469561222,0.347989044,0.043528196,0.074761788
Havering 001,E02000464,7754,0.157596079,0.438483363,0.261170651,0.061871616,0.061045716
Havering 002,E02000465,9346,0.107318639,0.407661031,0.284108473,0.052321849,0.069631236
Havering 003,E02000466,9069,0.167934723,0.466754879,0.249333894,0.054918394,0.068444654
Havering 004,E02000467,11457,0.097320415,0.358558087,0.260167464,0.062756393,0.069139286
Havering 005,E02000468,8648,0.171022202,0.479301573,0.242361927,0.049710983,0.057903738
Havering 006,E02000469,7281,0.148743304,0.419035847,0.273540995,0.054907344,0.059934073
Havering 007,E02000470,9779,0.186931179,0.557214439,0.346421471,0.039566506,0.039532619
Havering 008,E02000471,7822,0.23958067,0.593837893,0.274857407,0.041299067,0.037579957
Havering 009,E02000472,9471,0.184141062,0.49614613,0.281770145,0.042225272,0.050919983
Havering 010,E02000473,10493,0.170494615,0.535023349,0.312052506,0.035261603,0.045842613
Havering 011,E02000474,9185,0.153728906,0.452150245,0.291903902,0.048018293,0.057743957
Havering 012,E02000475,9614,0.21271063,0.585500312,0.348728331,0.038597586,0.042385207
Havering 013,E02000476,9364,0.129004699,0.45012815,0.383637808,0.044109794,0.061861984
Havering 014,E02000477,9535,0.203356057,0.608075511,0.314314695,0.034819088,0.044281942
Havering 015,E02000478,5990,0.277796327,0.684307179,0.355599214,0.037735849,0.038146168
Havering 016,E02000479,9450,0.117248677,0.464550265,0.344395575,0.044660811,0.048616762
Havering 017,E02000480,13842,0.11017194,0.407166594,0.35587792,0.043201849,0.067407516
Havering 018,E02000481,8233,0.222154743,0.63269768,0.265134445,0.047000243,0.039020658
Havering 019,E02000482,6590,0.249772382,0.694688923,0.333210059,0.032179721,0.033733377
Havering 020,E02000483,8002,0.214946263,0.577230692,0.273151634,0.045494313,0.050560399
Havering 021,E02000484,8492,0.184055582,0.570654734,0.271273558,0.041568535,0.044789762
Havering 022,E02000485,8472,0.188385269,0.578493862,0.305591866,0.038692934,0.03968073
Havering 023,E02000486,7355,0.216859279,0.602991162,0.266212711,0.040244731,0.047068316
Havering 024,E02000487,7913,0.262100341,0.722861115,0.309184601,0.033236446,0.024310298
Havering 025,E02000488,7581,0.23690806,0.652156708,0.260835303,0.034833091,0.037200832
Havering 026,E02000489,8635,0.171627099,0.5193978,0.288189894,0.042848871,0.053336466
Havering 027,E02000490,8468,0.178436467,0.486773736,0.248930205,0.046404534,0.058581457
Havering 028,E02000491,10640,0.128759398,0.415883459,0.282337253,0.04727888,0.07201889
Havering 029,E02000492,6827,0.220155266,0.545627655,0.23374778,0.044363104,0.048891588
Havering 030,E02000493,6735,0.128285078,0.413066073,0.27435848,0.044233338,0.067322472
Hillingdon 001,E02000494,7959,0.249780123,0.672697575,0.570930056,0.044620412,0.041754202
Hillingdon 002,E02000495,10415,0.186365819,0.564570331,0.484913536,0.038967271,0.049432583
Hillingdon 003,E02000496,7799,0.188101039,0.600974484,0.316572682,0.045378798,0.049364248
Hillingdon 004,E02000497,9521,0.176872177,0.576620103,0.440704707,0.045163323,0.049905243
Hillingdon 005,E02000498,6375,0.215843137,0.624,0.393202008,0.040928336,0.044761596
Hillingdon 006,E02000499,7729,0.221762194,0.678483633,0.453831658,0.035071826,0.044905462
Hillingdon 007,E02000500,8278,0.217564629,0.662720464,0.466175195,0.029717323,0.048172355
Hillingdon 008,E02000501,8473,0.17656084,0.619969314,0.429137906,0.032566372,0.044027997
Hillingdon 009,E02000502,8928,0.151433692,0.540098566,0.42765685,0.031022511,0.042109741
Hillingdon 010,E02000503,8688,0.140653775,0.57861418,0.396031061,0.02946593,0.045206056
Hillingdon 011,E02000504,7641,0.204423505,0.653055883,0.458062419,0.029700379,0.035593661
Hillingdon 013,E02000506,7960,0.219095477,0.657537688,0.46899696,0.033161663,0.037559869
Hillingdon 014,E02000507,8241,0.130930712,0.531367552,0.361861627,0.036273202,0.05615811
Hillingdon 015,E02000508,11948,0.086206897,0.461248745,0.445588985,0.030632742,0.060595065
Hillingdon 016,E02000509,10552,0.087661107,0.387699014,0.374872896,0.037233539,0.068806224
Hillingdon 017,E02000510,9113,0.152309887,0.532865138,0.366780588,0.044103127,0.060612789
Hillingdon 018,E02000511,9930,0.132124874,0.495266868,0.307652865,0.037861243,0.057243232
Hillingdon 019,E02000512,8823,0.112546753,0.434886093,0.311371974,0.048622917,0.076079005
Hillingdon 020,E02000513,9758,0.082188973,0.381738061,0.292380554,0.04375,0.091554294
Hillingdon 021,E02000514,10675,0.110257611,0.457704918,0.303413094,0.037286865,0.079640468
Hillingdon 022,E02000515,13290,0.091121144,0.427012792,0.3717629,0.041895449,0.067858225
Hillingdon 023,E02000516,8648,0.103376503,0.434782609,0.319367825,0.040943789,0.082344214
Hillingdon 024,E02000517,10468,0.110049675,0.425487199,0.309502832,0.052153978,0.07206823
Hillingdon 025,E02000518,9632,0.117732558,0.447259136,0.287535603,0.047342193,0.069051392
Hillingdon 026,E02000519,9555,0.119937206,0.418001047,0.289577927,0.055369479,0.080277502
Hillingdon 027,E02000520,14062,0.0912388,0.437633338,0.32471504,0.038828047,0.088792971
Hillingdon 028,E02000521,13190,0.078695982,0.419408643,0.36926902,0.043666136,0.080996885
Hillingdon 029,E02000522,9578,0.118500731,0.473898517,0.34969574,0.043546366,0.074415612
Hillingdon 030,E02000523,11370,0.095162709,0.462005277,0.348942765,0.034130894,0.085256297
Hillingdon 031,E02000524,7533,0.112836851,0.468073809,0.320191356,0.038752488,0.085175879
Hillingdon 032,E02000525,10061,0.090050691,0.433058344,0.298844606,0.038859074,0.099205541
Hounslow 001,E02000526,8640,0.141550926,0.643287037,0.647575251,0.028468927,0.040285355
Hounslow 004,E02000529,9715,0.114359238,0.453010808,0.352263701,0.044462742,0.084220059
Hounslow 005,E02000530,8118,0.08844543,0.366469574,0.276838966,0.048786497,0.093604651
Hounslow 006,E02000531,11583,0.118794785,0.521885522,0.498885232,0.042994043,0.055909525
Hounslow 007,E02000532,8977,0.163974602,0.624039211,0.594620557,0.038770053,0.055242634
Hounslow 008,E02000533,8402,0.152582718,0.61747203,0.61593025,0.035336109,0.04922049
Hounslow 009,E02000534,8559,0.137399229,0.509288468,0.519527309,0.03026408,0.06092483
Hounslow 010,E02000535,10049,0.150661757,0.478356055,0.362134845,0.047950657,0.08328049
Hounslow 011,E02000536,10843,0.127732177,0.461680347,0.378735632,0.044364508,0.072307993
Hounslow 012,E02000537,9846,0.135588056,0.494617103,0.487220447,0.032706958,0.062649641
Hounslow 013,E02000538,10105,0.110539337,0.445126175,0.305120039,0.037982196,0.088680749
Hounslow 014,E02000539,12223,0.095884807,0.491859609,0.47472436,0.042457461,0.062184874
Hounslow 015,E02000540,12119,0.100255797,0.487994059,0.448043753,0.036380135,0.071508919
Hounslow 016,E02000541,10621,0.122210715,0.454382826,0.331874113,0.046618949,0.094788594
Hounslow 017,E02000542,12305,0.104916701,0.454530679,0.377258014,0.043644343,0.090646749
Hounslow 018,E02000543,14000,0.078928571,0.459714286,0.433932832,0.034497536,0.07998889
Hounslow 019,E02000544,8559,0.155158313,0.540016357,0.415917843,0.03657824,0.054274084
Hounslow 020,E02000545,9237,0.122875392,0.490635488,0.437246397,0.05044928,0.063662856
Hounslow 021,E02000546,10427,0.109715163,0.436367124,0.358993157,0.043549161,0.073485001
Hounslow 022,E02000547,11001,0.131715299,0.462230706,0.306375101,0.044557607,0.069160998
Hounslow 023,E02000548,10577,0.10333743,0.424978727,0.29028684,0.045574887,0.071345029
Hounslow 024,E02000549,12536,0.128828973,0.511805999,0.3256182,0.040446749,0.069470699
Hounslow 025,E02000550,10714,0.078775434,0.446238566,0.352576568,0.039115011,0.075375046
Hounslow 026,E02000551,9752,0.103876128,0.419196062,0.283156052,0.054347826,0.080359098
Hounslow 027,E02000552,9260,0.094060475,0.444816415,0.335790791,0.033804947,0.065833333
Hounslow 028,E02000553,7118,0.138241079,0.48342231,0.321907871,0.044975404,0.067555813
Islington 001,E02000554,9356,0.093950406,0.469538264,0.487951807,0.074283882,0.077903091
Islington 002,E02000555,9572,0.11324697,0.534371082,0.555346386,0.054632821,0.074536585
Islington 003,E02000556,11392,0.083655197,0.515625,0.588024931,0.052299052,0.064718163
Islington 004,E02000557,8783,0.107252647,0.529318001,0.558728882,0.057497438,0.066383323
Islington 005,E02000558,9432,0.089800679,0.39821883,0.429997373,0.076139979,0.114161519
Islington 006,E02000559,9582,0.08140263,0.538300981,0.65561996,0.039240242,0.049547983
Islington 007,E02000560,7356,0.078575313,0.555057096,0.593193881,0.045003399,0.068771139
Islington 008,E02000561,7389,0.123156043,0.624983083,0.664068713,0.046162177,0.051118963
Islington 009,E02000562,7863,0.108101234,0.574208317,0.591114458,0.051493961,0.064130916
Islington 010,E02000563,8683,0.097546931,0.490959346,0.480033163,0.068639871,0.088001814
Islington 011,E02000564,12420,0.064975845,0.530032206,0.630177515,0.041626409,0.05975465
Islington 012,E02000565,8541,0.077859735,0.473363775,0.547127406,0.053851557,0.091391009
Islington 013,E02000566,8554,0.103226561,0.610942249,0.669982042,0.045576721,0.046688806
Islington 014,E02000567,10439,0.093303956,0.566816745,0.588360143,0.064463602,0.060074086
Islington 015,E02000568,11339,0.084046212,0.459476144,0.456803005,0.064009875,0.094811838
Islington 016,E02000569,9939,0.109165912,0.578025958,0.5621812,0.060167019,0.066729679
Islington 017,E02000570,8286,0.114168477,0.656046343,0.678456592,0.038619358,0.055087238
Islington 018,E02000571,8927,0.092976364,0.520891677,0.543116087,0.058394979,0.064443535
Islington 019,E02000572,8603,0.099616413,0.464024178,0.428371572,0.066728668,0.100568322
Islington 020,E02000573,10313,0.097740716,0.622515272,0.658876952,0.047411286,0.045895281
Islington 021,E02000574,7832,0.103038815,0.601506639,0.568418055,0.061151538,0.066522574
Islington 022,E02000575,11312,0.080622348,0.5781471,0.573539832,0.049058605,0.06723116
Islington 023,E02000576,10672,0.086675412,0.504685157,0.514368456,0.058470765,0.08178984
Kensington and Chelsea 001,E02000577,7710,0.121400778,0.408690013,0.41095057,0.07223447,0.110864745
Kensington and Chelsea 002,E02000578,6014,0.135350848,0.398736282,0.352677662,0.081112592,0.103572862
Kensington and Chelsea 003,E02000579,8993,0.137440231,0.455131769,0.520443613,0.052930057,0.07299112
Kensington and Chelsea 004,E02000580,7897,0.143852096,0.483348107,0.501295337,0.077517416,0.093204775
Kensington and Chelsea 005,E02000581,7392,0.14840368,0.401650433,0.392874573,0.087121212,0.129623968
Kensington and Chelsea 006,E02000582,6539,0.148340725,0.638018046,0.68814388,0.036221917,0.053055556
Kensington and Chelsea 007,E02000583,6429,0.143568207,0.599160056,0.673362287,0.030637636,0.050914205
Kensington and Chelsea 008,E02000584,7171,0.151722214,0.609120067,0.713,0.023832753,0.061084781
Kensington and Chelsea 009,E02000585,8088,0.129451039,0.542532146,0.638450075,0.035855589,0.073033708
Kensington and Chelsea 010,E02000586,6474,0.12480692,0.576459685,0.675699928,0.014671815,0.038931789
Kensington and Chelsea 011,E02000587,6493,0.151085785,0.630679193,0.705162799,0.022475369,0.047945205
Kensington and Chelsea 012,E02000588,5983,0.143239178,0.598362026,0.66532103,0.016212602,0.037429612
Kensington and Chelsea 013,E02000589,7247,0.096039741,0.577480337,0.648136646,0.027314112,0.060888062
Kensington and Chelsea 014,E02000590,5970,0.167839196,0.569514238,0.56782093,0.052561098,0.077679783
Kensington and Chelsea 015,E02000591,6210,0.124959742,0.583091787,0.599963283,0.052318094,0.070153061
Kensington and Chelsea 016,E02000592,5764,0.122137405,0.643823734,0.723223325,0.017346054,0.043422322
Kensington and Chelsea 017,E02000593,7396,0.110600324,0.57220119,0.638502012,0.03638577,0.054194893
Kensington and Chelsea 018,E02000594,6483,0.255283048,0.629338269,0.640998959,0.040419624,0.043633126
Kensington and Chelsea 019,E02000595,6163,0.182216453,0.64319325,0.635847986,0.040395847,0.05156658
Kensington and Chelsea 020,E02000596,6616,0.133917775,0.597944377,0.646551724,0.034753702,0.05334785
Kensington and Chelsea 021,E02000597,6336,0.164772727,0.542929293,0.50690814,0.073840328,0.089078498
Kingston upon Thames 001,E02000598,8093,0.159644137,0.641047819,0.587921847,0.025701223,0.044450089
Kingston upon Thames 002,E02000599,7009,0.218005422,0.646597232,0.595678479,0.037243151,0.045216252
Kingston upon Thames 003,E02000600,8360,0.131100478,0.588277512,0.61050863,0.029907884,0.039896128
Kingston upon Thames 004,E02000601,11906,0.103477238,0.583487317,0.641384549,0.027889785,0.051426729
Kingston upon Thames 005,E02000602,10309,0.1000097,0.500242507,0.488144205,0.037816348,0.065101387
Kingston upon Thames 006,E02000603,8640,0.116666667,0.55162037,0.437363278,0.041570171,0.068670577
Kingston upon Thames 007,E02000604,9245,0.139426717,0.607138994,0.556287754,0.032673374,0.048329481
Kingston upon Thames 008,E02000605,8488,0.167884072,0.629123468,0.533639597,0.034994698,0.046076314
Kingston upon Thames 009,E02000606,10558,0.112710741,0.599450654,0.616522406,0.028122337,0.04056902
Kingston upon Thames 010,E02000607,6792,0.125588928,0.60114841,0.551687006,0.026939497,0.04491018
Kingston upon Thames 011,E02000608,7202,0.098167176,0.584143294,0.601954189,0.029726351,0.046122074
Kingston upon Thames 012,E02000609,7629,0.188098047,0.613972998,0.457267021,0.044697863,0.055727554
Kingston upon Thames 013,E02000610,7955,0.133752357,0.621495915,0.574468085,0.037353792,0.049339207
Kingston upon Thames 014,E02000611,7443,0.2063684,0.673384388,0.502353732,0.027284946,0.039664804
Kingston upon Thames 015,E02000612,8255,0.211871593,0.66820109,0.467691853,0.031863339,0.04264599
Kingston upon Thames 016,E02000613,8096,0.141921937,0.596961462,0.53773287,0.031879402,0.048550554
Kingston upon Thames 017,E02000614,9294,0.126640844,0.549601894,0.404681369,0.035399182,0.051972448
Kingston upon Thames 018,E02000615,7881,0.159497526,0.603984266,0.353838817,0.039715772,0.044385156
Kingston upon Thames 019,E02000616,6060,0.155115512,0.608910891,0.338597211,0.031353135,0.032993401
Kingston upon Thames 020,E02000617,8862,0.155382532,0.578086211,0.326473076,0.043213359,0.044666088
Lambeth 002,E02000619,9100,0.108681319,0.532967033,0.506086266,0.057149137,0.0912586
Lambeth 003,E02000620,9845,0.09273743,0.588623667,0.571663341,0.041036059,0.065562457
Lambeth 004,E02000621,12521,0.076191997,0.602587653,0.618355776,0.034978438,0.060570838
Lambeth 005,E02000622,8403,0.085921695,0.570867547,0.596057104,0.039267016,0.063845863
Lambeth 006,E02000623,7860,0.10216285,0.520610687,0.458646617,0.050133605,0.082830989
Lambeth 007,E02000624,9631,0.069151698,0.529955353,0.57327847,0.038106116,0.082960013
Lambeth 008,E02000625,9305,0.059967759,0.498656636,0.490906729,0.036328461,0.079528719
Lambeth 009,E02000626,8361,0.072359766,0.401746203,0.430338733,0.047243153,0.099662542
Lambeth 010,E02000627,9553,0.078509369,0.557416518,0.563484371,0.040615513,0.058972199
Lambeth 011,E02000628,10785,0.080853037,0.471395457,0.454643862,0.049049606,0.086632057
Lambeth 012,E02000629,9120,0.069298246,0.632236842,0.65987151,0.031034105,0.044713479
Lambeth 013,E02000630,7539,0.097360393,0.635230137,0.668835098,0.036216503,0.043741181
Lambeth 014,E02000631,9523,0.086422346,0.56893836,0.608799497,0.039055118,0.06016345
Lambeth 015,E02000632,9590,0.058394161,0.666319082,0.713595506,0.029939495,0.041242783
Lambeth 016,E02000633,9158,0.077855427,0.473465822,0.560214095,0.03941048,0.069312363
Lambeth 017,E02000634,6775,0.091808118,0.568560886,0.587476667,0.045179389,0.058189655
Lambeth 018,E02000635,9818,0.070279079,0.550213893,0.630132138,0.041989401,0.058870453
Lambeth 019,E02000636,7717,0.079435014,0.648438512,0.739898602,0.026175975,0.034879189
Lambeth 020,E02000637,8404,0.07460733,0.601142313,0.680351114,0.030945013,0.049818371
Lambeth 021,E02000638,10255,0.072159922,0.519746465,0.52021471,0.04349098,0.067954697
Lambeth 022,E02000639,8322,0.074741649,0.488223985,0.474287311,0.039177983,0.086484312
Lambeth 023,E02000640,9292,0.084158416,0.601485149,0.686114352,0.030130206,0.044040129
Lambeth 024,E02000641,8629,0.079615251,0.41997914,0.42026651,0.050185443,0.088174983
Lambeth 025,E02000642,9808,0.10980832,0.551896411,0.571999002,0.041997961,0.054054054
Lambeth 026,E02000643,9378,0.077095329,0.535295372,0.591018648,0.035710479,0.058018705
Lambeth 027,E02000644,8521,0.083088839,0.551226382,0.578741866,0.03133435,0.05751428
Lambeth 028,E02000645,9534,0.086742186,0.561464233,0.573153317,0.04101542,0.062279889
Lambeth 029,E02000646,9499,0.097694494,0.588693547,0.582747363,0.034,0.052667933
Lambeth 030,E02000647,8592,0.126629423,0.540386406,0.541624585,0.044237485,0.064275037
Lambeth 031,E02000648,7822,0.100102276,0.417028893,0.414031621,0.057507987,0.087971275
Lambeth 032,E02000649,12472,0.07456703,0.499198204,0.545925713,0.031976278,0.063313991
Lambeth 033,E02000650,7663,0.094349471,0.508286572,0.510707333,0.056106472,0.075871819
Lambeth 034,E02000651,8742,0.115191032,0.504346831,0.502081599,0.034332799,0.063596491
Lambeth 035,E02000652,7563,0.124421526,0.418616951,0.40973236,0.036375661,0.069025235
Lewisham 001,E02000653,12613,0.050344882,0.460477285,0.534219457,0.04251269,0.07121541
Lewisham 002,E02000654,8790,0.066439135,0.439476678,0.450491523,0.04848071,0.100931677
Lewisham 003,E02000655,10282,0.057673604,0.40225637,0.470707311,0.038801906,0.093518686
Lewisham 005,E02000657,9906,0.07288512,0.488289925,0.518616066,0.038966283,0.075766229
Lewisham 006,E02000658,8618,0.084590392,0.506381991,0.553407377,0.040143868,0.077950558
Lewisham 007,E02000659,8062,0.096005954,0.521334656,0.601409084,0.042793352,0.064254386
Lewisham 008,E02000660,8206,0.067267853,0.529612479,0.626722762,0.035705581,0.059376837
Lewisham 009,E02000661,6494,0.131044041,0.615645211,0.596857671,0.038206748,0.073027719
Lewisham 010,E02000662,8297,0.073279499,0.426298662,0.536980903,0.046051838,0.0695747
Lewisham 011,E02000663,6798,0.097969991,0.544719035,0.591222792,0.033843437,0.06712785
Lewisham 013,E02000665,8154,0.107677214,0.528084376,0.550532725,0.038136113,0.063654574
Lewisham 014,E02000666,7191,0.10235016,0.503685162,0.560201249,0.04159132,0.060045604
Lewisham 015,E02000667,6689,0.102705935,0.526087607,0.579835082,0.031404217,0.049536424
Lewisham 016,E02000668,6859,0.11634349,0.547018516,0.55190017,0.032808399,0.065137355
Lewisham 017,E02000669,7973,0.08353192,0.4639408,0.53477181,0.038760662,0.074689716
Lewisham 018,E02000670,6707,0.096168182,0.394811391,0.449331849,0.046376379,0.069159404
Lewisham 019,E02000671,8744,0.095722781,0.557410796,0.581055945,0.035354691,0.059437119
Lewisham 020,E02000672,10272,0.081970405,0.42883567,0.490572923,0.046436916,0.07536438
Lewisham 021,E02000673,8138,0.099164414,0.563529123,0.639819005,0.027890404,0.060159607
Lewisham 022,E02000674,8455,0.118628031,0.4578356,0.465321749,0.039020929,0.074515984
Lewisham 023,E02000675,8528,0.141768293,0.48358349,0.445469185,0.042682927,0.063115488
Lewisham 024,E02000676,7817,0.096072662,0.543175131,0.574835921,0.034672467,0.053448658
Lewisham 025,E02000677,7210,0.143273232,0.462135922,0.447911338,0.043966713,0.071314103
Lewisham 026,E02000678,6960,0.095977011,0.359626437,0.35483871,0.049130872,0.08030303
Lewisham 027,E02000679,8132,0.108952287,0.495081161,0.507649079,0.044755933,0.075785582
Lewisham 028,E02000680,7034,0.101791299,0.470713676,0.523870031,0.046055437,0.073704104
Lewisham 029,E02000681,8477,0.120915418,0.433997877,0.381537539,0.05499823,0.072350792
Lewisham 030,E02000682,8930,0.106382979,0.38174692,0.334357624,0.043439319,0.091554468
Lewisham 031,E02000683,6766,0.120011824,0.407626367,0.357169254,0.060283688,0.087924971
Lewisham 033,E02000685,8133,0.122955859,0.46821591,0.482657169,0.049077491,0.067362429
Lewisham 034,E02000686,7536,0.07868896,0.346602972,0.352080794,0.055872595,0.092911607
Lewisham 035,E02000687,8262,0.123819898,0.49322198,0.502946064,0.046207814,0.069704489
Merton 001,E02000689,9054,0.098740888,0.672078639,0.665242774,0.019880716,0.037788385
Merton 002,E02000690,5521,0.259373302,0.733381634,0.664263871,0.031136857,0.041666667
Merton 003,E02000691,7358,0.113074205,0.630877956,0.660299003,0.026240653,0.042666052
Merton 004,E02000692,7654,0.178730076,0.700418082,0.726836814,0.024030299,0.033985102
Merton 005,E02000693,9853,0.086369634,0.581954735,0.59310998,0.035623668,0.048956535
Merton 006,E02000694,9101,0.090539501,0.600153829,0.651777203,0.029111282,0.041381792
Merton 007,E02000695,8637,0.128169503,0.49021651,0.446907,0.033090362,0.055330058
Merton 008,E02000696,8631,0.079249218,0.446066504,0.460113154,0.03580533,0.065268987
Merton 009,E02000697,8724,0.084823475,0.639500229,0.694669272,0.016617007,0.038309353
Merton 010,E02000698,8236,0.176784847,0.665857212,0.658057532,0.023072253,0.033986604
Merton 011,E02000699,8213,0.121879946,0.635699501,0.662889958,0.020452885,0.042277826
Merton 012,E02000700,8662,0.090279381,0.419879935,0.398543336,0.044226328,0.072614567
Merton 013,E02000701,9012,0.116622281,0.440634709,0.363308854,0.042276964,0.066852368
Merton 014,E02000702,9324,0.097704848,0.38974689,0.365969982,0.039261961,0.073746964
Merton 015,E02000703,7960,0.183291457,0.658040201,0.592946708,0.027997489,0.038728898
Merton 016,E02000704,8604,0.125174338,0.576476058,0.543190551,0.038600163,0.048630977
Merton 017,E02000705,9328,0.135827616,0.437821612,0.397553517,0.037203817,0.058907752
Merton 018,E02000706,10033,0.08631516,0.395993222,0.350496602,0.045445485,0.065284974
Merton 019,E02000707,8307,0.104610569,0.38016131,0.325373594,0.040447815,0.078132801
Merton 020,E02000708,8886,0.141233401,0.623452622,0.509826099,0.029593789,0.042729592
Merton 021,E02000709,7976,0.179162487,0.613590772,0.455028107,0.033220509,0.04376094
Merton 022,E02000710,9186,0.152950142,0.475288482,0.363229915,0.046602787,0.068681929
Merton 023,E02000711,9446,0.097501588,0.459136142,0.40781084,0.039178314,0.060813532
Merton 024,E02000712,9661,0.129075665,0.493841217,0.338650628,0.048934409,0.055697279
Merton 025,E02000713,7805,0.171044202,0.575528507,0.329206349,0.03074952,0.041893902
Newham 001,E02000714,7712,0.078189834,0.425181535,0.419110379,0.044481909,0.08140134
Newham 002,E02000715,7298,0.077281447,0.346807344,0.295920286,0.056324517,0.088785047
Newham 003,E02000716,7349,0.087358824,0.383453531,0.354856019,0.05359815,0.085750717
Newham 004,E02000717,8357,0.077180807,0.374057676,0.314653784,0.054804356,0.084337349
Newham 005,E02000718,7407,0.070878898,0.327933036,0.318181818,0.046853902,0.087694974
Newham 006,E02000719,8075,0.075294118,0.376594427,0.418112633,0.042471521,0.084420204
Newham 007,E02000720,7491,0.093578961,0.445334401,0.390010263,0.039540476,0.094820018
Newham 008,E02000721,9544,0.077116513,0.404756915,0.32481802,0.049664711,0.097994415
Newham 009,E02000722,8141,0.077631741,0.403758752,0.429185185,0.042383292,0.094684006
Newham 010,E02000723,11193,0.094702046,0.37228625,0.352753392,0.048503796,0.081453634
Newham 011,E02000724,10029,0.076777346,0.349486489,0.320628998,0.045490822,0.086268504
Newham 012,E02000725,9988,0.067581097,0.390568682,0.468731172,0.042054671,0.081253416
Newham 014,E02000727,8519,0.074774035,0.414602653,0.337852411,0.045902794,0.088901801
Newham 015,E02000728,8525,0.077536657,0.388973607,0.344242606,0.044564325,0.078071784
Newham 016,E02000729,7326,0.101692602,0.356811357,0.349947899,0.051044084,0.084065612
Newham 017,E02000730,9929,0.091550005,0.384933024,0.355469256,0.047331319,0.107464756
Newham 018,E02000731,9960,0.087650602,0.39437751,0.341970946,0.048986147,0.083740234
Newham 019,E02000732,8900,0.069550562,0.393932584,0.337195659,0.051797753,0.103768433
Newham 020,E02000733,10095,0.079940565,0.363645369,0.382184259,0.046751189,0.089374379
Newham 021,E02000734,7300,0.080821918,0.380821918,0.369314325,0.048205971,0.089261192
Newham 022,E02000735,8610,0.088037166,0.379558653,0.366976605,0.0514518,0.080938571
Newham 023,E02000736,9205,0.066702879,0.337642586,0.316509712,0.046936115,0.093485169
Newham 024,E02000737,10381,0.08082073,0.3642231,0.343546534,0.050390211,0.097093791
Newham 025,E02000738,9582,0.067522438,0.377791693,0.372076934,0.038738645,0.070046698
Newham 026,E02000739,7726,0.074424023,0.371602382,0.352304412,0.047514241,0.076164384
Newham 027,E02000740,6767,0.076400177,0.387320822,0.384124088,0.053447512,0.106426287
Newham 028,E02000741,8246,0.07918991,0.402013097,0.355520254,0.04620422,0.084384858
Newham 029,E02000742,8706,0.069607167,0.306799908,0.338807126,0.046180356,0.077511205
Newham 030,E02000743,10281,0.067989495,0.381285867,0.390712375,0.050179909,0.102342059
Newham 031,E02000744,9173,0.071078164,0.361713725,0.359666478,0.046549657,0.079609889
Newham 032,E02000745,8598,0.077227262,0.353686904,0.379279941,0.050604933,0.079484174
Newham 033,E02000746,9426,0.06450244,0.364629748,0.435534591,0.049432481,0.078670593
Newham 034,E02000747,13101,0.057247538,0.44828639,0.537753894,0.044968698,0.067667193
Newham 035,E02000748,6273,0.0811414,0.331101546,0.374949576,0.047345768,0.07347728
Newham 036,E02000749,9552,0.08008794,0.331344221,0.347312541,0.061668935,0.097246892
Redbridge 001,E02000751,11161,0.21718484,0.634530956,0.487199125,0.037279326,0.05369751
Redbridge 002,E02000752,8785,0.108480364,0.400796813,0.355352403,0.054429515,0.056422018
Redbridge 003,E02000753,6921,0.124692963,0.411501228,0.357926036,0.050859702,0.067355982
Redbridge 004,E02000754,6763,0.138991572,0.515155996,0.435061367,0.039745863,0.053521908
Redbridge 005,E02000755,5479,0.145647016,0.482934842,0.364151371,0.044120328,0.049515235
Redbridge 006,E02000756,14593,0.12677311,0.450010279,0.392456765,0.039331232,0.054335742
Redbridge 007,E02000757,12393,0.136367304,0.555716937,0.535496755,0.029779679,0.05291624
Redbridge 008,E02000758,6884,0.147588611,0.468622894,0.388705537,0.048075527,0.060991105
Redbridge 009,E02000759,13088,0.11483802,0.486476161,0.465027802,0.034841076,0.049678288
Redbridge 010,E02000760,7539,0.13980634,0.457222443,0.379310345,0.055216353,0.055587893
Redbridge 012,E02000762,6620,0.166767372,0.517975831,0.449583719,0.041830263,0.052715148
Redbridge 013,E02000763,8016,0.123502994,0.418787425,0.416574586,0.035558328,0.068032372
Redbridge 014,E02000764,12307,0.177297473,0.618428537,0.566871525,0.037620866,0.049380852
Redbridge 015,E02000765,7526,0.113739038,0.418283285,0.457734428,0.03841042,0.058672743
Redbridge 017,E02000767,8620,0.129582367,0.437006961,0.450689448,0.040811594,0.060249816
Redbridge 018,E02000768,5788,0.177090532,0.640463027,0.565490366,0.026602177,0.047843666
Redbridge 020,E02000770,8124,0.121368784,0.429714426,0.409764467,0.041723077,0.069959947
Redbridge 022,E02000772,8386,0.09933222,0.386000477,0.391691395,0.040682415,0.078753076
Redbridge 023,E02000773,10733,0.089536942,0.379577005,0.428519151,0.038848519,0.063263993
Redbridge 024,E02000774,8107,0.102010608,0.370173924,0.365334633,0.040818843,0.07891002
Redbridge 026,E02000776,7036,0.102472996,0.397527004,0.428997391,0.037505327,0.062121695
Redbridge 027,E02000777,6003,0.167916042,0.575878727,0.520427404,0.040646343,0.054384772
Redbridge 029,E02000779,8420,0.090380048,0.391805226,0.403711212,0.044072226,0.081621474
Redbridge 031,E02000781,16293,0.108758362,0.357024489,0.36135203,0.037441689,0.070012653
Redbridge 032,E02000782,11488,0.066155989,0.333652507,0.398701299,0.044920345,0.079241307
Redbridge 033,E02000783,7397,0.071380289,0.310801676,0.338170463,0.049492901,0.096937058
Richmond upon Thames 001,E02000784,10130,0.185883514,0.674629812,0.637393423,0.033070089,0.052243393
Richmond upon Thames 002,E02000785,9714,0.185299568,0.677372864,0.720365503,0.021821925,0.039915156
Richmond upon Thames 003,E02000786,11376,0.142053446,0.659810127,0.651540616,0.027347872,0.0422215
Richmond upon Thames 004,E02000787,12086,0.126840973,0.599371173,0.638657214,0.033344365,0.051092644
Richmond upon Thames 005,E02000788,9094,0.149219265,0.662194854,0.670302856,0.021662635,0.041543027
Richmond upon Thames 006,E02000789,6301,0.172036185,0.657673385,0.67177795,0.031740993,0.047002109
Richmond upon Thames 007,E02000790,6586,0.117066505,0.652444579,0.701842871,0.017160213,0.036866359
Richmond upon Thames 008,E02000791,6475,0.155057915,0.632432432,0.727684469,0.022713226,0.042129234
Richmond upon Thames 009,E02000792,7149,0.177647223,0.664008952,0.692653414,0.031897034,0.042334999
Richmond upon Thames 010,E02000793,8107,0.172320217,0.586530159,0.44932175,0.037009623,0.053253012
Richmond upon Thames 011,E02000794,7015,0.144119743,0.654312188,0.613124211,0.021382751,0.041895784
Richmond upon Thames 012,E02000795,6927,0.198787354,0.655983831,0.628566031,0.029887381,0.035508637
Richmond upon Thames 013,E02000796,11087,0.161540543,0.527554794,0.388090349,0.04355275,0.063327576
Richmond upon Thames 014,E02000797,7869,0.119074851,0.641885881,0.673670805,0.022620409,0.040848214
Richmond upon Thames 015,E02000798,11304,0.130042463,0.600672328,0.535656775,0.031310808,0.04518124
Richmond upon Thames 016,E02000799,6604,0.160811629,0.629769836,0.576859806,0.02241066,0.04305741
Richmond upon Thames 017,E02000800,5413,0.160724183,0.554036579,0.496001938,0.043976349,0.048470401
Richmond upon Thames 018,E02000801,7111,0.147939812,0.66179159,0.639294621,0.019828435,0.048962214
Richmond upon Thames 019,E02000802,7023,0.180407233,0.692296739,0.602260685,0.032754201,0.039327366
Richmond upon Thames 020,E02000803,9714,0.187152563,0.591311509,0.452767481,0.050432277,0.062526675
Richmond upon Thames 021,E02000804,7148,0.173894796,0.682848349,0.631094443,0.027276542,0.045637584
Richmond upon Thames 022,E02000805,10755,0.169130637,0.670478847,0.620709448,0.030776383,0.047000732
Richmond upon Thames 023,E02000806,10299,0.195358773,0.655500534,0.566770559,0.03379297,0.041133101
Southwark 001,E02000807,8231,0.080913619,0.658850686,0.655691964,0.028686034,0.046456978
Southwark 002,E02000808,10169,0.071295113,0.584816599,0.596170396,0.033929976,0.060822898
Southwark 004,E02000810,11898,0.074466297,0.501260716,0.544157815,0.045645595,0.063048798
Southwark 006,E02000812,10785,0.079091331,0.514325452,0.515194734,0.047645532,0.066356645
Southwark 007,E02000813,10217,0.070470784,0.500831947,0.537739171,0.043040203,0.070271192
Southwark 008,E02000814,10291,0.066757361,0.579244,0.648106402,0.028957341,0.056056796
Southwark 009,E02000815,7613,0.044397741,0.548009983,0.592128801,0.030342835,0.05815062
Southwark 010,E02000816,9608,0.079308909,0.474916736,0.454614031,0.05099386,0.079331942
Southwark 011,E02000817,6821,0.111860431,0.475736695,0.402929094,0.066686208,0.085301063
Southwark 012,E02000818,9794,0.079946906,0.549520114,0.537923679,0.047084057,0.070544554
Southwark 013,E02000819,8499,0.078126838,0.455112366,0.414893617,0.049535239,0.093956563
Southwark 014,E02000820,9245,0.080151433,0.540724716,0.523791349,0.048566793,0.076089099
Southwark 015,E02000821,9354,0.068847552,0.35418003,0.417827675,0.039004061,0.115714585
Southwark 016,E02000822,6718,0.073384936,0.471420065,0.422168941,0.045988986,0.092047772
Southwark 017,E02000823,8686,0.087036611,0.494588994,0.486468015,0.049170889,0.084412871
Southwark 018,E02000824,9899,0.077078493,0.392160824,0.412728659,0.047566148,0.102424242
Southwark 019,E02000825,10225,0.075207824,0.399022005,0.444025769,0.044103266,0.102137767
Southwark 020,E02000826,9881,0.083392369,0.481226596,0.499939372,0.037951624,0.079388469
Southwark 021,E02000827,11311,0.089382018,0.470161789,0.492051638,0.042790204,0.084937172
Southwark 022,E02000828,8812,0.074216977,0.490807989,0.463585242,0.043345058,0.082634228
Southwark 023,E02000829,10925,0.089885584,0.469382151,0.508814456,0.053638444,0.068452381
Southwark 024,E02000830,8885,0.087675858,0.617670231,0.642838439,0.034443944,0.04954955
Southwark 025,E02000831,9352,0.088323353,0.589178785,0.623796688,0.037108331,0.051766352
Southwark 026,E02000832,9686,0.108713607,0.493908734,0.495137157,0.056564822,0.08342945
Southwark 027,E02000833,7488,0.080128205,0.499465812,0.546265141,0.043681539,0.061704212
Southwark 028,E02000834,9390,0.088498403,0.62513312,0.674269605,0.033127397,0.041695743
Southwark 029,E02000835,7682,0.088128092,0.53111169,0.586572438,0.0359375,0.049798435
Southwark 030,E02000836,8294,0.104292259,0.642392091,0.674018127,0.033871745,0.042618271
Southwark 031,E02000837,8560,0.150700935,0.72546729,0.728224583,0.028508003,0.034237132
Southwark 032,E02000838,9498,0.097494209,0.56664561,0.608148827,0.037805392,0.053199405
Southwark 033,E02000839,8481,0.127579295,0.545690367,0.588457471,0.032182011,0.066620402
Sutton 001,E02000840,9316,0.09048948,0.428295406,0.295740767,0.054923836,0.065523307
Sutton 002,E02000841,9185,0.101578661,0.447250953,0.289271227,0.056922072,0.059277215
Sutton 003,E02000842,8283,0.177834118,0.586743933,0.325539568,0.033329308,0.042130178
Sutton 004,E02000843,9471,0.094710168,0.528772041,0.426456607,0.03219677,0.040573237
Sutton 005,E02000844,8659,0.123339878,0.502136505,0.311963281,0.049890288,0.051939215
Sutton 006,E02000845,9419,0.121775135,0.561736915,0.430977814,0.02866242,0.045219124
Sutton 007,E02000846,7614,0.168374048,0.571578671,0.385643564,0.036112935,0.038323045
Sutton 008,E02000847,9421,0.202526271,0.614159856,0.400553944,0.036195733,0.044355686
Sutton 009,E02000848,8139,0.151984273,0.575254945,0.332028191,0.03133063,0.033906287
Sutton 010,E02000849,8172,0.147821831,0.563876652,0.377967417,0.039011863,0.038031852
Sutton 011,E02000850,10835,0.155791417,0.557821874,0.35146057,0.038482835,0.045470693
Sutton 012,E02000851,11584,0.105404006,0.45441989,0.422600619,0.040670063,0.058632451
Sutton 013,E02000852,8146,0.140314265,0.562116376,0.407125078,0.033149171,0.041352525
Sutton 014,E02000853,8171,0.13021662,0.536898788,0.389196895,0.03573614,0.042633823
Sutton 015,E02000854,7614,0.158523772,0.619910691,0.463224307,0.030744974,0.036713287
Sutton 016,E02000855,8206,0.200463076,0.642091153,0.434651373,0.031204291,0.038099951
Sutton 017,E02000856,9329,0.155536499,0.558044807,0.428861239,0.035476956,0.040410385
Sutton 018,E02000857,8997,0.155496277,0.520395687,0.486605303,0.038021123,0.050934483
Sutton 019,E02000858,8570,0.10991832,0.432088681,0.303705982,0.063492063,0.06092437
Sutton 020,E02000859,8488,0.212299717,0.6100377,0.396751061,0.047130906,0.036377512
Sutton 021,E02000860,8785,0.132384747,0.490495162,0.436376605,0.045190666,0.05746879
Sutton 022,E02000861,7773,0.224752348,0.69008105,0.518641917,0.029578189,0.037933818
Sutton 024,E02000863,6741,0.201602136,0.616970776,0.417995235,0.036663203,0.037747154
Tower Hamlets 001,E02000864,11264,0.072088068,0.494140625,0.48535018,0.059042884,0.067212841
Tower Hamlets 002,E02000865,7959,0.071993969,0.450936047,0.435052828,0.066323326,0.086900795
Tower Hamlets 003,E02000866,10651,0.084968548,0.503051357,0.548981682,0.052226188,0.048611111
Tower Hamlets 004,E02000867,11331,0.051628276,0.544876886,0.568052244,0.041666667,0.074025405
Tower Hamlets 005,E02000868,7195,0.061153579,0.525920778,0.52129751,0.047387437,0.063376754
Tower Hamlets 006,E02000869,5935,0.083740522,0.506823926,0.514326648,0.062215478,0.073657124
Tower Hamlets 007,E02000870,6371,0.076597081,0.492858264,0.460748207,0.059331345,0.081778607
Tower Hamlets 008,E02000871,11515,0.053408597,0.42379505,0.422385894,0.052978982,0.088630585
Tower Hamlets 009,E02000872,8143,0.050718408,0.469237382,0.515413975,0.052922397,0.07778777
Tower Hamlets 010,E02000873,9848,0.044577579,0.41754671,0.404290015,0.049847716,0.084016393
Tower Hamlets 011,E02000874,7498,0.053347559,0.428114164,0.425549773,0.056963714,0.080094927
Tower Hamlets 012,E02000875,13570,0.048489315,0.408474576,0.436781609,0.05703338,0.093123651
Tower Hamlets 013,E02000876,7275,0.051683849,0.492646048,0.48740888,0.057182131,0.076648352
Tower Hamlets 014,E02000877,13813,0.047853471,0.416781293,0.473279649,0.047574222,0.086387049
Tower Hamlets 015,E02000878,10433,0.057030576,0.486341417,0.536796537,0.050800345,0.089315998
Tower Hamlets 016,E02000879,8342,0.088348118,0.488252218,0.393071386,0.059331176,0.082463186
Tower Hamlets 017,E02000880,6515,0.059247889,0.475825019,0.42626418,0.053730427,0.07623467
Tower Hamlets 018,E02000881,10831,0.051795771,0.39193057,0.432737309,0.051057151,0.087929656
Tower Hamlets 019,E02000882,11501,0.061994609,0.370576472,0.397230977,0.06989481,0.084193483
Tower Hamlets 020,E02000883,9287,0.066113923,0.379455152,0.352716469,0.059963398,0.091318158
Tower Hamlets 021,E02000884,12764,0.036743967,0.47743654,0.55514468,0.035711489,0.061293288
Tower Hamlets 022,E02000885,7054,0.085199887,0.439325206,0.355119826,0.068188262,0.093739425
Tower Hamlets 023,E02000886,9590,0.050260688,0.450260688,0.540156093,0.039724742,0.059602649
Tower Hamlets 024,E02000887,10802,0.058044807,0.427513423,0.413590604,0.055365244,0.093188549
Tower Hamlets 025,E02000888,8617,0.050597656,0.476848091,0.524036379,0.045117142,0.070026178
Tower Hamlets 026,E02000889,8962,0.053224727,0.513836197,0.596345069,0.037255996,0.05336866
Tower Hamlets 027,E02000890,5815,0.088736028,0.655374033,0.695223361,0.0288908,0.043983822
Tower Hamlets 030,E02000893,7412,0.080275229,0.506206152,0.483951856,0.048428437,0.089792786
Tower Hamlets 031,E02000894,11006,0.050790478,0.483554425,0.58977487,0.033887526,0.06616947
Waltham Forest 001,E02000895,8370,0.208243728,0.51660693,0.30861489,0.055071079,0.054521964
Waltham Forest 002,E02000896,9329,0.190481295,0.580448065,0.403740518,0.041711345,0.053069719
Waltham Forest 003,E02000897,8569,0.152643249,0.494340063,0.329451157,0.065273237,0.068875119
Waltham Forest 004,E02000898,8013,0.178834394,0.520404343,0.341452135,0.056921733,0.064516129
Waltham Forest 005,E02000899,8806,0.160685896,0.460935726,0.326340983,0.041879469,0.061271676
Waltham Forest 006,E02000900,8974,0.129819478,0.393804324,0.312650859,0.046695642,0.075193254
Waltham Forest 007,E02000901,10494,0.1342672,0.549552125,0.428265014,0.035748332,0.056900289
Waltham Forest 008,E02000902,9963,0.093546121,0.396868413,0.39140182,0.040361446,0.068653111
Waltham Forest 009,E02000903,10273,0.083714592,0.369901684,0.385685635,0.057615572,0.084626234
Waltham Forest 010,E02000904,8425,0.091988131,0.436557864,0.459122332,0.032652577,0.062224184
Waltham Forest 011,E02000905,10472,0.077158136,0.410045837,0.486952179,0.034565072,0.055694842
Waltham Forest 012,E02000906,9656,0.075600663,0.433927092,0.490327675,0.041230705,0.066084314
Waltham Forest 013,E02000907,10581,0.080427181,0.38502977,0.414721062,0.048946424,0.106731707
Waltham Forest 014,E02000908,12903,0.0628536,0.475548322,0.527653071,0.035650624,0.056447225
Waltham Forest 015,E02000909,9245,0.089778259,0.51595457,0.535315985,0.039364118,0.054818919
Waltham Forest 016,E02000910,11429,0.091434071,0.471082334,0.517564655,0.040514526,0.061619446
Waltham Forest 017,E02000911,12960,0.06867284,0.434645062,0.493153327,0.042267644,0.070818071
Waltham Forest 018,E02000912,9741,0.095164767,0.398111077,0.421758185,0.044759265,0.069255404
Waltham Forest 019,E02000913,9640,0.110477178,0.39439834,0.438992042,0.043230355,0.059397539
Waltham Forest 020,E02000914,11799,0.081701839,0.34070684,0.369154336,0.051873199,0.105035971
Waltham Forest 021,E02000915,8113,0.11450758,0.493652163,0.513666916,0.043397855,0.062148116
Waltham Forest 022,E02000916,10559,0.072165925,0.384979638,0.438561321,0.038720061,0.065720294
Waltham Forest 023,E02000917,9589,0.069350297,0.419856085,0.489957237,0.033997289,0.065988909
Waltham Forest 024,E02000918,9324,0.087837838,0.419026169,0.472222222,0.048906049,0.072489254
Waltham Forest 025,E02000919,9239,0.087130642,0.415954108,0.469623409,0.038315835,0.067025158
Waltham Forest 026,E02000920,10302,0.087070472,0.386041545,0.409530634,0.044069113,0.077095808
Waltham Forest 027,E02000921,11196,0.082976063,0.354858878,0.392262166,0.050723343,0.082896295
Waltham Forest 028,E02000922,10462,0.081915504,0.39437966,0.431556196,0.041861799,0.066352429
Wandsworth 001,E02000923,7527,0.163810283,0.611930384,0.636711574,0.030959341,0.041405551
Wandsworth 003,E02000925,7900,0.095189873,0.487341772,0.49413942,0.045822785,0.064277457
Wandsworth 004,E02000926,11639,0.084027837,0.619125354,0.669648181,0.025173984,0.046057767
Wandsworth 005,E02000927,7100,0.111690141,0.607887324,0.570169713,0.052535211,0.053550908
Wandsworth 006,E02000928,8354,0.131793153,0.699186019,0.71547756,0.023336525,0.040918164
Wandsworth 007,E02000929,8103,0.093298778,0.434160188,0.45692941,0.048124383,0.081842042
Wandsworth 008,E02000930,10084,0.065251884,0.633478778,0.722856174,0.021426446,0.036503781
Wandsworth 009,E02000931,8817,0.06668935,0.645344221,0.772176852,0.017917895,0.026724891
Wandsworth 010,E02000932,12841,0.07935519,0.664200607,0.743398599,0.016508332,0.034654024
Wandsworth 011,E02000933,8867,0.141536032,0.694259614,0.674807539,0.02864554,0.041976722
Wandsworth 012,E02000934,8915,0.08323051,0.654178351,0.690890739,0.026469269,0.039450567
Wandsworth 013,E02000935,7372,0.09319045,0.358790016,0.343265377,0.046120456,0.090361446
Wandsworth 014,E02000936,9365,0.105285638,0.659476775,0.682822086,0.027653214,0.039638736
Wandsworth 015,E02000937,8160,0.079289216,0.637254902,0.713994991,0.018747702,0.036104114
Wandsworth 016,E02000938,10766,0.128459967,0.526843767,0.507796137,0.044019316,0.061823519
Wandsworth 017,E02000939,7819,0.115487914,0.65967515,0.730987325,0.020207188,0.030166271
Wandsworth 018,E02000940,9323,0.073795988,0.546068862,0.606310188,0.03248633,0.046386555
Wandsworth 019,E02000941,10175,0.087764128,0.654545455,0.660903446,0.024570025,0.038005131
Wandsworth 020,E02000942,9688,0.119426094,0.670829893,0.690853736,0.024052854,0.038568935
Wandsworth 021,E02000943,8721,0.085999312,0.678591905,0.736792956,0.026258457,0.029295192
Wandsworth 022,E02000944,7637,0.092575619,0.512373969,0.488444517,0.043335952,0.068947641
Wandsworth 023,E02000945,7842,0.102142311,0.397475134,0.383290816,0.050376228,0.079453582
Wandsworth 024,E02000946,8434,0.076594736,0.526914868,0.5754651,0.043390634,0.06563786
Wandsworth 025,E02000947,9343,0.084769346,0.642299047,0.696051057,0.020982764,0.038242894
Wandsworth 026,E02000948,10028,0.087754288,0.666134822,0.720831419,0.025730528,0.036849711
Wandsworth 027,E02000949,10003,0.104968509,0.695991203,0.741513437,0.019594122,0.031969911
Wandsworth 028,E02000950,7587,0.116515092,0.578094108,0.557840617,0.030582652,0.066871456
Wandsworth 029,E02000951,6427,0.100824646,0.652715108,0.667084527,0.033276318,0.049735704
Wandsworth 030,E02000952,6149,0.097414214,0.651650675,0.674928503,0.033034988,0.043522785
Wandsworth 031,E02000953,7502,0.065982405,0.60783791,0.647115231,0.023584277,0.033369214
Wandsworth 032,E02000954,6101,0.116866088,0.620554008,0.618964174,0.032115353,0.044918585
Wandsworth 033,E02000955,6881,0.108850458,0.547594826,0.559351577,0.041944848,0.04801239
Wandsworth 034,E02000956,7424,0.074084052,0.566675647,0.54876708,0.043530997,0.053529687
Wandsworth 035,E02000957,10858,0.089150857,0.577362314,0.576328767,0.033514409,0.04499297
Wandsworth 036,E02000958,8274,0.13536379,0.55039884,0.517705065,0.03479942,0.062470309
Wandsworth 037,E02000959,7864,0.089903357,0.474949135,0.50379867,0.037884566,0.063419118
Westminster 001,E02000960,6154,0.158921027,0.641046474,0.644006128,0.033468725,0.049305096
Westminster 002,E02000961,9815,0.108914926,0.527661742,0.572871213,0.043203587,0.07421875
Westminster 003,E02000962,7709,0.160461798,0.636139577,0.627415998,0.051811453,0.058086864
Westminster 004,E02000963,10529,0.110931712,0.408300883,0.396067091,0.079547615,0.106982442
Westminster 005,E02000964,12140,0.102553542,0.437891269,0.478717201,0.064898699,0.085540042
Westminster 006,E02000965,7875,0.085333333,0.567873016,0.683730509,0.037963433,0.059458359
Westminster 007,E02000966,9253,0.127634281,0.573435642,0.656662062,0.036424557,0.052920053
Westminster 008,E02000967,6059,0.131539858,0.613632613,0.695171397,0.025268373,0.039937598
Westminster 009,E02000968,14480,0.124585635,0.408494475,0.373504983,0.102624309,0.108485499
Westminster 010,E02000969,9604,0.097251145,0.421803415,0.415794846,0.077659796,0.103330902
Westminster 011,E02000970,6832,0.144467213,0.682084309,0.676187367,0.020184291,0.037112354
Westminster 012,E02000971,7474,0.108375702,0.567968959,0.678915395,0.035059548,0.0547098
Westminster 013,E02000972,7875,0.102984127,0.611936508,0.615628009,0.04848331,0.052357261
Westminster 014,E02000973,9957,0.109571156,0.532489706,0.637883959,0.042993471,0.074861832
Westminster 015,E02000974,8699,0.115645476,0.569260835,0.601847034,0.041599632,0.050059032
Westminster 016,E02000975,7412,0.101187264,0.5643551,0.686556115,0.029110512,0.051258789
Westminster 017,E02000976,8433,0.108739476,0.573461402,0.657085828,0.04743833,0.069456245
Westminster 018,E02000977,6389,0.130380341,0.918297073,0.594795539,0.034909205,0.051215278
Westminster 019,E02000978,7129,0.154159069,0.606396409,0.560683488,0.014303744,0.026830808
Westminster 020,E02000979,8086,0.132945832,0.612663863,0.60767711,0.042655786,0.05858729
Westminster 021,E02000980,8729,0.139076641,0.568793676,0.567620541,0.061898212,0.078516903
Westminster 022,E02000981,8271,0.113166485,0.588441543,0.648224498,0.042195623,0.046004843
Westminster 023,E02000982,7638,0.137339618,0.531029065,0.51368197,0.06022519,0.088671255
Westminster 024,E02000983,7695,0.145679012,0.549447693,0.528367718,0.065367122,0.07194604
Bolton 001,E02000984,7678,0.227012243,0.682599635,0.423686275,0.027871842,0.031664964
Bolton 002,E02000985,7418,0.272175789,0.705446212,0.389953309,0.044357557,0.03201397
Bolton 003,E02000986,8394,0.206099595,0.574457946,0.327954645,0.047749464,0.033642126
Bolton 004,E02000987,7299,0.204000548,0.630086313,0.274314621,0.084657534,0.050351617
Bolton 005,E02000988,9044,0.15656789,0.445267581,0.247935041,0.067802234,0.054857729
Bolton 006,E02000989,8349,0.297640436,0.68786681,0.338707396,0.053659121,0.026434047
Bolton 007,E02000990,8354,0.193200862,0.634306919,0.354274986,0.048616932,0.03328742
Bolton 008,E02000991,7810,0.176440461,0.565428937,0.300931877,0.047625144,0.057833859
Bolton 009,E02000992,6306,0.230415477,0.639708214,0.313702848,0.049960349,0.034683955
Bolton 010,E02000993,8437,0.107502667,0.416261704,0.238232469,0.076001897,0.067046688
Bolton 011,E02000994,9048,0.103558798,0.326259947,0.201836243,0.071933702,0.110659581
Bolton 012,E02000995,8354,0.207325832,0.573378023,0.349946491,0.058936272,0.051860203
Bolton 013,E02000996,8576,0.142024254,0.418726679,0.179233428,0.085830904,0.104244694
Bolton 014,E02000997,6475,0.214517375,0.631505792,0.362865221,0.063136771,0.034360951
Bolton 015,E02000998,10437,0.105585896,0.363035355,0.229438347,0.059888846,0.099152965
Bolton 016,E02000999,8531,0.130113703,0.356347439,0.216888889,0.0989449,0.155743243
Bolton 017,E02001000,9178,0.180758335,0.521573328,0.238844086,0.072222222,0.074308486
Bolton 018,E02001001,8858,0.140776699,0.455294649,0.343118167,0.04832336,0.058760968
Bolton 019,E02001002,9728,0.192639803,0.513260691,0.228250946,0.064247533,0.063119097
Bolton 020,E02001003,7352,0.257480958,0.63656148,0.450389266,0.039858523,0.033036849
Bolton 021,E02001004,9343,0.09729209,0.309108423,0.192137156,0.068913858,0.11651436
Bolton 022,E02001005,9844,0.115603413,0.334924827,0.231404959,0.060639919,0.082468596
Bolton 023,E02001006,8471,0.097154999,0.352260654,0.226554947,0.053830717,0.081481481
Bolton 024,E02001007,10064,0.249602544,0.597774245,0.214542405,0.063586687,0.040737564
Bolton 025,E02001008,9154,0.096679047,0.325431505,0.205701685,0.067722556,0.098911968
Bolton 026,E02001009,7480,0.159625668,0.444919786,0.236735413,0.066033953,0.065293185
Bolton 027,E02001010,6523,0.114057949,0.405181665,0.213501423,0.064377682,0.079154728
Bolton 028,E02001011,9747,0.221504053,0.649738381,0.34533086,0.044727124,0.028611727
Bolton 029,E02001012,9800,0.11622449,0.361938776,0.25346143,0.052540298,0.049354005
Bolton 030,E02001013,6110,0.230441899,0.607855974,0.34509018,0.054700295,0.037089872
Bolton 031,E02001014,8469,0.185263904,0.572440666,0.25232423,0.071588895,0.051187852
Bolton 032,E02001015,8205,0.199390615,0.492017063,0.193553179,0.085689907,0.070208729
Bolton 033,E02001016,8706,0.118194349,0.420169998,0.192709935,0.080978635,0.074084199
Bolton 034,E02001017,10774,0.175515129,0.543159458,0.237278379,0.054941995,0.046498906
Bolton 035,E02001018,7666,0.169449517,0.615966606,0.31992951,0.041748206,0.028578529
Bury 001,E02001019,9040,0.194247788,0.631858407,0.37829793,0.045685841,0.03245614
Bury 002,E02001020,5919,0.311539111,0.729008278,0.422744625,0.040899104,0.024806202
Bury 003,E02001021,7502,0.224873367,0.703279126,0.415968379,0.038779318,0.022524882
Bury 004,E02001022,8073,0.218630001,0.560386473,0.300710936,0.063932598,0.045782464
Bury 005,E02001023,5695,0.221949078,0.595258999,0.33369875,0.050395083,0.047694754
Bury 006,E02001024,8058,0.206626955,0.621245967,0.319110304,0.043084182,0.028571429
Bury 007,E02001025,8151,0.148693412,0.465587045,0.214627151,0.076545633,0.084735754
Bury 008,E02001026,11350,0.0969163,0.350837004,0.239236677,0.065374449,0.091043203
Bury 009,E02001027,7279,0.147135596,0.51916472,0.273669661,0.057813787,0.047278725
Bury 010,E02001028,7334,0.3131988,0.715025907,0.350056643,0.04118369,0.022905554
Bury 011,E02001029,7777,0.129741546,0.405426257,0.258037648,0.063649222,0.068755704
Bury 012,E02001030,6181,0.19301084,0.627891927,0.334178202,0.045469256,0.027655563
Bury 013,E02001031,6876,0.178301338,0.507853403,0.286392694,0.064126799,0.047603627
Bury 014,E02001032,7674,0.205108157,0.551342194,0.241539695,0.069837134,0.038430311
Bury 015,E02001033,6178,0.135804467,0.47474911,0.253248092,0.054045307,0.048732302
Bury 016,E02001034,8617,0.146454683,0.460020889,0.211476372,0.090170593,0.076819407
Bury 017,E02001035,7216,0.23655765,0.662694013,0.346700084,0.040460025,0.030346821
Bury 018,E02001036,7487,0.156938694,0.507813543,0.28403676,0.054382683,0.050838142
Bury 019,E02001037,7214,0.261158858,0.670640421,0.423379668,0.046708247,0.030432309
Bury 020,E02001038,5680,0.18028169,0.54665493,0.344248352,0.071856287,0.042208934
Bury 021,E02001039,8603,0.129954667,0.479600139,0.277364506,0.060334806,0.063200815
Bury 022,E02001040,6401,0.193563506,0.602718325,0.383930263,0.051069811,0.045295056
Bury 023,E02001041,7729,0.165221892,0.569025747,0.391242715,0.064165589,0.051541182
Bury 024,E02001042,6562,0.181804328,0.59753124,0.428490779,0.04527439,0.041921665
Bury 025,E02001043,5684,0.168895144,0.567558058,0.395131493,0.056776235,0.046594982
Bury 026,E02001044,9563,0.115235805,0.379169717,0.376152524,0.033448312,0.04324868
Manchester 001,E02001045,8439,0.150491764,0.456926176,0.214948932,0.089044344,0.078856153
Manchester 002,E02001046,11212,0.103549768,0.411612558,0.295249406,0.070008026,0.080211726
Manchester 003,E02001047,10477,0.141357259,0.451369667,0.259172329,0.07962574,0.077570922
Manchester 004,E02001048,9444,0.121135112,0.385006353,0.307637504,0.059072623,0.074712644
Manchester 005,E02001049,10494,0.161425577,0.481132075,0.255201958,0.066609491,0.0615842
Manchester 006,E02001050,8427,0.09908627,0.356591907,0.255988024,0.06797153,0.104233483
Manchester 007,E02001051,9269,0.11230985,0.402092998,0.265822785,0.062034739,0.077647059
Manchester 008,E02001052,15014,0.083122419,0.320833888,0.280888214,0.055348342,0.094343278
Manchester 009,E02001053,11908,0.088176016,0.331457843,0.254289433,0.087588176,0.116772824
Manchester 011,E02001055,9687,0.134097244,0.398678641,0.241336291,0.087324525,0.085251046
Manchester 012,E02001056,8934,0.109805238,0.367024849,0.2382203,0.096922216,0.103121175
Manchester 015,E02001059,11852,0.082517719,0.38921701,0.323758026,0.071392405,0.088541667
Manchester 017,E02001061,10962,0.102809706,0.396825397,0.266905674,0.078172033,0.090971902
Manchester 018,E02001062,10138,0.059775104,0.444466364,0.395227821,0.060662853,0.107762297
Manchester 019,E02001063,11067,0.032348423,0.375079064,0.390007226,0.03522717,0.096092619
Manchester 020,E02001064,10773,0.087255175,0.383737121,0.286968694,0.079599221,0.104790419
Manchester 021,E02001065,9529,0.106097177,0.401091405,0.245082779,0.070004198,0.092085615
Manchester 022,E02001066,11565,0.051880674,0.391093818,0.321571855,0.047812554,0.116729269
Manchester 023,E02001067,11553,0.077988401,0.322859863,0.273298817,0.068398268,0.113339342
Manchester 024,E02001068,11885,0.06924695,0.253428692,0.308693575,0.0530832,0.114518922
Manchester 025,E02001069,12493,0.050748419,0.332426159,0.351880474,0.044985192,0.114216867
Manchester 026,E02001070,11994,0.05877939,0.432382858,0.293779904,0.048107387,0.098754178
Manchester 028,E02001072,8936,0.082811101,0.480416294,0.525,0.060080555,0.071503241
Manchester 029,E02001073,9364,0.122597181,0.64480991,0.614752024,0.04228962,0.044822539
Manchester 030,E02001074,11800,0.10559322,0.424152542,0.392635363,0.072124756,0.083065811
Manchester 031,E02001075,9135,0.068308703,0.433935413,0.404586759,0.051997811,0.083070197
Manchester 032,E02001076,11281,0.035812428,0.428951334,0.267506733,0.025809313,0.093288307
Manchester 033,E02001077,7420,0.133018868,0.627762803,0.609298532,0.04281675,0.042304887
Manchester 034,E02001078,10687,0.13380743,0.489286048,0.394887039,0.054812459,0.072672544
Manchester 035,E02001079,9457,0.09273554,0.428994396,0.34619883,0.067223338,0.081457663
Manchester 036,E02001080,9731,0.07327099,0.446408386,0.348982608,0.04214205,0.084751309
Manchester 037,E02001081,6308,0.130310717,0.634908053,0.606113707,0.048842372,0.031584884
Manchester 038,E02001082,6670,0.095802099,0.605247376,0.630730051,0.036265548,0.045881406
Manchester 039,E02001083,8242,0.063819461,0.604464936,0.690466191,0.041858772,0.031687546
Manchester 040,E02001084,8605,0.110865776,0.561766415,0.498065764,0.043700604,0.052815147
Manchester 041,E02001085,8969,0.103244509,0.396588248,0.279365079,0.081596255,0.078272981
Manchester 042,E02001086,6880,0.119476744,0.543459302,0.511545293,0.057832026,0.053839615
Manchester 043,E02001087,9285,0.16176629,0.708562197,0.681086649,0.040508511,0.031679389
Manchester 044,E02001088,9124,0.132617273,0.466571679,0.304160069,0.074199912,0.069074933
Manchester 045,E02001089,8039,0.154621222,0.625699714,0.560061444,0.039900559,0.041298639
Manchester 046,E02001090,6983,0.179292568,0.597021338,0.413163336,0.064603925,0.046795235
Manchester 047,E02001091,8383,0.17964929,0.56757724,0.313835273,0.070363745,0.051078602
Manchester 048,E02001092,9231,0.115697108,0.456721915,0.269110985,0.068472373,0.070062226
Manchester 049,E02001093,9898,0.120327339,0.441402303,0.26125391,0.081463513,0.085409253
Manchester 050,E02001094,9991,0.102292063,0.40706636,0.210033538,0.087596356,0.095459236
Manchester 051,E02001095,9031,0.126342598,0.476359207,0.240989703,0.087567807,0.067788344
Manchester 052,E02001096,8023,0.155303502,0.512900411,0.24808504,0.075685786,0.064335291
Manchester 053,E02001097,8566,0.129582069,0.497431707,0.208327048,0.084286715,0.082712561
Oldham 001,E02001098,5939,0.276309143,0.645731605,0.241614782,0.062615721,0.037911025
Oldham 002,E02001099,5678,0.195843607,0.554068334,0.231610551,0.075541469,0.057740888
Oldham 003,E02001100,6040,0.249503311,0.623675497,0.285914366,0.064259689,0.049981624
Oldham 004,E02001101,5674,0.250440606,0.656503349,0.292879915,0.048995418,0.03912883
Oldham 005,E02001102,6027,0.175875228,0.575244732,0.272596253,0.050754686,0.03880013
Oldham 006,E02001103,5504,0.261627907,0.694767442,0.409677419,0.049436569,0.02978236
Oldham 007,E02001104,7311,0.141430721,0.516071673,0.265047518,0.054416188,0.044662309
Oldham 008,E02001105,5947,0.241129982,0.599798218,0.244695898,0.063308144,0.043260636
Oldham 009,E02001106,6029,0.216785537,0.579200531,0.244293152,0.071345611,0.054371002
Oldham 010,E02001107,6922,0.154001734,0.456370991,0.257656968,0.046222736,0.06192822
Oldham 011,E02001108,5952,0.113071237,0.388776882,0.19561707,0.064348118,0.078926905
Oldham 012,E02001109,7751,0.157399045,0.462908012,0.202736113,0.079870968,0.064026206
Oldham 013,E02001110,6483,0.249730063,0.69088385,0.448592974,0.03612226,0.026728111
Oldham 014,E02001111,9136,0.090958844,0.327386165,0.185185185,0.087684729,0.123164219
Oldham 015,E02001112,5995,0.225020851,0.637864887,0.320415501,0.042542543,0.026392962
Oldham 016,E02001113,9435,0.068468468,0.305352411,0.179204529,0.062645749,0.125792459
Oldham 017,E02001114,8844,0.169154229,0.488466757,0.231382208,0.067359855,0.073840242
Oldham 018,E02001115,5991,0.194792188,0.548990152,0.26328801,0.052587646,0.033552404
Oldham 019,E02001116,7915,0.086544536,0.281238155,0.203445748,0.051061678,0.083081571
Oldham 020,E02001117,6000,0.263333333,0.7075,0.41964464,0.044833333,0.034372785
Oldham 021,E02001118,6065,0.23924155,0.682934872,0.341709537,0.047328496,0.029184837
Oldham 022,E02001119,12317,0.077129171,0.219209223,0.191703259,0.067386539,0.126883426
Oldham 024,E02001121,8679,0.06947805,0.247839613,0.200961698,0.063371356,0.115585384
Oldham 026,E02001123,7059,0.131605043,0.407848137,0.221324095,0.077620397,0.077402788
Oldham 027,E02001124,6877,0.127817362,0.387669042,0.201214882,0.083890666,0.074074074
Oldham 028,E02001125,7918,0.17466532,0.529679212,0.225892717,0.062255335,0.045825652
Oldham 029,E02001126,9164,0.105739852,0.35279354,0.188562829,0.074312527,0.08045977
Oldham 030,E02001127,7754,0.127160175,0.417461955,0.195240577,0.06898775,0.089659481
Oldham 031,E02001128,7460,0.178820375,0.526005362,0.210587842,0.066487936,0.061763861
Oldham 032,E02001129,6785,0.154900516,0.460132646,0.238331496,0.082092852,0.062041565
Oldham 033,E02001130,5802,0.23440193,0.583074802,0.214140179,0.069791487,0.044043321
Oldham 034,E02001131,5459,0.200036637,0.558344019,0.219429348,0.057163796,0.046839299
Rochdale 001,E02001132,6623,0.202778197,0.615129096,0.288827839,0.059773585,0.032014497
Rochdale 002,E02001133,6599,0.19821185,0.612971662,0.310879849,0.043181818,0.032039433
Rochdale 003,E02001134,6322,0.230939576,0.673995571,0.341444867,0.046007905,0.032015681
Rochdale 004,E02001135,8406,0.120390197,0.393647395,0.202419882,0.081875521,0.080434089
Rochdale 005,E02001136,9546,0.193065158,0.51822753,0.280150104,0.058878994,0.04622871
Rochdale 006,E02001137,6200,0.209677419,0.60516129,0.358479645,0.039348492,0.026679222
Rochdale 007,E02001138,8650,0.248554913,0.640346821,0.38130893,0.051907514,0.031754032
Rochdale 008,E02001139,10360,0.088223938,0.308880309,0.218189071,0.069111969,0.097008892
Rochdale 009,E02001140,8152,0.138002944,0.418915604,0.253033782,0.059271076,0.068873781
Rochdale 010,E02001141,12014,0.10296321,0.335858165,0.221407136,0.080572665,0.112134089
Rochdale 011,E02001142,6016,0.277260638,0.623337766,0.403846154,0.047041223,0.042036251
Rochdale 012,E02001143,11648,0.107228709,0.362809066,0.23238028,0.063745704,0.080283623
Rochdale 013,E02001144,6339,0.196403218,0.575169585,0.272639877,0.060902493,0.041082164
Rochdale 014,E02001145,7040,0.212215909,0.630113636,0.290238837,0.057102273,0.034084344
Rochdale 015,E02001146,10296,0.098873349,0.314005439,0.233659698,0.070131132,0.101792944
Rochdale 016,E02001147,10403,0.121503412,0.443718158,0.261611496,0.072582196,0.065725629
Rochdale 017,E02001148,10457,0.196614708,0.514392273,0.249940005,0.068368713,0.053175457
Rochdale 018,E02001149,10321,0.168297646,0.504020928,0.201177625,0.078674547,0.064890417
Rochdale 019,E02001150,8980,0.157906459,0.49142539,0.206125708,0.073154437,0.05780494
Rochdale 020,E02001151,10099,0.179126646,0.568571146,0.267673641,0.046534653,0.042185617
Rochdale 021,E02001152,9775,0.15601023,0.493401535,0.249153866,0.068535188,0.060978285
Rochdale 022,E02001153,12278,0.129499919,0.418064831,0.221035242,0.080944625,0.074641334
Rochdale 023,E02001154,10133,0.155334057,0.49166091,0.22238732,0.06444927,0.053370787
Rochdale 024,E02001155,7208,0.187014428,0.532047725,0.255478172,0.072399445,0.059755004
Rochdale 025,E02001156,9904,0.219608239,0.599858643,0.322921852,0.04867212,0.041595197
Salford 001,E02001157,8703,0.120648052,0.364357118,0.210186061,0.082950368,0.08889554
Salford 002,E02001158,6061,0.162349447,0.45091569,0.200337055,0.092723973,0.079365079
Salford 003,E02001159,7493,0.118243694,0.463365808,0.312628337,0.063909273,0.062293415
Salford 004,E02001160,7273,0.135294926,0.442733397,0.264930233,0.080583058,0.058685446
Salford 005,E02001161,5847,0.197879254,0.561826578,0.274203494,0.071538593,0.044247788
Salford 006,E02001162,5823,0.216726773,0.549544908,0.242774566,0.073049158,0.050872633
Salford 007,E02001163,9918,0.193587417,0.569872958,0.339511477,0.055555556,0.042527822
Salford 008,E02001164,7674,0.100990357,0.400964295,0.264998343,0.060456026,0.084613156
Salford 009,E02001165,6169,0.152536878,0.537850543,0.276042716,0.060281964,0.0514377
Salford 010,E02001166,8246,0.112903226,0.276255154,0.251389403,0.032254153,0.047125353
Salford 011,E02001167,6969,0.13416559,0.417706988,0.335579263,0.055228805,0.063532402
Salford 012,E02001168,9894,0.162118456,0.533050334,0.293263721,0.062259956,0.044463087
Salford 013,E02001169,10906,0.205941683,0.657436274,0.411230666,0.036677058,0.03040293
Salford 014,E02001170,9850,0.223045685,0.655126904,0.435759097,0.032788549,0.027120718
Salford 015,E02001171,6160,0.197564935,0.59788961,0.297712934,0.04577179,0.034166403
Salford 017,E02001173,9511,0.080328041,0.331090316,0.244163297,0.074276696,0.096774194
Salford 018,E02001174,5722,0.172492136,0.552953513,0.365190525,0.052751092,0.045942321
Salford 019,E02001175,7502,0.129298854,0.466675553,0.279649596,0.06517393,0.055893747
Salford 020,E02001176,11748,0.182328907,0.575927818,0.404076252,0.065877947,0.045022511
Salford 021,E02001177,13345,0.136530536,0.468340202,0.349972421,0.065797362,0.067931917
Salford 023,E02001179,7015,0.122024234,0.43663578,0.341782919,0.068975346,0.073461092
Salford 024,E02001180,5686,0.119240239,0.354906789,0.266795866,0.09444249,0.112605879
Salford 025,E02001181,5978,0.12746738,0.402475744,0.248557384,0.073795181,0.076614374
Salford 026,E02001182,7356,0.112833061,0.421968461,0.270144628,0.067727458,0.07570173
Salford 027,E02001183,7332,0.106519367,0.412302237,0.278390766,0.058422058,0.050765512
Salford 029,E02001185,9698,0.191792122,0.539286451,0.210200927,0.072695401,0.05238829
Salford 030,E02001186,10556,0.149677908,0.497631679,0.249727768,0.059297149,0.045794213
Stockport 001,E02001187,7002,0.179520137,0.58854613,0.250350631,0.060822387,0.046084252
Stockport 002,E02001188,8651,0.111894579,0.463414634,0.28236329,0.056416185,0.058598152
Stockport 003,E02001189,8299,0.179419207,0.62236414,0.311499486,0.053988913,0.039057083
Stockport 004,E02001190,7959,0.11106923,0.460484986,0.205729603,0.105653266,0.092492873
Stockport 005,E02001191,5744,0.256093315,0.662082173,0.29492709,0.063055217,0.041422287
Stockport 006,E02001192,6556,0.18471629,0.670683344,0.514044428,0.048192771,0.030268089
Stockport 007,E02001193,6408,0.139200999,0.535424469,0.310731244,0.062870515,0.053194651
Stockport 008,E02001194,6374,0.199403828,0.678851585,0.55688271,0.034347553,0.030813215
Stockport 009,E02001195,7553,0.204024891,0.613531047,0.263958569,0.052032305,0.037338943
Stockport 010,E02001196,7832,0.260597549,0.664581205,0.356780832,0.055420764,0.044871795
Stockport 011,E02001197,6276,0.176226896,0.640535373,0.443577431,0.042529468,0.035297825
Stockport 012,E02001198,7521,0.243983513,0.608961574,0.260948007,0.076309492,0.055003108
Stockport 013,E02001199,7905,0.192283365,0.680075901,0.536234128,0.036179633,0.026699629
Stockport 014,E02001200,7885,0.127203551,0.480786303,0.272770249,0.093318118,0.093989071
Stockport 015,E02001201,5790,0.155785838,0.586355786,0.272179156,0.047001901,0.033909149
Stockport 016,E02001202,6459,0.116426691,0.525003871,0.348679245,0.065520446,0.05212736
Stockport 017,E02001203,5863,0.283984308,0.770424697,0.548573791,0.027810954,0.027726433
Stockport 018,E02001204,8924,0.149372479,0.566674137,0.339902166,0.051445864,0.042965459
Stockport 019,E02001205,8429,0.148297544,0.561276545,0.271449275,0.061558534,0.051018074
Stockport 020,E02001206,7271,0.251272177,0.691651767,0.423577098,0.052001651,0.036041359
Stockport 021,E02001207,6848,0.228825935,0.66515771,0.301113271,0.045262082,0.035118525
Stockport 022,E02001208,7569,0.169639318,0.614744352,0.362771958,0.058520476,0.040465352
Stockport 023,E02001209,7769,0.141588364,0.580383576,0.368015414,0.052123552,0.04769935
Stockport 024,E02001210,7438,0.18055929,0.556466792,0.252191851,0.072331272,0.057503075
Stockport 025,E02001211,6664,0.200330132,0.646908764,0.491933953,0.0420042,0.029915862
Stockport 026,E02001212,6988,0.110904408,0.459358901,0.26029242,0.078408928,0.052126639
Stockport 027,E02001213,9920,0.173991935,0.654435484,0.408282552,0.047186933,0.033143939
Stockport 028,E02001214,8016,0.231162675,0.621132735,0.465026902,0.058852868,0.039204705
Stockport 029,E02001215,5973,0.285786037,0.716223004,0.410876133,0.054076678,0.028623853
Stockport 030,E02001216,7840,0.227933673,0.642984694,0.451683979,0.037381985,0.032066828
Stockport 031,E02001217,6756,0.204558911,0.618709295,0.339909502,0.059633028,0.043555032
Stockport 032,E02001218,6024,0.247675963,0.696547145,0.496404356,0.044510879,0.042304887
Stockport 033,E02001219,5284,0.273656321,0.723504921,0.371992737,0.033869442,0.026963658
Stockport 034,E02001220,5676,0.20243129,0.652043693,0.440273791,0.046159267,0.043285239
Stockport 035,E02001221,5867,0.262825976,0.728992671,0.374667485,0.040231845,0.029796512
Stockport 036,E02001222,6477,0.246410375,0.635479389,0.382755995,0.044458166,0.041418041
Stockport 037,E02001223,6666,0.264176418,0.720972097,0.492196007,0.039118705,0.029204108
Stockport 038,E02001224,5785,0.346413137,0.782541054,0.345978153,0.046853389,0.024656427
Stockport 039,E02001225,7378,0.224044456,0.692193006,0.456051386,0.032266811,0.018756999
Stockport 040,E02001226,7179,0.193063101,0.603705251,0.365939479,0.048182704,0.042675545
Stockport 041,E02001227,5692,0.276879831,0.712227688,0.497171453,0.032694674,0.014178811
Stockport 042,E02001228,6260,0.254313099,0.755271565,0.510903427,0.027320658,0.027263548
Tameside 001,E02001229,10309,0.173731691,0.596081094,0.341495305,0.050528562,0.039387717
Tameside 002,E02001230,5867,0.239304585,0.624339526,0.28314239,0.058943782,0.03567447
Tameside 003,E02001231,7102,0.164179104,0.56406646,0.270803443,0.056048444,0.045876887
Tameside 004,E02001232,8694,0.149873476,0.475500345,0.230860358,0.063031976,0.06654536
Tameside 005,E02001233,7991,0.200475535,0.516330872,0.204004414,0.086586587,0.049239033
Tameside 006,E02001234,7942,0.148451272,0.464744397,0.219875573,0.080689829,0.068764569
Tameside 007,E02001235,7216,0.149390244,0.511502217,0.263441796,0.062508663,0.047659817
Tameside 008,E02001236,6111,0.153002782,0.486990673,0.216452991,0.080608241,0.068809074
Tameside 009,E02001237,7217,0.143549952,0.551198559,0.246850945,0.058481153,0.041126761
Tameside 010,E02001238,7995,0.196247655,0.577110694,0.240116013,0.06154616,0.043986779
Tameside 011,E02001239,9540,0.152620545,0.518763103,0.227398342,0.069511428,0.053379251
Tameside 012,E02001240,6386,0.165361729,0.536799248,0.226484194,0.058749804,0.051226327
Tameside 013,E02001241,11204,0.106033559,0.374241342,0.205495677,0.079710792,0.10267035
Tameside 014,E02001242,7057,0.184072552,0.587218365,0.304119194,0.044932672,0.03745109
Tameside 015,E02001243,8238,0.224326293,0.637169216,0.30748162,0.061794343,0.047536946
Tameside 016,E02001244,5408,0.23816568,0.647004438,0.254346857,0.048807543,0.031686156
Tameside 017,E02001245,8039,0.154621222,0.524567732,0.226298751,0.067404552,0.051876102
Tameside 018,E02001246,7433,0.190636351,0.53935154,0.191881919,0.085764216,0.054954955
Tameside 019,E02001247,7418,0.164060394,0.534241035,0.238683815,0.064303047,0.051976776
Tameside 020,E02001248,11982,0.124353196,0.499582707,0.232847341,0.070260347,0.051233722
Tameside 021,E02001249,6375,0.171764706,0.542745098,0.220142774,0.064060292,0.058211382
Tameside 022,E02001250,6478,0.20994134,0.647422044,0.271236411,0.050177551,0.035628019
Tameside 023,E02001251,6096,0.23851706,0.64058399,0.330857925,0.055792583,0.036363636
Tameside 024,E02001252,7539,0.224565592,0.641066454,0.248493498,0.04867374,0.034383202
Tameside 025,E02001253,5014,0.19904268,0.589549262,0.203185328,0.073637996,0.04328479
Tameside 026,E02001254,5633,0.207172022,0.564707971,0.198090692,0.071327182,0.048698885
Tameside 027,E02001255,7681,0.119515688,0.442520505,0.191038984,0.083582867,0.056922621
Tameside 028,E02001256,10543,0.140567201,0.471118278,0.211017053,0.073216995,0.069230769
Tameside 029,E02001257,9121,0.225742791,0.560793773,0.21128644,0.081798246,0.053440703
Tameside 030,E02001258,7436,0.231172673,0.650618612,0.304015607,0.050020169,0.030629139
Trafford 001,E02001259,11721,0.079259449,0.407559082,0.394557086,0.063470398,0.083333333
Trafford 002,E02001260,7581,0.198918349,0.635008574,0.324772432,0.044717056,0.036997604
Trafford 003,E02001261,8880,0.098986486,0.490315315,0.377222142,0.049442505,0.057272531
Trafford 004,E02001262,8674,0.135462301,0.492621628,0.407110593,0.057969344,0.064050633
Trafford 005,E02001263,8391,0.234179478,0.682755333,0.388103222,0.049916607,0.026768173
Trafford 006,E02001264,8658,0.136983137,0.549318549,0.350118835,0.042870349,0.041628545
Trafford 007,E02001265,8193,0.19345783,0.623581106,0.318318771,0.053737176,0.037475345
Trafford 008,E02001266,6925,0.168231047,0.553790614,0.32090355,0.06181398,0.05511811
Trafford 009,E02001267,7247,0.206706223,0.648406237,0.39348868,0.06705298,0.038711424
Trafford 010,E02001268,7040,0.238636364,0.7046875,0.381852552,0.046455462,0.027696793
Trafford 011,E02001269,8355,0.152004788,0.55475763,0.417548041,0.053973193,0.044681884
Trafford 012,E02001270,8548,0.158633599,0.643542349,0.498958953,0.043396889,0.034582776
Trafford 013,E02001271,6647,0.176771476,0.59951858,0.329053277,0.061709813,0.048004988
Trafford 014,E02001272,8024,0.197906281,0.666874377,0.505263158,0.033898305,0.036594473
Trafford 015,E02001273,9535,0.172836917,0.633245936,0.54978298,0.034500839,0.034813926
Trafford 016,E02001274,8055,0.250900062,0.705276226,0.491587641,0.038346984,0.031935573
Trafford 017,E02001275,8192,0.156005859,0.494018555,0.193818416,0.085592186,0.065336803
Trafford 018,E02001276,8116,0.165475604,0.59043864,0.367889761,0.058156727,0.043329832
Trafford 019,E02001277,9348,0.11317929,0.524925118,0.365715899,0.05486631,0.055666445
Trafford 020,E02001278,8690,0.173647871,0.65420023,0.477205447,0.031861054,0.029309142
Trafford 021,E02001279,8286,0.190924451,0.690200338,0.478041316,0.03053343,0.031616766
Trafford 022,E02001280,8401,0.199023926,0.601237948,0.338477833,0.063318258,0.048701299
Trafford 023,E02001281,7737,0.23316531,0.699625178,0.461787565,0.029210288,0.028399782
Trafford 024,E02001282,10108,0.135140483,0.606648199,0.528051118,0.029487433,0.033420463
Trafford 025,E02001283,9514,0.200336346,0.663968888,0.550599896,0.033953537,0.033812342
Trafford 026,E02001284,8154,0.159798872,0.673411822,0.619693584,0.019990189,0.027647494
Trafford 027,E02001285,7755,0.241005803,0.712185687,0.577696816,0.035843218,0.036537381
Trafford 028,E02001286,8277,0.239337924,0.660746647,0.541054585,0.030925344,0.028636235
Wigan 001,E02001287,6631,0.180515759,0.682400845,0.359403754,0.036953243,0.027832443
Wigan 002,E02001288,8336,0.222888676,0.692538388,0.383211154,0.045596352,0.034491134
Wigan 003,E02001289,10174,0.257322587,0.682032632,0.335256712,0.049734618,0.026767043
Wigan 004,E02001290,6129,0.232501224,0.655571871,0.311491347,0.062652961,0.030576789
Wigan 005,E02001291,7815,0.184388996,0.556493922,0.225189633,0.068074216,0.055949782
Wigan 006,E02001292,8030,0.224283935,0.641967621,0.382487798,0.043835616,0.031624586
Wigan 007,E02001293,6258,0.219558965,0.627356983,0.259961686,0.060402685,0.032384691
Wigan 008,E02001294,7995,0.156722952,0.578986867,0.287706147,0.052263066,0.04422895
Wigan 009,E02001295,7230,0.166251729,0.493499308,0.169360269,0.104964735,0.090297791
Wigan 010,E02001296,9048,0.125221043,0.385278515,0.14986458,0.091581971,0.097157773
Wigan 011,E02001297,6603,0.18809632,0.538997425,0.203987447,0.080708661,0.04675911
Wigan 012,E02001298,8127,0.140150117,0.456626061,0.168638587,0.074981532,0.070943191
Wigan 013,E02001299,8691,0.180416523,0.574042113,0.235033259,0.065362486,0.045065865
Wigan 014,E02001300,7890,0.20468948,0.569708492,0.197744477,0.067190669,0.043501326
Wigan 015,E02001301,9029,0.155720456,0.493299369,0.231055387,0.070218186,0.058917928
Wigan 016,E02001302,7985,0.204132749,0.548528491,0.191100703,0.073405988,0.052181352
Wigan 017,E02001303,9028,0.137350465,0.444505981,0.207325798,0.081090063,0.083374938
Wigan 018,E02001304,12764,0.230492009,0.638906299,0.334122325,0.048887496,0.025061025
Wigan 019,E02001305,8524,0.232402628,0.591740967,0.232016925,0.063035568,0.028759444
Wigan 020,E02001306,7149,0.244090083,0.630577703,0.218869812,0.058337997,0.034371328
Wigan 021,E02001307,11653,0.202694585,0.645756458,0.302663438,0.03750751,0.02176781
Wigan 022,E02001308,5975,0.229790795,0.571882845,0.230877052,0.068341709,0.04742268
Wigan 023,E02001309,8353,0.194181731,0.555129893,0.25,0.054464927,0.036514906
Wigan 024,E02001310,9231,0.149387932,0.474596468,0.195370626,0.074997291,0.05679418
Wigan 025,E02001311,8192,0.197021484,0.54699707,0.261671127,0.063240142,0.042914172
Wigan 026,E02001312,8688,0.146523941,0.488720074,0.218843683,0.065600184,0.052514243
Wigan 027,E02001313,8172,0.170460108,0.473078806,0.208648649,0.088649443,0.061055635
Wigan 028,E02001314,8006,0.167374469,0.5889333,0.299447514,0.03996004,0.038730635
Wigan 029,E02001315,9442,0.187989833,0.607074772,0.333159609,0.043118974,0.029411765
Wigan 030,E02001316,7363,0.123047671,0.409615646,0.212877128,0.062652895,0.083013699
Wigan 031,E02001317,9005,0.191227096,0.568239867,0.268715311,0.061847657,0.043951065
Wigan 032,E02001318,7827,0.229334355,0.610706529,0.230603448,0.066155811,0.042541282
Wigan 033,E02001319,8322,0.163061764,0.489786109,0.21992872,0.079557745,0.057571965
Wigan 034,E02001320,7391,0.202273035,0.542010553,0.22229519,0.06712681,0.047592068
Wigan 035,E02001321,8007,0.212314225,0.61358811,0.250986942,0.054840725,0.040909091
Wigan 036,E02001322,7204,0.261382565,0.640061077,0.272503285,0.064252012,0.035181872
Wigan 037,E02001323,7704,0.212227414,0.594885774,0.305993691,0.062426995,0.0464354
Wigan 038,E02001324,8267,0.184468368,0.522438611,0.21964018,0.069061442,0.042622134
Wigan 039,E02001325,8958,0.207524001,0.665438714,0.326497789,0.041652708,0.029481386
Wigan 040,E02001326,8165,0.22033068,0.606368647,0.299940281,0.054500919,0.032534678
Knowsley 001,E02001327,9417,0.121376234,0.42646278,0.181622088,0.096582467,0.068411506
Knowsley 002,E02001328,10527,0.17431367,0.555523891,0.249064546,0.073620215,0.035342262
Knowsley 003,E02001329,7471,0.149779146,0.474367555,0.172996487,0.110546039,0.06936771
Knowsley 004,E02001330,9085,0.153990094,0.480572372,0.191186628,0.10094672,0.065565809
Knowsley 005,E02001331,10130,0.175616979,0.496643633,0.188084687,0.103652517,0.063695701
Knowsley 006,E02001332,7563,0.147428269,0.44585482,0.201211306,0.105089227,0.070073439
Knowsley 007,E02001333,9465,0.16133122,0.510935024,0.264035431,0.091475652,0.053753887
Knowsley 008,E02001334,6596,0.124924196,0.441176471,0.19187537,0.107169926,0.084733109
Knowsley 009,E02001335,8231,0.167172883,0.584862107,0.308570581,0.062803693,0.038533396
Knowsley 010,E02001336,6999,0.148878411,0.414630662,0.183075221,0.122411084,0.086940837
Knowsley 011,E02001337,5847,0.173593296,0.503164016,0.245628818,0.080369357,0.060562879
Knowsley 012,E02001338,6134,0.166123247,0.504727747,0.237094471,0.084801044,0.046244784
Knowsley 013,E02001339,6399,0.166275981,0.501328333,0.216200236,0.081355403,0.055871886
Knowsley 014,E02001340,9739,0.189444501,0.573056782,0.312617702,0.048562628,0.031828128
Knowsley 015,E02001341,7502,0.168621701,0.478405758,0.196574089,0.101572914,0.067596241
Knowsley 016,E02001342,7838,0.240750191,0.663562133,0.329629073,0.059311224,0.023622047
Knowsley 017,E02001343,7216,0.213968958,0.633314856,0.313486842,0.055863599,0.031359827
Knowsley 018,E02001344,5492,0.193918427,0.56427531,0.265915981,0.080357143,0.045385202
Knowsley 019,E02001345,5402,0.227323214,0.61569789,0.273182412,0.061458719,0.038277512
Knowsley 020,E02001346,7452,0.154723564,0.456521739,0.217054264,0.094215542,0.07068297
Liverpool 001,E02001347,8039,0.149894265,0.495708421,0.252126837,0.089823339,0.0544
Liverpool 002,E02001348,6661,0.173397388,0.530250713,0.241530055,0.077292511,0.061658186
Liverpool 003,E02001349,8040,0.160572139,0.5539801,0.253494189,0.071997016,0.058362809
Liverpool 004,E02001350,8066,0.17679147,0.484378874,0.206179067,0.113439127,0.063478004
Liverpool 005,E02001351,8992,0.135787367,0.456072064,0.210257119,0.107678631,0.077677841
Liverpool 006,E02001352,6443,0.146826013,0.476796523,0.213061067,0.09347388,0.0700035
Liverpool 007,E02001353,7255,0.16884907,0.56540317,0.284180507,0.064275862,0.040459267
Liverpool 008,E02001354,7916,0.157781708,0.446311268,0.197622821,0.100934816,0.070276498
Liverpool 009,E02001355,6343,0.175626675,0.492669084,0.205490044,0.098360656,0.065366558
Liverpool 010,E02001356,9173,0.088847705,0.363894037,0.252940278,0.073000654,0.06522293
Liverpool 011,E02001357,7232,0.154590708,0.430448009,0.193738819,0.103152655,0.08240612
Liverpool 012,E02001358,6977,0.145621327,0.408771678,0.207069801,0.103225806,0.11183089
Liverpool 013,E02001359,5511,0.224823081,0.587915079,0.268176915,0.078388677,0.056254917
Liverpool 014,E02001360,8801,0.159527326,0.419270537,0.196355417,0.117272727,0.093855693
Liverpool 015,E02001361,7275,0.187766323,0.508865979,0.200903312,0.105964816,0.066438994
Liverpool 016,E02001362,7578,0.207178675,0.539192399,0.245956765,0.094446643,0.060046866
Liverpool 017,E02001363,7895,0.14249525,0.41659278,0.227999354,0.096909045,0.073068894
Liverpool 018,E02001364,6289,0.133566545,0.395770393,0.207176161,0.110881324,0.095467308
Liverpool 019,E02001365,9288,0.118647717,0.38296727,0.23415493,0.080219662,0.106299213
Liverpool 020,E02001366,8801,0.154527895,0.478127486,0.253476085,0.088389002,0.087649402
Liverpool 021,E02001367,9688,0.220375723,0.597956235,0.336905059,0.05913923,0.040881169
Liverpool 022,E02001368,7163,0.172972218,0.489180511,0.248508607,0.12491277,0.087285223
Liverpool 023,E02001369,8072,0.163652131,0.466427156,0.256689209,0.132374814,0.084945884
Liverpool 024,E02001370,7115,0.157695011,0.411243851,0.220473833,0.130288124,0.119613371
Liverpool 025,E02001371,7639,0.142165205,0.450844351,0.222575251,0.092813195,0.066906691
Liverpool 026,E02001372,6065,0.217147568,0.579554823,0.265875371,0.102225886,0.059066968
Liverpool 027,E02001373,8913,0.150790979,0.488948727,0.271172527,0.086156608,0.071342201
Liverpool 028,E02001374,8621,0.111587983,0.397401694,0.308546528,0.084812623,0.106314085
Liverpool 029,E02001375,6902,0.193422196,0.523761229,0.244159494,0.097493843,0.056726094
Liverpool 030,E02001376,9326,0.096397169,0.353849453,0.258416742,0.078408238,0.099665552
Liverpool 031,E02001377,12382,0.077047327,0.416087869,0.273879743,0.059118075,0.089985994
Liverpool 032,E02001378,7376,0.185601952,0.552738612,0.289766317,0.096555465,0.055085981
Liverpool 034,E02001380,7550,0.203046358,0.624503311,0.384640207,0.052046087,0.038522013
Liverpool 035,E02001381,9838,0.095649522,0.375889408,0.31232564,0.073396361,0.089723926
Liverpool 036,E02001382,6903,0.199333623,0.650876431,0.399041023,0.044045204,0.033033903
Liverpool 037,E02001383,9558,0.076061938,0.401862314,0.38198219,0.068012975,0.105136678
Liverpool 038,E02001384,10799,0.069173072,0.400963052,0.273697169,0.043140159,0.076976663
Liverpool 039,E02001385,9077,0.080753553,0.290734824,0.290770609,0.084700958,0.153899965
Liverpool 040,E02001386,8179,0.217630517,0.523902678,0.201610498,0.125458547,0.074578278
Liverpool 041,E02001387,7872,0.217098577,0.680767276,0.505674847,0.042174797,0.032215122
Liverpool 042,E02001388,8286,0.108858315,0.56963553,0.408399609,0.040086936,0.049317359
Liverpool 043,E02001389,6588,0.098816029,0.493624772,0.47790393,0.072512136,0.09213615
Liverpool 044,E02001390,9713,0.131885102,0.430556985,0.269630785,0.111397097,0.097402597
Liverpool 045,E02001391,5991,0.184443332,0.457185779,0.173473684,0.109163746,0.068583162
Liverpool 046,E02001392,6323,0.268701566,0.658864463,0.426515152,0.048228969,0.021364576
Liverpool 047,E02001393,7488,0.263621795,0.706330128,0.501188778,0.038461538,0.024605678
Liverpool 048,E02001394,8642,0.183638047,0.59858829,0.48558006,0.07103193,0.053729911
Liverpool 049,E02001395,5943,0.210668013,0.647820966,0.464293064,0.041890983,0.029885829
Liverpool 050,E02001396,7670,0.156584094,0.532333768,0.397201946,0.083083344,0.055793991
Liverpool 051,E02001397,7192,0.27016129,0.651001112,0.370110821,0.087694878,0.051831161
Liverpool 052,E02001398,7455,0.18323273,0.602012072,0.469664306,0.064269422,0.054118902
Liverpool 053,E02001399,7023,0.226968532,0.681475153,0.450802512,0.049992879,0.032894737
Liverpool 054,E02001400,6895,0.193763597,0.606671501,0.337231969,0.080603073,0.048104492
Liverpool 055,E02001401,7985,0.22680025,0.613650595,0.340602756,0.055812789,0.034959562
Liverpool 056,E02001402,9034,0.214744299,0.642351118,0.494459459,0.047371334,0.034297713
Liverpool 057,E02001403,6456,0.133828996,0.474907063,0.301581105,0.086276332,0.062479339
Liverpool 058,E02001404,7830,0.126692209,0.453895275,0.224939662,0.08723975,0.059745877
Liverpool 059,E02001405,9907,0.136166347,0.398808923,0.18818206,0.105762438,0.087762067
St. Helens 001,E02001406,7848,0.310652396,0.724770642,0.368428935,0.055952077,0.02806197
St. Helens 002,E02001407,5834,0.333047652,0.709290367,0.306690349,0.065467009,0.026866851
St. Helens 003,E02001408,5447,0.27225996,0.671195153,0.302260495,0.060366972,0.036585366
St. Helens 004,E02001409,10270,0.214995131,0.59707887,0.249616971,0.081873053,0.046908316
St. Helens 005,E02001410,5764,0.210097155,0.575988897,0.209495423,0.083752384,0.040031397
St. Helens 006,E02001411,5796,0.236542443,0.613871636,0.215267802,0.080876013,0.035595106
St. Helens 007,E02001412,9080,0.200770925,0.604625551,0.327208862,0.064889281,0.040749415
St. Helens 008,E02001413,9259,0.245274868,0.626741549,0.209200155,0.084584639,0.052945385
St. Helens 009,E02001414,5538,0.281690141,0.703141928,0.419159081,0.044396318,0.02799506
St. Helens 010,E02001415,6911,0.149471856,0.55896397,0.282940109,0.066946212,0.045751634
St. Helens 011,E02001416,6425,0.154863813,0.473463035,0.173479561,0.099393374,0.073350534
St. Helens 012,E02001417,7320,0.157923497,0.514480874,0.22863629,0.111338798,0.087537092
St. Helens 013,E02001418,6565,0.15262757,0.522162986,0.292088489,0.074920055,0.04736211
St. Helens 014,E02001419,7673,0.139189365,0.486902124,0.191978004,0.09237785,0.07983801
St. Helens 015,E02001420,11882,0.157044269,0.578353812,0.332034951,0.061011529,0.041931173
St. Helens 016,E02001421,10505,0.180485483,0.585816278,0.274680073,0.074712097,0.052130898
St. Helens 017,E02001422,6709,0.136682069,0.462811149,0.18003084,0.098062593,0.067700987
St. Helens 018,E02001423,6575,0.242129278,0.67513308,0.375721501,0.053392151,0.032938919
St. Helens 020,E02001425,10689,0.219945739,0.59023295,0.226296959,0.078585462,0.048007968
St. Helens 021,E02001426,5445,0.257300275,0.638934803,0.277305428,0.068528385,0.035728786
St. Helens 022,E02001427,10851,0.167910792,0.550548337,0.227288389,0.075640317,0.058073376
St. Helens 023,E02001428,5580,0.305197133,0.705017921,0.370927318,0.055774749,0.034945144
Sefton 001,E02001429,6679,0.311723312,0.675400509,0.259623835,0.063323353,0.036659878
Sefton 002,E02001430,6852,0.296117922,0.733216579,0.33105802,0.051555426,0.03267551
Sefton 003,E02001431,7525,0.403189369,0.737541528,0.321182118,0.09820598,0.041559397
Sefton 004,E02001432,9524,0.240130197,0.492755145,0.266062603,0.099748005,0.084236676
Sefton 005,E02001433,7447,0.161810125,0.516449577,0.28173322,0.05947107,0.040611961
Sefton 006,E02001434,7371,0.167412834,0.554198888,0.311442112,0.058336725,0.035366193
Sefton 007,E02001435,8839,0.165063921,0.489987555,0.298895028,0.063468718,0.057639524
Sefton 008,E02001436,9670,0.189658738,0.600620476,0.311071153,0.056555004,0.044104803
Sefton 009,E02001437,9276,0.371711945,0.742884864,0.386751096,0.070504528,0.051128637
Sefton 010,E02001438,7189,0.203505355,0.626930032,0.339597088,0.052719432,0.031890661
Sefton 011,E02001439,6576,0.227645985,0.609641119,0.291844696,0.068378666,0.04940849
Sefton 012,E02001440,6022,0.374792428,0.782132182,0.390526916,0.050996678,0.029978587
Sefton 013,E02001441,6335,0.352170481,0.747434886,0.433732719,0.050244904,0.019560878
Sefton 014,E02001442,6055,0.327002477,0.718744839,0.397881107,0.060115607,0.041122974
Sefton 015,E02001443,5646,0.307828551,0.726532058,0.416141236,0.043239412,0.032540676
Sefton 016,E02001444,5595,0.267024129,0.708668454,0.353702525,0.043097282,0.035576179
Sefton 017,E02001445,6834,0.281240855,0.691395961,0.320055182,0.057075955,0.031394275
Sefton 018,E02001446,7329,0.249283668,0.643744031,0.298039216,0.04995905,0.034157833
Sefton 019,E02001447,6071,0.292538297,0.667929501,0.309878214,0.057825371,0.039333806
Sefton 020,E02001448,6750,0.252148148,0.655555556,0.31937357,0.05186722,0.031154551
Sefton 021,E02001449,9278,0.255442983,0.64625997,0.340066479,0.063880211,0.031954023
Sefton 022,E02001450,8362,0.284262138,0.709399665,0.452029779,0.046383742,0.028948049
Sefton 023,E02001451,5980,0.201170569,0.488294314,0.172921418,0.105888257,0.058776167
Sefton 024,E02001452,6282,0.179560649,0.484718243,0.197499512,0.115004779,0.072928599
Sefton 025,E02001453,8809,0.226699966,0.655806561,0.367511995,0.049251021,0.031264368
Sefton 026,E02001454,7285,0.230199039,0.623472889,0.269167217,0.06179621,0.025678015
Sefton 027,E02001455,7109,0.203122802,0.609931073,0.257580863,0.061049374,0.026922009
Sefton 028,E02001456,7412,0.235024285,0.626956287,0.365214596,0.058807661,0.037378115
Sefton 029,E02001457,6818,0.14975066,0.458492226,0.188741119,0.094602523,0.077735125
Sefton 030,E02001458,7689,0.165171024,0.586552217,0.367899292,0.060606061,0.050985222
Sefton 031,E02001459,6857,0.174711973,0.524427592,0.218316207,0.076104388,0.058414044
Sefton 032,E02001460,7912,0.204246714,0.511248736,0.260158944,0.0988622,0.060441134
Sefton 033,E02001461,6903,0.196870926,0.561784731,0.234394232,0.062862109,0.043329532
Sefton 034,E02001462,7670,0.136505867,0.431551499,0.18682595,0.10194238,0.077965081
Sefton 035,E02001463,7475,0.153311037,0.477056856,0.20796087,0.091663321,0.063332347
Sefton 036,E02001464,7071,0.139584217,0.434874841,0.188874978,0.089649321,0.103896104
Sefton 037,E02001465,7689,0.154896606,0.429444661,0.205276303,0.117930048,0.089491737
Sefton 038,E02001466,9038,0.164416906,0.465147156,0.200138026,0.082208453,0.077108434
Wirral 001,E02001467,7596,0.247235387,0.636255924,0.332825822,0.089005925,0.046484935
Wirral 002,E02001468,7605,0.198422091,0.586850756,0.294973127,0.08086785,0.054883197
Wirral 003,E02001469,7615,0.254235062,0.671700591,0.318210068,0.061203047,0.037223622
Wirral 004,E02001470,8297,0.215740629,0.658671809,0.341248901,0.047842854,0.032451323
Wirral 005,E02001471,7338,0.171708913,0.500817661,0.233201581,0.098923559,0.076468658
Wirral 006,E02001472,7049,0.175627749,0.581359058,0.268903088,0.072533712,0.041412911
Wirral 007,E02001473,7618,0.198608559,0.58072985,0.244721689,0.069300433,0.044481982
Wirral 008,E02001474,6958,0.136102328,0.444380569,0.175893887,0.108858211,0.086614173
Wirral 009,E02001475,6393,0.171750352,0.50727358,0.189183673,0.106712565,0.058962264
Wirral 010,E02001476,7927,0.129809512,0.456162483,0.206054688,0.102939321,0.073943662
Wirral 011,E02001477,7695,0.129564652,0.406367771,0.194532072,0.108367983,0.085252664
Wirral 012,E02001478,8159,0.247334232,0.621644809,0.242742891,0.086684649,0.040438079
Wirral 013,E02001479,6045,0.234574028,0.721753515,0.375746714,0.046484698,0.030167981
Wirral 014,E02001480,7584,0.267800633,0.712552743,0.453836556,0.059591299,0.037317784
Wirral 015,E02001481,8083,0.219101819,0.623902017,0.307055169,0.068035626,0.038887458
Wirral 016,E02001482,8043,0.143976128,0.450826806,0.214609116,0.12966186,0.094339623
Wirral 017,E02001483,7209,0.25523651,0.685809405,0.288578472,0.05929732,0.02269421
Wirral 018,E02001484,8072,0.257804757,0.641848365,0.32827524,0.068666336,0.035001367
Wirral 019,E02001485,6900,0.163188406,0.488695652,0.217038156,0.087523547,0.055208333
Wirral 020,E02001486,7948,0.291897333,0.666079517,0.385651496,0.086972939,0.05013624
Wirral 021,E02001487,9374,0.113718797,0.425325368,0.217779016,0.098208573,0.066955193
Wirral 022,E02001488,8395,0.162835021,0.534723049,0.307850632,0.075163788,0.055836281
Wirral 023,E02001489,8073,0.313885792,0.731326644,0.374202899,0.047312361,0.029010239
Wirral 024,E02001490,8211,0.229691877,0.632931433,0.289786921,0.053971735,0.032037173
Wirral 025,E02001491,6735,0.187676318,0.514922049,0.197368421,0.0903015,0.050089445
Wirral 026,E02001492,7579,0.271671725,0.689932709,0.455483257,0.050659631,0.045440867
Wirral 027,E02001493,8944,0.132826476,0.430008945,0.204956559,0.120049228,0.085290828
Wirral 028,E02001494,7031,0.299672877,0.737306215,0.502380143,0.034738041,0.040338321
Wirral 029,E02001495,7983,0.1841413,0.560816736,0.249494792,0.078387178,0.057844475
Wirral 030,E02001496,6060,0.237128713,0.639273927,0.35897947,0.05923115,0.039586305
Wirral 031,E02001497,8160,0.169607843,0.497916667,0.248134328,0.087788131,0.055113636
Wirral 032,E02001498,7240,0.203453039,0.632734807,0.375529571,0.053699613,0.034274194
Wirral 033,E02001499,6605,0.302952309,0.719152157,0.391296529,0.048780488,0.029492455
Wirral 034,E02001500,7333,0.274103368,0.708168553,0.372721354,0.053456975,0.033343346
Wirral 035,E02001501,7730,0.216170763,0.683441138,0.359874115,0.052795031,0.033180469
Wirral 036,E02001502,9715,0.192177046,0.603808543,0.335308953,0.065568708,0.034232365
Wirral 037,E02001503,7523,0.296424299,0.721121893,0.394831637,0.070061154,0.033476658
Wirral 038,E02001504,6983,0.334383503,0.775454676,0.425271967,0.042251504,0.025728988
Wirral 039,E02001505,6479,0.220250039,0.638524464,0.296857464,0.070018507,0.035164099
Wirral 040,E02001506,8839,0.338160425,0.781762643,0.531751293,0.032469736,0.027312061
Wirral 041,E02001507,6977,0.296259137,0.717643686,0.345712819,0.042455536,0.028200253
Wirral 042,E02001508,8130,0.19803198,0.60504305,0.276841306,0.066929134,0.032425422
Barnsley 001,E02001509,6961,0.196954461,0.609682517,0.241434122,0.065373563,0.036742192
Barnsley 002,E02001510,5929,0.19379322,0.568729971,0.202326548,0.081446435,0.045985677
Barnsley 003,E02001511,6119,0.233044615,0.599607779,0.206412032,0.093954248,0.037077034
Barnsley 004,E02001512,8537,0.21834368,0.633009254,0.275031686,0.06440281,0.029567308
Barnsley 005,E02001513,7575,0.234719472,0.663762376,0.283202512,0.063638764,0.030484486
Barnsley 006,E02001514,7781,0.154350341,0.514715332,0.192036703,0.093059126,0.047028275
Barnsley 007,E02001515,9663,0.161854497,0.512159785,0.145850013,0.100879462,0.067997978
Barnsley 008,E02001516,6293,0.152391546,0.573176545,0.1852,0.072926597,0.046511628
Barnsley 009,E02001517,7979,0.240631658,0.656347913,0.20980275,0.075554442,0.03472599
Barnsley 010,E02001518,10209,0.176021158,0.59085121,0.270299145,0.063081595,0.048986819
Barnsley 011,E02001519,7978,0.156054149,0.541238406,0.198021382,0.08063707,0.048956885
Barnsley 012,E02001520,11664,0.246313443,0.681670096,0.298656352,0.05701792,0.026809651
Barnsley 013,E02001521,12090,0.124896609,0.456575682,0.258096662,0.060210074,0.055462949
Barnsley 014,E02001522,9517,0.177471892,0.519596512,0.160253868,0.103078701,0.059485129
Barnsley 015,E02001523,6770,0.199409158,0.595125554,0.232043236,0.057345551,0.038271963
Barnsley 016,E02001524,6093,0.293779747,0.749712785,0.419620617,0.041064389,0.018815331
Barnsley 017,E02001525,6775,0.155424354,0.47896679,0.180021559,0.096545616,0.072158365
Barnsley 018,E02001526,6230,0.159390048,0.478330658,0.160688064,0.097255657,0.054429877
Barnsley 019,E02001527,5977,0.234063912,0.649824327,0.271041085,0.066432396,0.034977265
Barnsley 020,E02001528,10691,0.219530446,0.585258629,0.203168044,0.084853588,0.052564103
Barnsley 021,E02001529,9436,0.2148156,0.579800763,0.19858156,0.088615646,0.055181024
Barnsley 022,E02001530,7168,0.147042411,0.518554688,0.186482227,0.087866109,0.060085837
Barnsley 023,E02001531,7732,0.180419038,0.547335748,0.180389692,0.084831243,0.055085901
Barnsley 024,E02001532,10540,0.20085389,0.675237192,0.353786362,0.049231645,0.032684825
Barnsley 025,E02001533,7763,0.171454335,0.551462064,0.17680271,0.086049208,0.043070127
Barnsley 026,E02001534,9592,0.157631359,0.581317765,0.219461698,0.070490094,0.041675526
Barnsley 027,E02001535,6491,0.250192574,0.707903251,0.374263623,0.053587927,0.024188415
Barnsley 028,E02001536,8673,0.236135132,0.652254122,0.250547345,0.0753085,0.033293698
Barnsley 029,E02001537,8452,0.175816375,0.612044487,0.244428365,0.068985919,0.040227165
Barnsley 030,E02001538,7911,0.218935659,0.608393376,0.198207941,0.080742987,0.049928673
Doncaster 001,E02001539,6714,0.151027703,0.488084599,0.152493235,0.076304024,0.053625632
Doncaster 002,E02001540,11973,0.195272697,0.603023469,0.229880314,0.072078844,0.045027477
Doncaster 003,E02001541,11387,0.221568455,0.606920172,0.176706404,0.084050588,0.042274882
Doncaster 004,E02001542,7471,0.184044974,0.543568465,0.168740412,0.088073886,0.084240871
Doncaster 005,E02001543,7823,0.22497763,0.589160169,0.172441069,0.083216157,0.058752271
Doncaster 006,E02001544,8305,0.191089705,0.593738712,0.175462336,0.073525872,0.057609861
Doncaster 007,E02001545,8447,0.272522789,0.69799929,0.257203092,0.04856669,0.026003534
Doncaster 008,E02001546,8838,0.213396696,0.640982123,0.223707894,0.067994117,0.05959709
Doncaster 009,E02001547,10861,0.152472148,0.533928736,0.182549866,0.071533788,0.056680951
Doncaster 010,E02001548,7999,0.144268034,0.49743718,0.164679343,0.091272818,0.086931818
Doncaster 011,E02001549,6255,0.214708233,0.649720224,0.249213836,0.059651367,0.029881154
Doncaster 012,E02001550,7750,0.177419355,0.594451613,0.19939044,0.06092681,0.040448852
Doncaster 013,E02001551,5897,0.176530439,0.528573851,0.202802968,0.064417698,0.058135535
Doncaster 014,E02001552,7656,0.159352142,0.547283177,0.197405157,0.069487983,0.046247357
Doncaster 015,E02001553,10212,0.170975323,0.557187622,0.222960502,0.071295662,0.052363791
Doncaster 016,E02001554,6000,0.229,0.663833333,0.244615689,0.047801466,0.036024016
Doncaster 017,E02001555,5229,0.297379996,0.706253586,0.206208426,0.065442021,0.026826248
Doncaster 018,E02001556,9148,0.158941845,0.513882816,0.197130639,0.07106155,0.063793523
Doncaster 019,E02001557,10038,0.152819287,0.512751544,0.277876106,0.06059398,0.050407428
Doncaster 020,E02001558,5990,0.297495826,0.716360601,0.282797149,0.06061112,0.032329989
Doncaster 021,E02001559,7549,0.23830971,0.690025169,0.329105897,0.045045045,0.03165075
Doncaster 022,E02001560,11790,0.091178965,0.354368109,0.188374035,0.067096446,0.108202765
Doncaster 023,E02001561,6294,0.122974261,0.431522085,0.169255277,0.075762389,0.10228435
Doncaster 024,E02001562,5820,0.227147766,0.593814433,0.23782174,0.077319588,0.066640379
Doncaster 025,E02001563,8091,0.258682487,0.664194784,0.355186349,0.051415153,0.034530008
Doncaster 026,E02001564,8195,0.26052471,0.711043319,0.327142439,0.039287457,0.025957337
Doncaster 027,E02001565,7822,0.239452825,0.716696497,0.393437642,0.042577675,0.031374634
Doncaster 028,E02001566,8615,0.100174115,0.494834591,0.246336047,0.05605199,0.055060187
Doncaster 029,E02001567,8694,0.197492524,0.549804463,0.193342981,0.075675676,0.062899787
Doncaster 030,E02001568,6872,0.182188591,0.542345751,0.186871457,0.075232829,0.049984082
Doncaster 031,E02001569,8686,0.173382455,0.507253051,0.166904422,0.085770205,0.079673942
Doncaster 032,E02001570,6997,0.19837073,0.575961126,0.168706759,0.113493425,0.060390764
Doncaster 033,E02001571,5915,0.236010144,0.663229079,0.273309324,0.053743451,0.040531097
Doncaster 034,E02001572,7783,0.161377361,0.521392779,0.168971061,0.083879255,0.059664559
Doncaster 035,E02001573,7673,0.178026847,0.570572136,0.173884514,0.083007558,0.055938038
Doncaster 036,E02001574,6008,0.237849534,0.665612517,0.243221691,0.055435325,0.031068624
Doncaster 037,E02001575,7899,0.150651981,0.535890619,0.169780666,0.086329114,0.058139535
Doncaster 038,E02001576,6968,0.177525832,0.652554535,0.349466192,0.045500215,0.030513176
Doncaster 039,E02001577,6448,0.336693548,0.735111663,0.358251561,0.056925702,0.032805013
Rotherham 001,E02001578,11668,0.142612273,0.567020912,0.244354308,0.064444254,0.035328924
Rotherham 002,E02001579,9967,0.204675429,0.591853115,0.230750124,0.082781457,0.044636597
Rotherham 003,E02001580,8548,0.233855873,0.64155358,0.215306981,0.076761058,0.037131231
Rotherham 004,E02001581,6227,0.201381082,0.621487072,0.216419387,0.066784396,0.041302065
Rotherham 005,E02001582,7696,0.190878378,0.612655925,0.206082687,0.076953074,0.049611973
Rotherham 006,E02001583,5567,0.163283636,0.57032513,0.161239258,0.06929982,0.052770449
Rotherham 007,E02001584,6664,0.24834934,0.733793517,0.302398332,0.052521008,0.027686812
Rotherham 008,E02001585,6315,0.174346793,0.539667458,0.161878344,0.088333069,0.077810871
Rotherham 009,E02001586,7782,0.227961964,0.622976099,0.16447565,0.098560781,0.070680628
Rotherham 010,E02001587,5813,0.19731636,0.575778428,0.17199582,0.106232782,0.066098946
Rotherham 011,E02001588,7206,0.167082986,0.560088815,0.155782433,0.085611211,0.06542938
Rotherham 012,E02001589,7994,0.209907431,0.671628722,0.281488259,0.056931932,0.029121297
Rotherham 013,E02001590,7499,0.127350313,0.45392719,0.138016237,0.098520197,0.09833795
Rotherham 014,E02001591,8254,0.132299491,0.418827235,0.164917303,0.081798352,0.09628483
Rotherham 015,E02001592,8581,0.217806782,0.618575924,0.201451906,0.063862021,0.040636475
Rotherham 016,E02001593,7209,0.104868914,0.385351644,0.181410371,0.079228528,0.090619469
Rotherham 017,E02001594,7453,0.111901248,0.375955991,0.1969065,0.084406871,0.112347452
Rotherham 018,E02001595,8296,0.224686596,0.68671649,0.234279196,0.06352459,0.035172248
Rotherham 019,E02001596,8292,0.269175109,0.706222865,0.232222703,0.075253256,0.035222895
Rotherham 020,E02001597,9515,0.178244877,0.546715712,0.163680128,0.090727502,0.074228319
Rotherham 021,E02001598,9646,0.225378395,0.626166287,0.255109862,0.069169346,0.036896878
Rotherham 023,E02001600,11091,0.199170499,0.52934812,0.33292287,0.055189828,0.054305495
Rotherham 025,E02001602,9045,0.217910448,0.603537866,0.200348666,0.058355438,0.040637266
Rotherham 026,E02001603,7487,0.187124349,0.572325364,0.211567477,0.068891856,0.050596104
Rotherham 027,E02001604,11791,0.12467136,0.603680773,0.320590136,0.052073615,0.03880597
Rotherham 028,E02001605,7499,0.203760501,0.65035338,0.263904562,0.061474863,0.039189189
Rotherham 029,E02001606,8030,0.2124533,0.643960149,0.209046455,0.071090637,0.047605634
Rotherham 030,E02001607,8928,0.220094086,0.61984767,0.226907074,0.070340502,0.046951819
Rotherham 031,E02001608,7058,0.20303202,0.651175971,0.274317705,0.050141643,0.030491248
Rotherham 032,E02001609,8512,0.282777256,0.713345865,0.293212036,0.052131032,0.029481442
Rotherham 033,E02001610,8651,0.234654953,0.66061727,0.284856105,0.054341542,0.029036827
Sheffield 001,E02001611,7685,0.246454131,0.657254392,0.251449162,0.079005597,0.043086455
Sheffield 002,E02001612,5616,0.23468661,0.678418803,0.295774648,0.05465551,0.039779006
Sheffield 003,E02001613,10217,0.23774102,0.634922189,0.242928453,0.069883527,0.046808511
Sheffield 004,E02001614,10997,0.254160226,0.699554424,0.271117747,0.050640967,0.03486674
Sheffield 005,E02001615,7138,0.309190249,0.754553096,0.310688989,0.053936677,0.026315789
Sheffield 006,E02001616,7282,0.214226861,0.602307059,0.195166667,0.081192471,0.051005101
Sheffield 007,E02001617,5921,0.117885492,0.43286607,0.174003227,0.068796484,0.071121532
Sheffield 008,E02001618,9782,0.203537109,0.698732366,0.388763198,0.044367205,0.025251488
Sheffield 009,E02001619,10173,0.157279072,0.500835545,0.159600051,0.087807276,0.058243522
Sheffield 010,E02001620,6996,0.135648942,0.446397942,0.194083969,0.092052601,0.073555795
Sheffield 011,E02001621,6055,0.13311313,0.455821635,0.2,0.082892999,0.077327935
Sheffield 012,E02001622,9032,0.16795837,0.489924712,0.191555243,0.07639504,0.072393576
Sheffield 013,E02001623,8163,0.145657234,0.415656009,0.196348495,0.092835273,0.098307526
Sheffield 014,E02001624,9331,0.171042761,0.520844497,0.231305034,0.068459396,0.055107217
Sheffield 015,E02001625,7909,0.15690985,0.469591605,0.16765873,0.089380531,0.076476283
Sheffield 016,E02001626,5821,0.196873389,0.672908435,0.362523345,0.051030928,0.031724603
Sheffield 017,E02001627,6015,0.140315877,0.58719867,0.329547719,0.053357713,0.045332538
Sheffield 018,E02001628,6507,0.126786538,0.322114646,0.175210084,0.079452897,0.095
Sheffield 019,E02001629,6535,0.148125478,0.450191278,0.216712762,0.083397093,0.078682171
Sheffield 020,E02001630,9257,0.108674517,0.326131576,0.249483928,0.074470385,0.095604748
Sheffield 021,E02001631,7566,0.18530267,0.672482157,0.327868852,0.056942793,0.032989171
Sheffield 022,E02001632,12364,0.077806535,0.273778712,0.259526494,0.068915312,0.09858139
Sheffield 023,E02001633,7617,0.264802416,0.741499278,0.378386844,0.051975325,0.022333892
Sheffield 024,E02001634,9022,0.158723121,0.689647528,0.516513405,0.050747922,0.037750688
Sheffield 025,E02001635,6043,0.2386232,0.654476254,0.285371223,0.06883998,0.052308802
Sheffield 026,E02001636,9371,0.132643261,0.487994878,0.326328004,0.086232657,0.090725806
Sheffield 027,E02001637,8575,0.08664723,0.275568513,0.208175375,0.077587213,0.110169492
Sheffield 028,E02001638,5695,0.0809482,0.643020193,0.473167917,0.030904302,0.046085011
Sheffield 029,E02001639,5980,0.161204013,0.67090301,0.544224358,0.042001339,0.029634508
Sheffield 030,E02001640,8321,0.098545848,0.591154909,0.423722097,0.036872448,0.056138934
Sheffield 032,E02001642,10315,0.168589433,0.531555986,0.239804436,0.061560834,0.045149481
Sheffield 033,E02001643,6222,0.24847316,0.741562199,0.546193497,0.038906752,0.029223093
Sheffield 036,E02001646,7658,0.105902324,0.610211543,0.429302259,0.027034086,0.042887473
Sheffield 037,E02001647,6280,0.215605096,0.585509554,0.229907644,0.069574908,0.028292001
Sheffield 038,E02001648,8233,0.153285558,0.768249727,0.444109589,0.023428017,0.026030369
Sheffield 039,E02001649,10974,0.114907964,0.428649535,0.218574669,0.089202733,0.081339713
Sheffield 040,E02001650,9579,0.061697463,0.409019731,0.367301363,0.041758012,0.064926798
Sheffield 041,E02001651,8078,0.258479822,0.753032929,0.629930929,0.030070536,0.027816802
Sheffield 042,E02001652,12868,0.049114081,0.35895244,0.367814099,0.032791981,0.073746313
Sheffield 043,E02001653,7456,0.118428112,0.477065451,0.328290469,0.073066095,0.074172577
Sheffield 044,E02001654,6298,0.221022547,0.632740553,0.222584982,0.07125853,0.049606569
Sheffield 045,E02001655,7674,0.186213187,0.52801668,0.185166913,0.072201225,0.065261926
Sheffield 046,E02001656,7774,0.134036532,0.653331618,0.610277047,0.030743504,0.029155245
Sheffield 047,E02001657,9118,0.165935512,0.707062952,0.64067086,0.026549643,0.026525771
Sheffield 048,E02001658,5258,0.133320654,0.455496386,0.160050251,0.10513308,0.090909091
Sheffield 049,E02001659,5820,0.204810997,0.583676976,0.206740649,0.102696205,0.073018352
Sheffield 050,E02001660,9869,0.150775155,0.592359915,0.563170221,0.04367653,0.040857605
Sheffield 051,E02001661,7676,0.166362689,0.517196456,0.320917372,0.076282218,0.078514912
Sheffield 052,E02001662,7424,0.231142241,0.609644397,0.204301075,0.086072198,0.043132804
Sheffield 053,E02001663,7362,0.124151046,0.651181744,0.512150769,0.039527302,0.029376925
Sheffield 054,E02001664,6284,0.235996181,0.613144494,0.245396395,0.058533482,0.047021944
Sheffield 055,E02001665,9805,0.253442121,0.739520653,0.619500444,0.029882713,0.025477707
Sheffield 056,E02001666,5913,0.163707086,0.606291223,0.196925634,0.073591609,0.045591686
Sheffield 059,E02001669,7771,0.155578433,0.637884442,0.423731436,0.049555927,0.044090489
Sheffield 060,E02001670,6015,0.161762261,0.466832918,0.177935179,0.082321636,0.091758019
Sheffield 061,E02001671,5606,0.286478773,0.730467356,0.243753809,0.074027827,0.044990548
Sheffield 062,E02001672,5981,0.231065039,0.639357967,0.241035857,0.05938441,0.037190083
Sheffield 063,E02001673,5201,0.186887137,0.692943665,0.289881917,0.035755479,0.027007818
Sheffield 064,E02001674,9092,0.263308403,0.727562692,0.388399316,0.051363836,0.028760019
Sheffield 065,E02001675,8418,0.255880257,0.65205512,0.201319669,0.086481349,0.069515824
Sheffield 066,E02001676,5878,0.260632868,0.743450153,0.475822836,0.050408719,0.025441696
Sheffield 068,E02001678,10480,0.280152672,0.727767176,0.536516854,0.03777905,0.024072438
Sheffield 069,E02001679,6323,0.177447414,0.54357109,0.2750151,0.076545943,0.077680525
Sheffield 070,E02001680,6267,0.149992022,0.480293601,0.189795918,0.096696984,0.106483301
Sheffield 071,E02001681,7622,0.255444765,0.699160325,0.472497602,0.036075036,0.036263417
Gateshead 001,E02001682,8532,0.220932958,0.640764182,0.333570413,0.05227992,0.047010608
Gateshead 002,E02001683,9347,0.227666631,0.676259762,0.332909137,0.056375695,0.042685543
Gateshead 003,E02001684,6667,0.171141443,0.542522874,0.257884972,0.085782843,0.082010582
Gateshead 004,E02001685,8037,0.174692049,0.557421924,0.230387597,0.080388253,0.059170013
Gateshead 005,E02001686,6708,0.255963029,0.671138939,0.273772205,0.059314456,0.043273754
Gateshead 007,E02001688,7605,0.130309007,0.517422748,0.305626192,0.085349816,0.069567483
Gateshead 008,E02001689,7506,0.155742073,0.449773515,0.236030168,0.084732214,0.090591227
Gateshead 009,E02001690,7022,0.212617488,0.638706921,0.295793758,0.059083144,0.053814311
Gateshead 010,E02001691,8491,0.112943116,0.467436109,0.345513963,0.062073027,0.068587759
Gateshead 011,E02001692,6312,0.131970849,0.47639417,0.197260834,0.087280215,0.091322471
Gateshead 012,E02001693,5232,0.220756881,0.596330275,0.190378007,0.117096466,0.074091118
Gateshead 013,E02001694,6217,0.210230014,0.62473862,0.248175182,0.069935691,0.05124792
Gateshead 014,E02001695,5782,0.240401245,0.669664476,0.269089424,0.070451792,0.029326575
Gateshead 015,E02001696,9146,0.197682047,0.575661491,0.19076006,0.092171441,0.06083459
Gateshead 016,E02001697,7409,0.209609934,0.704413551,0.393144512,0.058720302,0.031135531
Gateshead 017,E02001698,6962,0.347888538,0.758546395,0.362115127,0.048815506,0.030555556
Gateshead 018,E02001699,6551,0.225461762,0.603114028,0.199633028,0.092061069,0.05443828
Gateshead 019,E02001700,10257,0.220434825,0.649410159,0.283890793,0.057699805,0.034700959
Gateshead 020,E02001701,6235,0.263993585,0.724458701,0.383870968,0.046672013,0.033457249
Gateshead 021,E02001702,7870,0.168233799,0.517534943,0.182491149,0.098614818,0.084341184
Gateshead 022,E02001703,5572,0.283022254,0.687903805,0.351093186,0.065002693,0.045158666
Gateshead 023,E02001704,6790,0.211487482,0.591458027,0.198451795,0.095729013,0.067323481
Gateshead 025,E02001706,7923,0.181370693,0.552063612,0.25984,0.076602726,0.047282609
Gateshead 026,E02001707,8275,0.237220544,0.632749245,0.226327945,0.079767948,0.051219512
Newcastle upon Tyne 002,E02001709,10340,0.22417795,0.707059961,0.542320859,0.037527807,0.030388979
Newcastle upon Tyne 003,E02001710,10106,0.177221453,0.540471007,0.253598439,0.090072256,0.077241379
Newcastle upon Tyne 004,E02001711,9891,0.176827419,0.604893337,0.250411028,0.087334479,0.058365759
Newcastle upon Tyne 005,E02001712,9339,0.199914338,0.705214691,0.607115434,0.041131105,0.032594235
Newcastle upon Tyne 006,E02001713,10050,0.204179104,0.714328358,0.59919864,0.037630662,0.030714584
Newcastle upon Tyne 007,E02001714,9696,0.181002475,0.6857467,0.508283799,0.036613036,0.031053379
Newcastle upon Tyne 008,E02001715,11805,0.145277425,0.506056756,0.317477876,0.079908482,0.062804878
Newcastle upon Tyne 011,E02001718,6619,0.165583925,0.524248376,0.229107447,0.093202417,0.055854643
Newcastle upon Tyne 012,E02001719,8579,0.191630726,0.663364028,0.463088174,0.048501807,0.043077632
Newcastle upon Tyne 013,E02001720,9505,0.087953709,0.525302472,0.386975302,0.019985274,0.038429407
Newcastle upon Tyne 014,E02001721,10745,0.208934388,0.629036761,0.261173815,0.078168621,0.04601227
Newcastle upon Tyne 015,E02001722,9473,0.202047926,0.555262325,0.220537377,0.080713231,0.059793307
Newcastle upon Tyne 016,E02001723,7173,0.127422278,0.46479855,0.336744016,0.079358438,0.0608
Newcastle upon Tyne 017,E02001724,8973,0.106764739,0.539730302,0.455196712,0.028310299,0.0428054
Newcastle upon Tyne 018,E02001725,9175,0.08599455,0.554550409,0.524572522,0.061580381,0.060098119
Newcastle upon Tyne 019,E02001726,11809,0.153950377,0.506732153,0.265472487,0.074682472,0.06373117
Newcastle upon Tyne 020,E02001727,8744,0.206427264,0.588632205,0.22907489,0.072392498,0.057030482
Newcastle upon Tyne 021,E02001728,9451,0.198074278,0.58099672,0.228586238,0.070997778,0.053559322
Newcastle upon Tyne 022,E02001729,12294,0.064828372,0.37587441,0.376010644,0.048467106,0.107959962
Newcastle upon Tyne 025,E02001732,5687,0.163706699,0.498857042,0.244916201,0.083699666,0.058232932
Newcastle upon Tyne 027,E02001734,8170,0.154100367,0.491676867,0.224801272,0.077572495,0.081600993
Newcastle upon Tyne 028,E02001735,6617,0.151579266,0.455946804,0.160707269,0.10755287,0.092167722
Newcastle upon Tyne 030,E02001737,6189,0.1643238,0.472127969,0.164172901,0.121525533,0.116538132
North Tyneside 001,E02001738,6165,0.314193025,0.748905109,0.475731971,0.036177807,0.017373737
North Tyneside 002,E02001739,7272,0.231160616,0.646177118,0.222240313,0.074731627,0.050665895
North Tyneside 003,E02001740,5914,0.217111938,0.704937437,0.547352561,0.029257568,0.029237602
North Tyneside 004,E02001741,7725,0.27987055,0.699676375,0.323210743,0.051800052,0.03101425
North Tyneside 005,E02001742,5774,0.268964323,0.742985798,0.428600908,0.036549454,0.023836127
North Tyneside 006,E02001743,7574,0.1840507,0.665434381,0.479432166,0.041325588,0.037397946
North Tyneside 007,E02001744,8172,0.165320607,0.642315223,0.383705052,0.049565537,0.034233815
North Tyneside 008,E02001745,6693,0.188106977,0.607649783,0.247497219,0.056767254,0.042240863
North Tyneside 009,E02001746,8186,0.207793794,0.6479355,0.385099685,0.050567974,0.039388443
North Tyneside 010,E02001747,6234,0.296278473,0.735162015,0.401404441,0.055831863,0.033929223
North Tyneside 011,E02001748,8658,0.145876646,0.596096096,0.322906008,0.052424942,0.040525243
North Tyneside 012,E02001749,6367,0.236375059,0.663420763,0.307372401,0.068602826,0.038550247
North Tyneside 013,E02001750,6792,0.255005889,0.705830389,0.35243859,0.053747607,0.030745342
North Tyneside 014,E02001751,6661,0.198468698,0.656207777,0.315151515,0.066166542,0.041691843
North Tyneside 015,E02001752,6403,0.179603311,0.550679369,0.229335976,0.080730793,0.065831843
North Tyneside 016,E02001753,6153,0.246871445,0.685681781,0.484258729,0.057532911,0.040788579
North Tyneside 017,E02001754,5778,0.241952233,0.715645552,0.473512632,0.046523694,0.033880903
North Tyneside 018,E02001755,9895,0.184840829,0.643961597,0.419398907,0.050530571,0.034503272
North Tyneside 019,E02001756,9306,0.157317859,0.595314851,0.305375776,0.080288048,0.05302705
North Tyneside 020,E02001757,5838,0.239294279,0.664439877,0.257836198,0.06302449,0.041712404
North Tyneside 021,E02001758,5603,0.212921649,0.621988221,0.263204032,0.05531763,0.04779548
North Tyneside 022,E02001759,6134,0.210792305,0.635637431,0.354451734,0.066818774,0.061147695
North Tyneside 023,E02001760,7745,0.134538412,0.498127824,0.186372069,0.081730148,0.084608461
North Tyneside 024,E02001761,5508,0.250181554,0.618917938,0.221018418,0.079114498,0.048676012
North Tyneside 025,E02001762,6752,0.18646327,0.641291469,0.276784101,0.045616114,0.041441953
North Tyneside 026,E02001763,6407,0.183705322,0.567504292,0.195149678,0.095505618,0.077284946
North Tyneside 027,E02001764,7563,0.173079466,0.548327383,0.241511851,0.096522544,0.095934484
North Tyneside 028,E02001765,7640,0.158638743,0.518062827,0.246364838,0.079549915,0.071365639
North Tyneside 029,E02001766,7174,0.135489267,0.534569278,0.269303202,0.067038328,0.079504814
North Tyneside 030,E02001767,6864,0.191287879,0.611742424,0.253993056,0.08784965,0.065853659
South Tyneside 001,E02001768,8077,0.180636375,0.572118361,0.291097433,0.063745513,0.085588073
South Tyneside 002,E02001769,7419,0.171047311,0.513007144,0.228378161,0.105405041,0.121608682
South Tyneside 003,E02001770,5949,0.216170785,0.641788536,0.318243113,0.06203766,0.058546433
South Tyneside 004,E02001771,6198,0.244433688,0.59535334,0.244174467,0.07701001,0.065831987
South Tyneside 005,E02001772,5024,0.231090764,0.635748408,0.288557214,0.079753381,0.079665493
South Tyneside 006,E02001773,5239,0.299484634,0.700324489,0.349977708,0.049961861,0.049366536
South Tyneside 007,E02001774,5235,0.201719198,0.57860554,0.233341019,0.095856406,0.074547861
South Tyneside 008,E02001775,5436,0.210080942,0.573583517,0.199129239,0.082980681,0.082822086
South Tyneside 009,E02001776,9054,0.167550254,0.573889993,0.244301016,0.078299282,0.067336918
South Tyneside 010,E02001777,6753,0.173996742,0.625944025,0.304856434,0.057159781,0.051282051
South Tyneside 011,E02001778,5617,0.196368168,0.555812711,0.225717905,0.092252894,0.091015169
South Tyneside 012,E02001779,5349,0.21125444,0.551878856,0.190443686,0.104899028,0.113199105
South Tyneside 013,E02001780,6041,0.224300612,0.575566959,0.26901063,0.077432164,0.073103987
South Tyneside 014,E02001781,5391,0.166202931,0.484325728,0.178756477,0.092747171,0.076956712
South Tyneside 015,E02001782,10189,0.186475611,0.560997154,0.251914053,0.073292779,0.050194721
South Tyneside 016,E02001783,7202,0.144820883,0.456956401,0.181633782,0.085821414,0.115513768
South Tyneside 017,E02001784,6570,0.211719939,0.577321157,0.217139656,0.086149163,0.069677871
South Tyneside 018,E02001785,7587,0.258468433,0.656385923,0.283600881,0.073508102,0.053113553
South Tyneside 019,E02001786,6610,0.204538578,0.575491679,0.202610774,0.090028749,0.067622951
South Tyneside 020,E02001787,5361,0.243051669,0.618914382,0.2211101,0.073134328,0.066925734
South Tyneside 021,E02001788,5781,0.2061927,0.625497319,0.254081206,0.079439252,0.061933535
South Tyneside 022,E02001789,5788,0.280062198,0.74861783,0.456610725,0.033310321,0.029928919
South Tyneside 023,E02001790,5895,0.242239186,0.678371501,0.372131148,0.049694708,0.040793413
Sunderland 001,E02001791,5478,0.242971888,0.735487404,0.347086346,0.046889254,0.026570916
Sunderland 002,E02001792,6825,0.281465201,0.772747253,0.345271967,0.054382879,0.03103007
Sunderland 003,E02001793,8272,0.152562863,0.521034816,0.150282831,0.107203287,0.076988879
Sunderland 004,E02001794,8841,0.195113675,0.554235946,0.152340426,0.110168533,0.072100313
Sunderland 005,E02001795,7275,0.20975945,0.608797251,0.188923998,0.112027491,0.084645669
Sunderland 006,E02001796,8563,0.243022305,0.637743781,0.295121623,0.079509632,0.055368693
Sunderland 007,E02001797,5879,0.244769519,0.679537336,0.295910184,0.057842804,0.044674768
Sunderland 008,E02001798,8215,0.183810103,0.568837492,0.158257224,0.087533479,0.058301988
Sunderland 009,E02001799,9356,0.175823001,0.511436511,0.155929919,0.097146521,0.093070826
Sunderland 010,E02001800,6690,0.223318386,0.625859492,0.203610108,0.075302555,0.051026958
Sunderland 011,E02001801,5836,0.13536669,0.501199452,0.316868983,0.075882151,0.073170732
Sunderland 012,E02001802,7356,0.149673736,0.50394236,0.184233679,0.10076149,0.089454783
Sunderland 013,E02001803,8544,0.128160112,0.484784644,0.33266372,0.079588015,0.09336983
Sunderland 014,E02001804,6220,0.204501608,0.597588424,0.200782779,0.091552695,0.069027828
Sunderland 015,E02001805,5500,0.254727273,0.682,0.274343776,0.067442283,0.046483428
Sunderland 016,E02001806,7658,0.177069731,0.539174719,0.229573219,0.117001828,0.123198353
Sunderland 017,E02001807,8652,0.175335183,0.568770227,0.259096244,0.06910898,0.046948357
Sunderland 018,E02001808,5591,0.165265605,0.559291719,0.333110814,0.050617063,0.052716298
Sunderland 019,E02001809,6491,0.270682483,0.655214913,0.241691285,0.064242798,0.047249647
Sunderland 020,E02001810,8224,0.216561284,0.641780156,0.240686845,0.067607004,0.054185927
Sunderland 021,E02001811,8699,0.193470514,0.571444994,0.173950057,0.092654328,0.084137931
Sunderland 022,E02001812,9979,0.273273875,0.701473093,0.381291603,0.048907597,0.036516217
Sunderland 023,E02001813,9686,0.151765435,0.517344621,0.153137745,0.097460252,0.086061508
Sunderland 024,E02001814,6171,0.198347107,0.605412413,0.242567435,0.09073234,0.072615607
Sunderland 025,E02001815,9787,0.263819352,0.686114233,0.323807217,0.060386227,0.039153915
Sunderland 026,E02001816,6796,0.22866392,0.614626251,0.178565164,0.108903606,0.062849162
Sunderland 027,E02001817,6691,0.207891197,0.590644149,0.213357731,0.084330144,0.058324856
Sunderland 028,E02001818,9496,0.163016007,0.599936816,0.254016329,0.073188711,0.053424658
Sunderland 029,E02001819,6880,0.29622093,0.754796512,0.3265135,0.051431062,0.033375315
Sunderland 030,E02001820,9689,0.181958922,0.628960677,0.265598975,0.067079463,0.054298643
Sunderland 031,E02001821,5602,0.202249197,0.691538736,0.266118837,0.072448251,0.036397059
Sunderland 032,E02001822,7667,0.201643407,0.649928264,0.273136646,0.065101109,0.042575838
Sunderland 033,E02001823,8043,0.174437399,0.624518215,0.217847769,0.079189458,0.046181631
Sunderland 034,E02001824,8539,0.238084085,0.632158332,0.250214102,0.077643752,0.064746228
Sunderland 035,E02001825,7606,0.254535893,0.666184591,0.226336816,0.091876972,0.051122931
Sunderland 036,E02001826,7367,0.176462604,0.560336636,0.213253012,0.08316375,0.060797973
Birmingham 001,E02001827,6451,0.244923268,0.654782204,0.417631173,0.048054565,0.039624609
Birmingham 002,E02001828,7140,0.265686275,0.666946779,0.412527735,0.048459384,0.039394894
Birmingham 003,E02001829,9160,0.202292576,0.654148472,0.462853939,0.028930131,0.032704974
Birmingham 004,E02001830,9685,0.265462055,0.710480124,0.494398621,0.034379517,0.026572188
Birmingham 005,E02001831,10686,0.171532847,0.540894628,0.307009121,0.068688003,0.05984634
Birmingham 006,E02001832,7931,0.229731434,0.663724625,0.419438117,0.040348002,0.039250898
Birmingham 007,E02001833,5936,0.202156334,0.584231806,0.322104388,0.041610512,0.045112782
Birmingham 008,E02001834,6113,0.136430558,0.440863733,0.207876049,0.071194763,0.071791153
Birmingham 009,E02001835,8472,0.205500472,0.644121813,0.469144661,0.043201133,0.035348837
Birmingham 010,E02001836,9106,0.231715353,0.628376894,0.417024129,0.04667765,0.036985345
Birmingham 011,E02001837,10667,0.115121402,0.373957064,0.184657671,0.086809787,0.110123119
Birmingham 012,E02001838,7571,0.247523445,0.682472593,0.371626953,0.035147992,0.028342246
Birmingham 013,E02001839,6441,0.185064431,0.491849092,0.22777242,0.063499457,0.061760841
Birmingham 014,E02001840,9603,0.13204207,0.371029886,0.214718019,0.097573675,0.098060058
Birmingham 015,E02001841,5959,0.294176875,0.723107904,0.459130781,0.051484152,0.026462915
Birmingham 016,E02001842,8068,0.159147248,0.431953396,0.302803738,0.045488349,0.057956016
Birmingham 017,E02001843,6639,0.183160114,0.461515288,0.21541651,0.051212532,0.067834395
Birmingham 018,E02001844,9712,0.238467875,0.631898682,0.372186888,0.062686567,0.047099122
Birmingham 019,E02001845,6665,0.140585146,0.439609902,0.267668015,0.043550083,0.057979677
Birmingham 020,E02001846,8156,0.130701324,0.381559588,0.241335654,0.077583037,0.094144018
Birmingham 021,E02001847,5596,0.238920658,0.621872766,0.306800787,0.047899911,0.04647619
Birmingham 022,E02001848,7320,0.120081967,0.328961749,0.216784518,0.071174863,0.110760603
Birmingham 023,E02001849,8791,0.098054829,0.371061313,0.302064079,0.058462238,0.094590994
Birmingham 024,E02001850,8605,0.141196979,0.368622894,0.307750302,0.049157467,0.082864039
Birmingham 025,E02001851,9081,0.162096685,0.49906398,0.276619251,0.077846289,0.061516452
Birmingham 026,E02001852,7031,0.137107097,0.38159579,0.250626118,0.063318156,0.10155743
Birmingham 029,E02001855,9936,0.159520934,0.462761675,0.164597879,0.105888274,0.105635521
Birmingham 030,E02001856,9634,0.09238115,0.292298111,0.258815521,0.052189251,0.107185773
Birmingham 031,E02001857,13854,0.106395265,0.326764833,0.264977993,0.072764022,0.115883443
Birmingham 032,E02001858,9145,0.108802624,0.308255878,0.322226737,0.048753826,0.11406423
Birmingham 033,E02001859,10396,0.091862255,0.26481339,0.216744914,0.0587613,0.122816745
Birmingham 034,E02001860,8474,0.097710644,0.293957989,0.221293375,0.059976387,0.123221216
Birmingham 035,E02001861,11203,0.084887976,0.233598143,0.232883317,0.059437751,0.138959714
Birmingham 036,E02001862,9880,0.107591093,0.325607287,0.225359616,0.061354662,0.129414798
Birmingham 037,E02001863,8407,0.089449268,0.244677055,0.187489872,0.073272273,0.169584245
Birmingham 039,E02001865,11400,0.093421053,0.298508772,0.19509074,0.060077179,0.164945919
Birmingham 040,E02001866,9451,0.080838007,0.250767115,0.195111732,0.072592593,0.197187404
Birmingham 041,E02001867,8669,0.079247895,0.22170954,0.207877814,0.060322953,0.155547498
Birmingham 042,E02001868,9817,0.109198329,0.268513803,0.263647729,0.046750866,0.090614011
Birmingham 043,E02001869,7005,0.076945039,0.210563883,0.213026655,0.062348409,0.175324675
Birmingham 044,E02001870,12990,0.086605081,0.216474211,0.201416894,0.055187808,0.110550459
Birmingham 045,E02001871,8337,0.159769701,0.417896126,0.204072044,0.08441247,0.098780125
Birmingham 046,E02001872,7425,0.145050505,0.44,0.177545229,0.081816956,0.08703939
Birmingham 047,E02001873,11386,0.080800984,0.236430704,0.246437055,0.059278124,0.146870379
Birmingham 048,E02001874,9960,0.071084337,0.18253012,0.173894497,0.062556482,0.147156085
Birmingham 049,E02001875,8960,0.060379464,0.237611607,0.299938253,0.051110367,0.146212566
Birmingham 050,E02001876,16084,0.031211142,0.174645611,0.257426465,0.029097239,0.160808436
Birmingham 051,E02001877,12396,0.073168764,0.168602775,0.183689809,0.063730236,0.155231561
Birmingham 052,E02001878,9521,0.065959458,0.192836887,0.226251652,0.064495798,0.153770168
Birmingham 053,E02001879,10024,0.087290503,0.258479649,0.247558276,0.067531172,0.135830712
Birmingham 054,E02001880,10036,0.08947788,0.284874452,0.20742204,0.073727209,0.115678524
Birmingham 055,E02001881,10496,0.073170732,0.206650152,0.183071672,0.06374464,0.122467772
Birmingham 056,E02001882,8914,0.131254207,0.303679605,0.23996405,0.068656047,0.094993969
Birmingham 057,E02001883,8517,0.133967359,0.375132089,0.183028026,0.085241282,0.115064562
Birmingham 058,E02001884,10189,0.053979782,0.170870547,0.184579777,0.049955835,0.137908061
Birmingham 060,E02001886,9893,0.118973011,0.407864146,0.416625372,0.049135578,0.088014153
Birmingham 062,E02001888,7184,0.136831849,0.373190423,0.208160963,0.079097619,0.101311953
Birmingham 063,E02001889,9059,0.082017883,0.239209626,0.204110012,0.074663132,0.136961935
Birmingham 064,E02001890,9975,0.135238095,0.475588972,0.509349641,0.047113071,0.090580481
Birmingham 066,E02001892,11590,0.077825712,0.251855047,0.207523511,0.059722102,0.11443433
Birmingham 067,E02001893,8826,0.160321777,0.409245411,0.268789068,0.066893424,0.080640707
Birmingham 069,E02001895,8953,0.158382665,0.427231096,0.182805037,0.084868788,0.094288057
Birmingham 070,E02001896,10159,0.081011911,0.220297273,0.20110957,0.063582677,0.134138162
Birmingham 071,E02001897,8629,0.083555453,0.228299919,0.192786467,0.081845583,0.16751269
Birmingham 072,E02001898,6558,0.193199146,0.525617566,0.248312078,0.044380052,0.052361066
Birmingham 073,E02001899,8533,0.235790461,0.651939529,0.539645992,0.041368803,0.042900151
Birmingham 074,E02001900,6709,0.144880012,0.407065136,0.428333024,0.069289227,0.126008452
Birmingham 075,E02001901,8142,0.143822157,0.651436993,0.644558824,0.032792926,0.038435451
Birmingham 076,E02001902,6258,0.148609779,0.454138702,0.255576018,0.049880096,0.066913248
Birmingham 077,E02001903,8075,0.084829721,0.186996904,0.195581435,0.068863017,0.165636588
Birmingham 078,E02001904,7726,0.102511002,0.311415998,0.21767011,0.058899676,0.120205479
Birmingham 079,E02001905,10275,0.106569343,0.493625304,0.406096897,0.023260341,0.051273345
Birmingham 080,E02001906,9569,0.162190407,0.514369318,0.329724795,0.049743965,0.068276619
Birmingham 081,E02001907,10416,0.174827189,0.508352535,0.245472837,0.050417747,0.065714845
Birmingham 082,E02001908,8950,0.079441341,0.205698324,0.186848559,0.068722762,0.124909223
Birmingham 083,E02001909,8289,0.07914103,0.204608517,0.220448878,0.072979493,0.142635056
Birmingham 084,E02001910,7233,0.102723628,0.235725149,0.228829161,0.078263274,0.148450947
Birmingham 085,E02001911,8736,0.126831502,0.380494505,0.286699044,0.073815518,0.117463293
Birmingham 087,E02001913,7440,0.148655914,0.568817204,0.461685519,0.058183284,0.097132616
Birmingham 088,E02001914,7058,0.126948144,0.394587702,0.422043011,0.065155807,0.081549439
Birmingham 089,E02001915,11960,0.141973244,0.425585284,0.290495174,0.065724559,0.082847779
Birmingham 090,E02001916,9898,0.100323298,0.297938978,0.248348927,0.05617864,0.10855615
Birmingham 092,E02001918,8651,0.152236736,0.511039186,0.512272477,0.069587331,0.081900669
Birmingham 093,E02001919,6942,0.149236531,0.403197926,0.418502973,0.056739631,0.082631238
Birmingham 094,E02001920,7655,0.158981058,0.455519268,0.247261082,0.08165665,0.096961862
Birmingham 095,E02001921,7737,0.148507173,0.474214812,0.35253112,0.06460783,0.078513635
Birmingham 096,E02001922,15987,0.020391568,0.350409708,0.198555957,0.021015762,0.125222552
Birmingham 097,E02001923,11118,0.135006296,0.347454578,0.294055451,0.060442526,0.088690188
Birmingham 098,E02001924,7077,0.132965946,0.404267345,0.3138552,0.060194998,0.073583029
Birmingham 099,E02001925,6733,0.188623199,0.55190851,0.451865332,0.050326603,0.064020029
Birmingham 100,E02001926,7828,0.143587123,0.534491569,0.439352276,0.049437915,0.067452135
Birmingham 101,E02001927,7670,0.143676662,0.442242503,0.258508078,0.069630982,0.107506951
Birmingham 102,E02001928,6818,0.187591669,0.483572895,0.220653789,0.076697463,0.101194659
Birmingham 103,E02001929,10508,0.092691283,0.3382185,0.221660458,0.07109546,0.099454071
Birmingham 104,E02001930,7699,0.145473438,0.567995844,0.531044441,0.046605219,0.055626762
Birmingham 105,E02001931,8589,0.179299104,0.468971941,0.390076112,0.048539169,0.067146283
Birmingham 106,E02001932,7425,0.131986532,0.44026936,0.263923823,0.075255789,0.099600266
Birmingham 107,E02001933,7719,0.142764607,0.51561083,0.361596833,0.05973824,0.072130227
Birmingham 108,E02001934,7145,0.15563331,0.462561232,0.354117859,0.043508674,0.0526823
Birmingham 109,E02001935,8080,0.200742574,0.531806931,0.35623129,0.063118812,0.069191344
Birmingham 110,E02001936,6386,0.211086752,0.599749452,0.466666667,0.046209273,0.055304348
Birmingham 111,E02001937,8384,0.133945611,0.416269084,0.267747521,0.069171139,0.0921522
Birmingham 112,E02001938,7868,0.134977123,0.609938993,0.471408647,0.051721947,0.053323937
Birmingham 113,E02001939,6295,0.25274027,0.595393169,0.352351581,0.086417792,0.07959596
Birmingham 115,E02001941,6550,0.14610687,0.404732824,0.249079001,0.083956648,0.10088224
Birmingham 116,E02001942,6781,0.179914467,0.572776877,0.412088922,0.057973152,0.066097407
Birmingham 117,E02001943,6473,0.153869921,0.496215047,0.313048566,0.061158301,0.064376251
Birmingham 118,E02001944,8067,0.155448122,0.514937399,0.32304368,0.058619408,0.053818555
Birmingham 119,E02001945,7893,0.119219562,0.434182187,0.227826676,0.069013549,0.095010457
Birmingham 120,E02001946,7584,0.204245781,0.627505274,0.356821107,0.053408941,0.049680822
Birmingham 121,E02001947,6241,0.150296427,0.377503605,0.179961299,0.091360795,0.13896336
Birmingham 122,E02001948,7347,0.17558187,0.52701783,0.224085366,0.060032671,0.055694098
Birmingham 123,E02001949,6157,0.151210005,0.480753614,0.297297297,0.065584416,0.075
Birmingham 124,E02001950,8569,0.190920761,0.563543004,0.274476026,0.052398179,0.050675676
Birmingham 125,E02001951,9430,0.150053022,0.419194062,0.201319669,0.091487332,0.105263158
Birmingham 126,E02001952,9128,0.140994741,0.443141981,0.213689963,0.089176161,0.110653487
Birmingham 127,E02001953,7112,0.227502812,0.606299213,0.315935016,0.058211474,0.060398506
Birmingham 128,E02001954,7583,0.156666227,0.432546486,0.220210896,0.096425274,0.104824714
Birmingham 129,E02001955,8098,0.156828847,0.495430971,0.269826224,0.065818721,0.069444444
Birmingham 130,E02001956,6851,0.151510728,0.532039118,0.275568707,0.052139623,0.05866507
Birmingham 131,E02001957,7880,0.182360406,0.564593909,0.248698122,0.053299492,0.049081365
Coventry 001,E02001958,8072,0.142096135,0.513751239,0.253578096,0.065287413,0.055385401
Coventry 002,E02001959,6929,0.167268004,0.559388079,0.255630837,0.048347525,0.061064087
Coventry 004,E02001961,7968,0.129518072,0.457454819,0.199112863,0.081973387,0.085225597
Coventry 005,E02001962,7211,0.099708778,0.398003051,0.251758608,0.052281237,0.074815271
Coventry 006,E02001963,6141,0.201595831,0.585246702,0.266231196,0.063486896,0.043715847
Coventry 007,E02001964,11009,0.093832319,0.38759197,0.251566697,0.06832016,0.074341068
Coventry 008,E02001965,8080,0.189232673,0.592450495,0.291367456,0.058153922,0.041559774
Coventry 009,E02001966,7355,0.074507138,0.304418763,0.239800628,0.068524813,0.091004919
Coventry 010,E02001967,6960,0.254022989,0.689224138,0.330787921,0.04567653,0.035103785
Coventry 011,E02001968,7959,0.115718055,0.449805252,0.253080253,0.04962935,0.062618596
Coventry 012,E02001969,6774,0.149099498,0.486271036,0.240263405,0.078081181,0.062834225
Coventry 013,E02001970,5760,0.223263889,0.576388889,0.273114614,0.057658909,0.055350554
Coventry 014,E02001971,6288,0.167461832,0.571246819,0.288442007,0.048807631,0.040377727
Coventry 015,E02001972,11722,0.072598533,0.304896775,0.266494179,0.057684103,0.111575704
Coventry 016,E02001973,8536,0.117033739,0.422446111,0.255389718,0.067955477,0.0850013
Coventry 017,E02001974,9464,0.179416737,0.591081995,0.327270365,0.041442013,0.041906327
Coventry 018,E02001975,7640,0.142539267,0.572120419,0.266755585,0.04635328,0.043265516
Coventry 019,E02001976,7504,0.190565032,0.558235608,0.287583893,0.059207894,0.051597772
Coventry 020,E02001977,10016,0.095047923,0.366713259,0.303953972,0.06568833,0.101345083
Coventry 021,E02001978,6810,0.139647577,0.490455213,0.274024024,0.047870778,0.050532725
Coventry 022,E02001979,5606,0.223688905,0.679272208,0.314187001,0.043548099,0.039341917
Coventry 023,E02001980,5790,0.291709845,0.698618307,0.330694275,0.035911602,0.028838951
Coventry 024,E02001981,13438,0.054844471,0.278984968,0.256931785,0.048735119,0.131276023
Coventry 025,E02001982,8411,0.179407918,0.589703959,0.346920821,0.042107767,0.035831382
Coventry 026,E02001983,7612,0.173804519,0.60903836,0.317658349,0.056103009,0.050869794
Coventry 027,E02001984,10466,0.130708962,0.521784827,0.336309883,0.043278876,0.055772994
Coventry 028,E02001985,9240,0.042857143,0.278896104,0.258975295,0.032788659,0.131510898
Coventry 029,E02001986,7980,0.154761905,0.513784461,0.262380129,0.080566345,0.078094711
Coventry 030,E02001987,5913,0.135464231,0.502959581,0.408069164,0.048553544,0.059350504
Coventry 031,E02001988,11152,0.066535151,0.382173601,0.384570766,0.04027267,0.09266691
Coventry 032,E02001989,6294,0.145058786,0.526850969,0.303390839,0.041130697,0.046433378
Coventry 033,E02001990,9185,0.220468155,0.652912357,0.32135755,0.045405052,0.037822475
Coventry 034,E02001991,8474,0.235544017,0.681260326,0.516701031,0.039178664,0.03329918
Coventry 035,E02001992,10786,0.133135546,0.467179677,0.259272951,0.068057487,0.070861069
Coventry 036,E02001993,8985,0.135670562,0.495826377,0.330539408,0.051190741,0.072904368
Coventry 037,E02001994,7960,0.182788945,0.580150754,0.392308885,0.049874372,0.05592192
Coventry 038,E02001995,9427,0.129521587,0.458576429,0.381471748,0.049013367,0.063185042
Coventry 039,E02001996,7690,0.115474642,0.436020806,0.246386906,0.083376691,0.093984962
Coventry 040,E02001997,8508,0.240126939,0.675246827,0.454169636,0.043008226,0.042722305
Coventry 041,E02001998,6038,0.216959258,0.652865187,0.416836943,0.042080848,0.031349067
Coventry 042,E02001999,9099,0.137597538,0.81459501,0.324675325,0.028110245,0.038843332
Dudley 001,E02002000,8555,0.174985389,0.495616598,0.180883864,0.067961165,0.073158032
Dudley 002,E02002001,6061,0.197822142,0.578782379,0.230416584,0.063170048,0.050216162
Dudley 003,E02002002,6899,0.336860415,0.723728077,0.283215607,0.053325605,0.038359788
Dudley 004,E02002003,9022,0.218465972,0.584571049,0.200161421,0.070517796,0.050035236
Dudley 005,E02002004,7580,0.179287599,0.543139842,0.205332009,0.073238321,0.066628209
Dudley 006,E02002005,9888,0.128135113,0.40736246,0.209672987,0.071197411,0.086198428
Dudley 007,E02002006,6478,0.168570546,0.553411547,0.205582291,0.074702886,0.063366337
Dudley 008,E02002007,9028,0.259304386,0.624723084,0.221541739,0.060810811,0.03814262
Dudley 009,E02002008,8165,0.156889161,0.611022658,0.311609264,0.041523763,0.038366614
Dudley 010,E02002009,7115,0.116514406,0.340688686,0.2174241,0.074329071,0.10076442
Dudley 011,E02002010,8373,0.144512122,0.404156216,0.236706168,0.069986863,0.104600219
Dudley 012,E02002011,5905,0.2723116,0.712616427,0.270774789,0.045723963,0.037876106
Dudley 013,E02002012,8413,0.178414359,0.495186022,0.199107143,0.085581838,0.085946249
Dudley 014,E02002013,6570,0.295129376,0.710197869,0.295454545,0.054625685,0.037953236
Dudley 015,E02002014,8312,0.114894129,0.386549567,0.22614897,0.058455617,0.076640271
Dudley 016,E02002015,7059,0.187561978,0.573735657,0.241717791,0.048448789,0.04184337
Dudley 017,E02002016,8045,0.154133002,0.489993785,0.163278477,0.085000621,0.084988318
Dudley 018,E02002017,8069,0.179824018,0.495972239,0.189818408,0.07434023,0.07457247
Dudley 019,E02002018,8930,0.276819709,0.712765957,0.293529019,0.049944009,0.037527594
Dudley 020,E02002019,7799,0.166046929,0.493011925,0.170933113,0.070659143,0.072207486
Dudley 021,E02002020,9484,0.247680304,0.665331084,0.259565926,0.050500791,0.036286019
Dudley 022,E02002021,7708,0.145692787,0.426440062,0.19547787,0.077441951,0.113780724
Dudley 023,E02002022,8885,0.143950478,0.510523354,0.216169477,0.062605562,0.060853769
Dudley 024,E02002023,5353,0.235195218,0.628059032,0.230820696,0.053761434,0.038037277
Dudley 025,E02002024,8738,0.185397116,0.551270314,0.201729515,0.05847351,0.049237984
Dudley 026,E02002025,8896,0.15580036,0.501348921,0.264768381,0.056317446,0.053415268
Dudley 027,E02002026,6784,0.236586085,0.62396816,0.202786105,0.047913902,0.040130797
Dudley 028,E02002027,5381,0.20832559,0.689834603,0.292085702,0.037574405,0.030816119
Dudley 029,E02002028,5732,0.27128402,0.665910677,0.30173482,0.053907886,0.045305079
Dudley 030,E02002029,6221,0.241440283,0.60231474,0.296991012,0.05157455,0.044905009
Dudley 031,E02002030,6811,0.189252679,0.555278226,0.236095965,0.070443205,0.059375
Dudley 032,E02002031,6262,0.177898435,0.486106675,0.226987857,0.055582175,0.056103366
Dudley 033,E02002032,10214,0.165948698,0.497650284,0.228539714,0.0712817,0.056057107
Dudley 034,E02002033,7815,0.22021753,0.596673065,0.260794473,0.049398515,0.042650215
Dudley 035,E02002034,8166,0.198261083,0.621846681,0.360393423,0.059860448,0.055460542
Dudley 036,E02002035,6117,0.270230505,0.679908452,0.335040378,0.043677409,0.031060336
Dudley 037,E02002036,6666,0.174617462,0.4579958,0.207564923,0.074085183,0.101700798
Dudley 038,E02002037,5923,0.239405707,0.630254938,0.298063201,0.060442343,0.055755396
Dudley 039,E02002038,9614,0.217287289,0.582275848,0.258942065,0.063858554,0.059270857
Dudley 040,E02002039,6207,0.246012566,0.620428548,0.378652123,0.047036082,0.044683062
Dudley 041,E02002040,5937,0.315984504,0.724271518,0.404255319,0.042137199,0.025494673
Dudley 042,E02002041,6272,0.297831633,0.671237245,0.320722105,0.048628827,0.042356565
Dudley 043,E02002042,8026,0.257039621,0.669823075,0.318133935,0.044724056,0.03928289
Sandwell 001,E02002043,8758,0.152432062,0.472939027,0.202996475,0.075254082,0.069218668
Sandwell 002,E02002044,8052,0.119970194,0.447714853,0.266170763,0.054272231,0.071657754
Sandwell 003,E02002045,7812,0.163210445,0.514336918,0.192037853,0.070532514,0.061241849
Sandwell 004,E02002046,5709,0.126116658,0.41093011,0.127439171,0.090288714,0.103558394
Sandwell 005,E02002047,7551,0.20646272,0.489206728,0.180783612,0.083807759,0.092445328
Sandwell 006,E02002048,6835,0.228237015,0.560790051,0.318285214,0.050226973,0.044875682
Sandwell 007,E02002049,6310,0.154358162,0.489223455,0.185214946,0.064986527,0.085020243
Sandwell 009,E02002051,6169,0.126114443,0.41368131,0.152787031,0.077484195,0.103092784
Sandwell 010,E02002052,11365,0.141838979,0.42525297,0.194592752,0.07399912,0.085947047
Sandwell 011,E02002053,6328,0.181415929,0.465391909,0.266929911,0.055327221,0.061167424
Sandwell 012,E02002054,5814,0.192638459,0.481940144,0.275592217,0.049501547,0.057045712
Sandwell 013,E02002055,11128,0.139647735,0.432602444,0.208613105,0.068128708,0.074127907
Sandwell 014,E02002056,9882,0.128314106,0.410848006,0.169078242,0.079234973,0.095614666
Sandwell 015,E02002057,10720,0.146921642,0.439925373,0.204948257,0.08011565,0.101271278
Sandwell 016,E02002058,13570,0.11798084,0.399115696,0.231139647,0.062928303,0.073656167
Sandwell 017,E02002059,11792,0.15052578,0.431648575,0.230286929,0.073015604,0.087502452
Sandwell 018,E02002060,7356,0.121533442,0.392876563,0.194530538,0.075050986,0.105393021
Sandwell 019,E02002061,7060,0.127620397,0.361189802,0.203213438,0.074514804,0.093726662
Sandwell 020,E02002062,8956,0.129857079,0.397722197,0.218927355,0.072114311,0.122677596
Sandwell 021,E02002063,10325,0.116029056,0.385762712,0.255758339,0.053640589,0.068271426
Sandwell 022,E02002064,12493,0.13719683,0.463139358,0.210907586,0.055457746,0.068516325
Sandwell 023,E02002065,14172,0.095187694,0.330299181,0.219320655,0.05583004,0.10385479
Sandwell 024,E02002066,8255,0.116656572,0.346456693,0.213007351,0.061152822,0.105361596
Sandwell 025,E02002067,6317,0.192654741,0.513693209,0.212193664,0.053314349,0.054431263
Sandwell 027,E02002069,7244,0.159994478,0.459276643,0.219207048,0.077284019,0.085357846
Sandwell 028,E02002070,10339,0.123222749,0.328948641,0.203756477,0.072934804,0.09934297
Sandwell 029,E02002071,6716,0.179273377,0.477367481,0.172945205,0.076086957,0.076045627
Sandwell 030,E02002072,8922,0.157139655,0.489352163,0.238960313,0.060517763,0.079226598
Sandwell 031,E02002073,8411,0.142908097,0.430745452,0.207745375,0.07587109,0.082252358
Sandwell 032,E02002074,8205,0.170262035,0.494698355,0.219407339,0.072629783,0.069312313
Sandwell 033,E02002075,8736,0.178800366,0.498855311,0.21450748,0.074307305,0.073025335
Sandwell 034,E02002076,10669,0.119786297,0.488799325,0.413655091,0.045543998,0.074551971
Sandwell 035,E02002077,10885,0.164997703,0.46660542,0.211345555,0.079750092,0.072705118
Sandwell 036,E02002078,6570,0.196347032,0.552054795,0.330812854,0.052968037,0.050336646
Sandwell 037,E02002079,8658,0.175329175,0.491106491,0.246495327,0.068945606,0.055812757
Sandwell 038,E02002080,7378,0.171997831,0.504066143,0.212890963,0.072648414,0.073746313
Solihull 001,E02002081,5435,0.26274149,0.604599816,0.251631144,0.05448187,0.045234249
Solihull 002,E02002082,5837,0.141339729,0.450059962,0.165758401,0.078555537,0.094324214
Solihull 003,E02002083,6029,0.232376845,0.625476862,0.234536082,0.040968652,0.0441226
Solihull 004,E02002084,6745,0.152112676,0.442253521,0.171663727,0.074266232,0.081440056
Solihull 005,E02002085,6663,0.153834609,0.450397719,0.195386435,0.066977024,0.081944444
Solihull 006,E02002086,5924,0.16424713,0.460837272,0.164854284,0.084754347,0.092276423
Solihull 007,E02002087,6298,0.138139092,0.464274373,0.172043011,0.085913927,0.097222222
Solihull 008,E02002088,9581,0.152906795,0.456215426,0.168804585,0.091411875,0.103974006
Solihull 009,E02002089,8065,0.19950403,0.575449473,0.259414854,0.052566328,0.053977999
Solihull 010,E02002090,5962,0.166387118,0.535558537,0.30889398,0.04629319,0.04480107
Solihull 011,E02002091,7655,0.204964076,0.569954278,0.283106485,0.048216386,0.045638671
Solihull 012,E02002092,7268,0.20156852,0.557512383,0.291800507,0.065456546,0.048563814
Solihull 013,E02002093,6688,0.211273923,0.597188995,0.368845121,0.064414886,0.05329549
Solihull 014,E02002094,5978,0.257611241,0.678989629,0.465731463,0.036120401,0.035272727
Solihull 015,E02002095,8630,0.220857474,0.626535342,0.377966102,0.042086957,0.043478261
Solihull 016,E02002096,10377,0.254023321,0.658668209,0.459753788,0.044827919,0.038319983
Solihull 017,E02002097,7344,0.239651416,0.707652505,0.410474632,0.043845316,0.033407572
Solihull 018,E02002098,9738,0.202608338,0.621688232,0.397168597,0.044366848,0.036819172
Solihull 019,E02002099,6898,0.265294288,0.669179472,0.541454864,0.033183597,0.031170483
Solihull 021,E02002101,6304,0.231757614,0.622303299,0.296453354,0.050911975,0.049354091
Solihull 022,E02002102,8776,0.209320875,0.642547858,0.395189981,0.042616226,0.038728186
Solihull 023,E02002103,6080,0.278289474,0.687828947,0.349774907,0.050970076,0.035395066
Solihull 024,E02002104,5846,0.235203558,0.724598016,0.480221357,0.025654182,0.030945758
Solihull 025,E02002105,8264,0.250847047,0.715755082,0.466951273,0.03738657,0.030954208
Solihull 026,E02002106,9731,0.291542493,0.734662419,0.478963186,0.037204522,0.028694405
Solihull 027,E02002107,5414,0.233284078,0.698005172,0.459345066,0.030112692,0.033720495
Solihull 028,E02002108,9843,0.240881845,0.720918419,0.506309751,0.032497207,0.032727273
Solihull 029,E02002109,12130,0.152102226,0.640643034,0.45314932,0.025057699,0.03075986
Walsall 001,E02002110,7021,0.166358069,0.568295115,0.221334753,0.060222096,0.040297228
Walsall 002,E02002111,6415,0.209508963,0.555105222,0.166731745,0.080567243,0.076311031
Walsall 003,E02002112,5267,0.22764382,0.650655022,0.235186456,0.063187856,0.043425814
Walsall 004,E02002113,6402,0.194158076,0.558575445,0.223404255,0.067936905,0.052457935
Walsall 005,E02002114,6081,0.266074659,0.65087979,0.222156863,0.071875,0.045503792
Walsall 006,E02002115,6827,0.207851179,0.544455837,0.198865715,0.08043956,0.09197382
Walsall 007,E02002116,6756,0.261989343,0.690053286,0.283589923,0.053597868,0.032946345
Walsall 008,E02002117,6252,0.201695457,0.618522073,0.232067511,0.06236009,0.049966239
Walsall 009,E02002118,7425,0.169023569,0.503838384,0.172299652,0.085467781,0.098427673
Walsall 010,E02002119,5979,0.203378491,0.6041144,0.241688762,0.066856092,0.048381483
Walsall 011,E02002120,6109,0.194794565,0.571779342,0.24,0.052536825,0.050672182
Walsall 012,E02002121,6666,0.158565857,0.457845785,0.171887391,0.088098454,0.097707629
Walsall 013,E02002122,7156,0.095304639,0.350335383,0.210974643,0.064290706,0.091450596
Walsall 014,E02002123,6602,0.187973341,0.525901242,0.187283903,0.067090716,0.069012179
Walsall 015,E02002124,6919,0.26723515,0.632894927,0.260801936,0.075578035,0.053174347
Walsall 016,E02002125,6449,0.17940766,0.532330594,0.229734996,0.069457364,0.051515152
Walsall 017,E02002126,6679,0.139242402,0.414283575,0.16529092,0.095238095,0.093607306
Walsall 018,E02002127,9789,0.109102053,0.332107468,0.210371409,0.074346405,0.092957017
Walsall 019,E02002128,5629,0.255995736,0.56688577,0.17501079,0.07249467,0.052867019
Walsall 020,E02002129,6031,0.225667385,0.583816946,0.186427146,0.059038143,0.054199569
Walsall 021,E02002130,6863,0.139297683,0.410024771,0.19502236,0.078671329,0.079813887
Walsall 022,E02002131,7779,0.260444787,0.675922355,0.339770115,0.046284392,0.036231884
Walsall 023,E02002132,6442,0.174635206,0.478112387,0.183714807,0.07855923,0.081535649
Walsall 024,E02002133,6898,0.191649754,0.495216005,0.341318412,0.071169735,0.0802644
Walsall 025,E02002134,9235,0.134055225,0.441147807,0.197014505,0.066507799,0.083802989
Walsall 026,E02002135,7982,0.104610373,0.33112002,0.229765886,0.071419622,0.104625199
Walsall 027,E02002136,8005,0.138163648,0.451342911,0.218555715,0.061211743,0.076110509
Walsall 028,E02002137,6117,0.277260095,0.700016348,0.370689655,0.035130719,0.030006978
Walsall 029,E02002138,6356,0.166456891,0.458936438,0.351837218,0.050959421,0.062412342
Walsall 030,E02002139,10863,0.103470496,0.345944951,0.263582444,0.067482968,0.118461906
Walsall 031,E02002140,8555,0.124137931,0.362361192,0.221453287,0.067445938,0.091472868
Walsall 032,E02002141,6460,0.229256966,0.643343653,0.334719335,0.037788447,0.035301468
Walsall 033,E02002142,7548,0.110625331,0.360757817,0.196789322,0.070207975,0.107728337
Walsall 034,E02002143,10265,0.093813931,0.318071115,0.203313867,0.065757428,0.117879301
Walsall 035,E02002144,6844,0.252045587,0.61396844,0.438559322,0.041624069,0.042646598
Walsall 036,E02002145,8493,0.115389144,0.387731073,0.193485659,0.068888366,0.093139989
Walsall 037,E02002146,6423,0.147127511,0.455861747,0.243460765,0.061634241,0.070726172
Walsall 038,E02002147,9111,0.128196685,0.434968719,0.195862676,0.071138435,0.083160622
Walsall 039,E02002148,11431,0.206106202,0.574490421,0.262344354,0.047239962,0.034264628
Wolverhampton 001,E02002149,10087,0.20808962,0.534053733,0.214617453,0.07306434,0.067219555
Wolverhampton 002,E02002150,5787,0.165197857,0.48902713,0.250327654,0.060093248,0.07385304
Wolverhampton 003,E02002151,5557,0.152060464,0.465718913,0.236639493,0.073614111,0.09697202
Wolverhampton 004,E02002152,6274,0.139623844,0.430985018,0.176181313,0.080344333,0.104265403
Wolverhampton 005,E02002153,7482,0.200080192,0.549452018,0.183663447,0.078824315,0.061533975
Wolverhampton 006,E02002154,7413,0.118035883,0.435586132,0.305395495,0.054776039,0.063157895
Wolverhampton 007,E02002155,6515,0.113430545,0.341366078,0.190349712,0.071834229,0.11872705
Wolverhampton 008,E02002156,8302,0.179956637,0.558660564,0.230192077,0.063719586,0.058189115
Wolverhampton 009,E02002157,7825,0.194249201,0.586070288,0.33772549,0.043067093,0.046577458
Wolverhampton 010,E02002158,7524,0.228867624,0.576289208,0.18914956,0.074940207,0.077647059
Wolverhampton 011,E02002159,6178,0.100194238,0.348332794,0.217736598,0.056490774,0.111716621
Wolverhampton 012,E02002160,7578,0.180654526,0.548297704,0.241418952,0.053041298,0.054926387
Wolverhampton 013,E02002161,7126,0.084058378,0.303957339,0.272709996,0.053488699,0.087397709
Wolverhampton 014,E02002162,7777,0.298701299,0.661694741,0.392297153,0.058414822,0.046948357
Wolverhampton 015,E02002163,11875,0.105768421,0.336,0.256759777,0.066863158,0.122585731
Wolverhampton 016,E02002164,6744,0.071174377,0.223902728,0.238752363,0.054426813,0.165788407
Wolverhampton 017,E02002165,7892,0.132032438,0.410795743,0.343449748,0.062587102,0.120649652
Wolverhampton 018,E02002166,9408,0.15710034,0.442283163,0.200248071,0.082908163,0.110590684
Wolverhampton 019,E02002167,6641,0.242282789,0.602168348,0.36547856,0.051490515,0.055961844
Wolverhampton 020,E02002168,11533,0.093731033,0.337466401,0.293025265,0.059660076,0.140123326
Wolverhampton 021,E02002169,8811,0.26103734,0.637839065,0.401119913,0.050510783,0.043096968
Wolverhampton 022,E02002170,6310,0.166085578,0.509033281,0.183988764,0.069981001,0.073830409
Wolverhampton 023,E02002171,7721,0.178862842,0.473772827,0.18358209,0.076365519,0.089390659
Wolverhampton 026,E02002174,7643,0.198874787,0.573727594,0.365154379,0.052342319,0.061093248
Wolverhampton 027,E02002175,7795,0.150609365,0.415522771,0.2000329,0.079825462,0.103880232
Wolverhampton 028,E02002176,7841,0.188113761,0.537814054,0.275668749,0.055732687,0.070848502
Wolverhampton 029,E02002177,11505,0.113950456,0.407388092,0.248975876,0.061636095,0.100245886
Wolverhampton 030,E02002178,8137,0.218999631,0.555855967,0.332393948,0.067559268,0.067193676
Wolverhampton 031,E02002179,6573,0.213753233,0.57644911,0.361945905,0.045689918,0.044394762
Wolverhampton 032,E02002180,6488,0.203298397,0.516029593,0.228789323,0.066122072,0.069463549
Wolverhampton 033,E02002181,8438,0.134984594,0.460891206,0.214928616,0.068041726,0.076882431
Wolverhampton 034,E02002182,6585,0.181321185,0.522095672,0.210408087,0.073348519,0.077529566
Bradford 001,E02002183,5702,0.360575237,0.792704314,0.486421243,0.043310538,0.034081463
Bradford 002,E02002184,13116,0.291628545,0.740622141,0.522981139,0.040091463,0.030292658
Bradford 003,E02002185,5861,0.234772223,0.726497185,0.489684211,0.034465108,0.02864215
Bradford 005,E02002187,6193,0.243823672,0.771193283,0.503984064,0.026472962,0.027626194
Bradford 006,E02002188,7786,0.20241459,0.595299255,0.354117087,0.034668721,0.041348433
Bradford 007,E02002189,7188,0.165692821,0.373817474,0.268154381,0.059716036,0.06802974
Bradford 008,E02002190,11884,0.125967688,0.349545608,0.196903887,0.061679569,0.083911672
Bradford 009,E02002191,9644,0.118311904,0.363023642,0.187096774,0.065332365,0.071204188
Bradford 010,E02002192,9138,0.272707376,0.723900197,0.408376963,0.0404814,0.021103896
Bradford 011,E02002193,6477,0.161648912,0.454222634,0.207878315,0.081235521,0.071196241
Bradford 012,E02002194,7476,0.19234885,0.563937935,0.207036536,0.054552748,0.042578711
Bradford 013,E02002195,6360,0.282232704,0.733647799,0.378920022,0.040232595,0.021059783
Bradford 014,E02002196,6405,0.183606557,0.594067135,0.295129494,0.039943829,0.034788109
Bradford 015,E02002197,8696,0.200436983,0.632819687,0.351764379,0.061062557,0.041947061
Bradford 016,E02002198,8420,0.231235154,0.628028504,0.318333092,0.053312752,0.042521994
Bradford 017,E02002199,7239,0.200303909,0.678132339,0.33765586,0.040872687,0.029118774
Bradford 018,E02002200,9093,0.223578577,0.634444078,0.449926264,0.047613811,0.031850117
Bradford 019,E02002201,12240,0.16870915,0.582026144,0.294420341,0.053672086,0.045265515
Bradford 020,E02002202,7488,0.14730235,0.558760684,0.402065182,0.062608463,0.067479886
Bradford 021,E02002203,7738,0.162445076,0.514344792,0.224233529,0.067726509,0.065090403
Bradford 022,E02002204,11426,0.245930334,0.654909855,0.356428346,0.046548254,0.029900332
Bradford 023,E02002205,9782,0.228583112,0.666121448,0.337143545,0.046221495,0.033353305
Bradford 024,E02002206,8844,0.17492085,0.516960651,0.221138678,0.056661389,0.054662379
Bradford 025,E02002207,7500,0.112266667,0.322266667,0.313863476,0.05972537,0.077689243
Bradford 026,E02002208,8138,0.169697714,0.491398378,0.199905108,0.066748617,0.06321359
Bradford 027,E02002209,7003,0.086534342,0.370127088,0.201167942,0.065791352,0.076622916
Bradford 028,E02002210,7694,0.155445802,0.445671952,0.25,0.052385285,0.067157585
Bradford 029,E02002211,7707,0.12598936,0.296872973,0.310723951,0.05616083,0.084667378
Bradford 030,E02002212,9589,0.065491709,0.227969548,0.260031348,0.054755945,0.100475436
Bradford 031,E02002213,7671,0.207534872,0.614261504,0.296052632,0.048338762,0.031018028
Bradford 032,E02002214,6597,0.136577232,0.437623162,0.24546188,0.047893301,0.059472102
Bradford 033,E02002215,10789,0.08731115,0.209101863,0.232098458,0.070448647,0.100263158
Bradford 034,E02002216,10156,0.106439543,0.212879086,0.197456405,0.074817878,0.11954023
Bradford 035,E02002217,10389,0.089421504,0.264703051,0.211163416,0.062475934,0.100057013
Bradford 036,E02002218,10286,0.133774062,0.386058721,0.272320842,0.067379679,0.070145631
Bradford 037,E02002219,8288,0.06780888,0.198238417,0.195321837,0.065862485,0.125446748
Bradford 038,E02002220,9672,0.071650124,0.236972705,0.203519062,0.062021914,0.089570183
Bradford 040,E02002222,9234,0.123889972,0.316872428,0.230396609,0.064970222,0.084070796
Bradford 041,E02002223,7847,0.074678221,0.193322289,0.200250537,0.071874602,0.122178988
Bradford 042,E02002224,10842,0.074617229,0.207434053,0.174415584,0.077923276,0.110463332
Bradford 043,E02002225,8533,0.193366928,0.547287003,0.280256635,0.057327081,0.038451872
Bradford 044,E02002226,14124,0.06683659,0.196828094,0.241234222,0.063433628,0.137677725
Bradford 045,E02002227,6215,0.092679002,0.285599356,0.174357858,0.081307358,0.137962128
Bradford 046,E02002228,7646,0.110515302,0.358357311,0.175851614,0.075333508,0.106100796
Bradford 047,E02002229,8285,0.175497888,0.510802655,0.261890056,0.059995171,0.05261708
Bradford 048,E02002230,8633,0.069037415,0.199467161,0.196165923,0.073091625,0.142101551
Bradford 049,E02002231,13331,0.122046358,0.385417448,0.237413672,0.059714929,0.070046083
Bradford 050,E02002232,7316,0.101284855,0.285401859,0.228343465,0.076933588,0.115369874
Bradford 051,E02002233,9777,0.064232382,0.208857523,0.185678723,0.064539225,0.128196827
Bradford 052,E02002234,7599,0.103303066,0.370311883,0.168313209,0.093564943,0.120815138
Bradford 053,E02002235,7076,0.091294517,0.269785189,0.186849853,0.074660633,0.113909337
Bradford 054,E02002236,6587,0.151510551,0.426142402,0.25,0.058716431,0.055516514
Bradford 055,E02002237,8834,0.130292053,0.412723568,0.22003012,0.054317076,0.06080907
Bradford 056,E02002238,6455,0.138962045,0.411154144,0.197325103,0.072834341,0.088370314
Bradford 057,E02002239,10867,0.129290513,0.46139689,0.245048309,0.060923983,0.058025177
Bradford 058,E02002240,11570,0.168107174,0.609075194,0.277944005,0.051089212,0.036406146
Bradford 059,E02002241,12219,0.146902365,0.494148457,0.206542656,0.068341791,0.049150375
Bradford 060,E02002242,7884,0.223871131,0.608447489,0.22324159,0.054273396,0.050985545
Bradford 061,E02002243,9627,0.18479277,0.553651189,0.225688073,0.065129324,0.059000463
Calderdale 001,E02002244,6074,0.225551531,0.646855449,0.229708117,0.052865613,0.038448452
Calderdale 002,E02002245,5394,0.133110864,0.460140897,0.174137931,0.082623194,0.08325667
Calderdale 003,E02002246,9563,0.241765136,0.708459688,0.308841843,0.040041819,0.02205419
Calderdale 004,E02002247,8945,0.21117943,0.697484628,0.545611932,0.052366566,0.040727903
Calderdale 005,E02002248,7783,0.16034948,0.539252216,0.197372742,0.076863753,0.058722919
Calderdale 006,E02002249,5610,0.137433155,0.463814617,0.170403587,0.073961861,0.079470199
Calderdale 007,E02002250,8219,0.229468305,0.683051466,0.393627806,0.052445851,0.038601036
Calderdale 008,E02002251,7940,0.180478589,0.554534005,0.28195209,0.077698023,0.076842381
Calderdale 009,E02002252,6780,0.19719764,0.549852507,0.284519606,0.052057219,0.036097561
Calderdale 010,E02002253,8604,0.103556485,0.314388656,0.21242095,0.057777261,0.085276074
Calderdale 011,E02002254,6218,0.228851721,0.695078803,0.375268188,0.035702798,0.033084658
Calderdale 012,E02002255,7717,0.099390955,0.247764675,0.203276378,0.084078248,0.127198364
Calderdale 013,E02002256,9454,0.19378041,0.570340597,0.361738445,0.075597378,0.051053114
Calderdale 014,E02002257,6547,0.082786009,0.255231404,0.216210482,0.0625,0.110025489
Calderdale 015,E02002258,8884,0.202498874,0.617514633,0.334934798,0.051553354,0.037112469
Calderdale 016,E02002259,7139,0.196105897,0.561423169,0.341959972,0.04693849,0.050469484
Calderdale 017,E02002260,9058,0.188120998,0.602782071,0.305260361,0.054647825,0.047763129
Calderdale 018,E02002261,7932,0.187846697,0.584594049,0.269361308,0.054343715,0.047558169
Calderdale 019,E02002262,7670,0.231290743,0.643937419,0.283651607,0.063624511,0.047789069
Calderdale 020,E02002263,6489,0.191092618,0.632300817,0.300750433,0.0578996,0.044747082
Calderdale 021,E02002264,7063,0.231629619,0.651564491,0.4016751,0.036523216,0.025554187
Calderdale 022,E02002265,5610,0.220499109,0.632085561,0.355579399,0.060973436,0.045807167
Calderdale 023,E02002266,5735,0.240104621,0.673583261,0.322600878,0.046540003,0.036490969
Calderdale 024,E02002267,7985,0.215529117,0.639824671,0.267033303,0.060097659,0.042318059
Calderdale 025,E02002268,10302,0.191419142,0.600757135,0.265077645,0.061341357,0.045266639
Calderdale 026,E02002269,9387,0.198785554,0.665707894,0.332250097,0.042816061,0.031534392
Calderdale 027,E02002270,8513,0.195700693,0.711500059,0.416834823,0.030406199,0.027771402
Kirklees 001,E02002271,7549,0.209961584,0.643396476,0.309898394,0.039576439,0.030191651
Kirklees 002,E02002272,9671,0.182297591,0.561472443,0.251586993,0.055009823,0.043138084
Kirklees 003,E02002273,6580,0.200759878,0.606382979,0.285581741,0.046352584,0.029758397
Kirklees 004,E02002274,6858,0.202245553,0.631962671,0.30589725,0.043725404,0.033254856
Kirklees 005,E02002275,8563,0.199929931,0.606329557,0.250464087,0.059551611,0.04636234
Kirklees 006,E02002276,7794,0.168078009,0.496535797,0.254083485,0.051199795,0.047752809
Kirklees 007,E02002277,6913,0.145088963,0.405901924,0.248324646,0.05541088,0.060535891
Kirklees 008,E02002278,6725,0.188104089,0.56802974,0.258513641,0.059794734,0.049776643
Kirklees 009,E02002279,6269,0.177859308,0.550965066,0.230953809,0.073501276,0.053540587
Kirklees 010,E02002280,6867,0.121741663,0.311489734,0.19493288,0.080238823,0.075350246
Kirklees 011,E02002281,11657,0.155700438,0.437934288,0.209960071,0.063229238,0.055329536
Kirklees 012,E02002282,7444,0.104110693,0.338393337,0.231941208,0.060838034,0.072973846
Kirklees 013,E02002283,7171,0.123832102,0.287825966,0.199288256,0.06842252,0.071578212
Kirklees 014,E02002284,6249,0.190910546,0.558169307,0.239344909,0.050391937,0.049584027
Kirklees 015,E02002285,7981,0.217892495,0.638516477,0.29153269,0.045260782,0.032358271
Kirklees 016,E02002286,6323,0.11908904,0.394907481,0.241196436,0.066045189,0.054693561
Kirklees 017,E02002287,7261,0.113482991,0.349400909,0.269217082,0.063076711,0.078844906
Kirklees 018,E02002288,10151,0.149443405,0.509210915,0.207736208,0.067875086,0.050265111
Kirklees 019,E02002289,7039,0.080835346,0.306719705,0.184517917,0.058388976,0.07856865
Kirklees 020,E02002290,6290,0.259141494,0.684896661,0.31437871,0.041785828,0.033333333
Kirklees 021,E02002291,6548,0.216401955,0.668448381,0.31083114,0.049931287,0.036905147
Kirklees 022,E02002292,5604,0.223768737,0.58815132,0.351707739,0.053918943,0.039984472
Kirklees 023,E02002293,8852,0.069814731,0.243899684,0.165260309,0.068330698,0.104296491
Kirklees 024,E02002294,11132,0.109863457,0.303180022,0.213105007,0.05783046,0.073782587
Kirklees 025,E02002295,7323,0.114707087,0.377714052,0.265298576,0.063626434,0.085656701
Kirklees 026,E02002296,6931,0.249891791,0.678545664,0.336538462,0.053816188,0.03695785
Kirklees 027,E02002297,6994,0.204032027,0.583357163,0.418930762,0.050314465,0.044790343
Kirklees 028,E02002298,6653,0.208928303,0.57357583,0.236141907,0.069390207,0.049345418
Kirklees 029,E02002299,7224,0.090254707,0.353959025,0.252652401,0.065900595,0.121350019
Kirklees 030,E02002300,8600,0.204651163,0.62872093,0.396187982,0.040605003,0.027602906
Kirklees 031,E02002301,8263,0.088224616,0.321674936,0.311467365,0.058916042,0.092908021
Kirklees 032,E02002302,6169,0.21964662,0.654401037,0.342885572,0.043125811,0.028080608
Kirklees 033,E02002303,6638,0.188008436,0.562066888,0.384055265,0.058752636,0.042159055
Kirklees 034,E02002304,6534,0.146158555,0.512702785,0.424100719,0.052486611,0.070808283
Kirklees 035,E02002305,6185,0.141147939,0.450282943,0.239983478,0.072121604,0.07768094
Kirklees 036,E02002306,6215,0.218664521,0.669831054,0.356169641,0.044773716,0.026366559
Kirklees 037,E02002307,5922,0.194528875,0.571428571,0.239515961,0.062468344,0.051291651
Kirklees 038,E02002308,6780,0.167109145,0.564306785,0.330139215,0.047759434,0.039193084
Kirklees 039,E02002309,6829,0.129740811,0.426270318,0.308005177,0.067242895,0.08921792
Kirklees 040,E02002310,5771,0.180384682,0.54461965,0.262473348,0.066170102,0.054154303
Kirklees 041,E02002311,6543,0.186458811,0.585052728,0.300151688,0.058652818,0.045030556
Kirklees 042,E02002312,8122,0.097759173,0.431174588,0.302271741,0.052301255,0.075248986
Kirklees 043,E02002313,7793,0.087771077,0.317592711,0.254028765,0.077663671,0.111069135
Kirklees 044,E02002314,5880,0.255782313,0.610714286,0.334298119,0.057623661,0.04743083
Kirklees 045,E02002315,6685,0.141361257,0.531637996,0.250368732,0.064453417,0.059097525
Kirklees 046,E02002316,6674,0.236589751,0.666916392,0.322626695,0.045999401,0.037518911
Kirklees 047,E02002317,7482,0.148757017,0.456161454,0.252820874,0.071753073,0.067116358
Kirklees 048,E02002318,6162,0.216650438,0.568808828,0.277254902,0.079344475,0.063650307
Kirklees 049,E02002319,6968,0.173363949,0.623708381,0.344218888,0.052253804,0.03053859
Kirklees 050,E02002320,6001,0.263456091,0.657557074,0.333594056,0.061156474,0.045303867
Kirklees 051,E02002321,6783,0.225121628,0.684800236,0.367154812,0.031991744,0.031377899
Kirklees 052,E02002322,6377,0.222047985,0.661596362,0.399239544,0.050932456,0.035656923
Kirklees 053,E02002323,8220,0.247201946,0.694768856,0.388212872,0.042822384,0.023566379
Kirklees 054,E02002324,6567,0.261154256,0.703974418,0.339364035,0.056934084,0.026563006
Kirklees 055,E02002325,9102,0.226873215,0.656998462,0.354135844,0.04656782,0.038148407
Kirklees 056,E02002326,6013,0.222018959,0.698652919,0.418285948,0.032252702,0.025486251
Kirklees 057,E02002327,10067,0.237111354,0.699910599,0.370588235,0.043715847,0.023318201
Kirklees 058,E02002328,7015,0.243335709,0.709622238,0.447251622,0.032915361,0.030669419
Kirklees 059,E02002329,12200,0.214754098,0.692459016,0.421230494,0.032707599,0.030153238
Leeds 001,E02002330,6990,0.299713877,0.772246066,0.457298401,0.030190299,0.032015681
Leeds 002,E02002331,7364,0.266702879,0.661596958,0.32338621,0.066141518,0.037269129
Leeds 003,E02002332,6535,0.238714614,0.679418516,0.36509434,0.047480472,0.038499184
Leeds 004,E02002333,7823,0.261025182,0.738974818,0.421315949,0.04917614,0.029092833
Leeds 005,E02002334,7620,0.265354331,0.731233596,0.457763475,0.037926509,0.022491349
Leeds 006,E02002335,7525,0.267242525,0.753887043,0.516228497,0.025780731,0.023282226
Leeds 007,E02002336,6994,0.241921647,0.744781241,0.505894774,0.031160663,0.026315789
Leeds 008,E02002337,7728,0.210403727,0.703286749,0.478246961,0.027058519,0.016552075
Leeds 009,E02002338,7280,0.216071429,0.675,0.395762133,0.041203131,0.033248802
Leeds 010,E02002339,5647,0.193022844,0.620506464,0.269744039,0.061072756,0.049836304
Leeds 011,E02002340,5867,0.253792398,0.708539288,0.299556809,0.051697663,0.029855868
Leeds 012,E02002341,7433,0.248486479,0.693259787,0.530376569,0.030934768,0.028563185
Leeds 013,E02002342,6079,0.232110544,0.6889291,0.385665529,0.044908702,0.036089699
Leeds 014,E02002343,5940,0.187037037,0.687878788,0.405742821,0.031823539,0.03043754
Leeds 015,E02002344,7806,0.228157827,0.658083525,0.512383657,0.043433696,0.03928289
Leeds 016,E02002345,6178,0.228067336,0.690352865,0.544776119,0.033020395,0.038026721
Leeds 017,E02002346,6151,0.176881808,0.576654203,0.364543049,0.058020478,0.046662125
Leeds 018,E02002347,6567,0.145576367,0.497639714,0.335515548,0.070298235,0.067211289
Leeds 019,E02002348,6523,0.195308907,0.60830906,0.404562738,0.060131922,0.043126685
Leeds 020,E02002349,5868,0.197171097,0.65593047,0.592413066,0.038028649,0.033011004
Leeds 021,E02002350,6663,0.223322828,0.659012457,0.457664638,0.027923735,0.024922118
Leeds 022,E02002351,5632,0.252840909,0.729048295,0.442527496,0.036069652,0.027351068
Leeds 023,E02002352,7808,0.191726434,0.613857582,0.526324111,0.036487006,0.031826219
Leeds 024,E02002353,6017,0.153897291,0.633372112,0.572303145,0.032923179,0.03029316
Leeds 025,E02002354,8209,0.171762699,0.593494945,0.447607324,0.052875244,0.046862996
Leeds 027,E02002356,9317,0.1689385,0.658688419,0.541815681,0.026733949,0.023251029
Leeds 028,E02002357,8333,0.17400696,0.606384255,0.442674211,0.047036237,0.036959064
Leeds 029,E02002358,8638,0.184764992,0.550706182,0.29413494,0.057080005,0.043979813
Leeds 030,E02002359,6482,0.259642086,0.756865165,0.399073216,0.041499537,0.033635188
Leeds 031,E02002360,6867,0.145478375,0.602300859,0.509252669,0.051267113,0.034621578
Leeds 032,E02002361,6065,0.137840066,0.576422094,0.540046739,0.043829296,0.051341504
Leeds 033,E02002362,8046,0.132239622,0.519761372,0.320299112,0.075220689,0.067765081
Leeds 034,E02002363,7031,0.155027734,0.693500213,0.627865388,0.033826038,0.031547205
Leeds 035,E02002364,5971,0.165466421,0.491877407,0.173599321,0.108990457,0.093965168
Leeds 037,E02002366,8397,0.17351435,0.475646064,0.415961306,0.047284421,0.046920821
Leeds 038,E02002367,6422,0.114606042,0.450015571,0.328156515,0.078779387,0.081752328
Leeds 039,E02002368,8651,0.185874465,0.658420992,0.439470275,0.037452318,0.02303847
Leeds 040,E02002369,7977,0.121724959,0.440265764,0.274754535,0.070327191,0.073274638
Leeds 041,E02002370,7266,0.139278833,0.467657583,0.18992674,0.064134324,0.060432952
Leeds 042,E02002371,10558,0.108353855,0.369956431,0.362783517,0.061369448,0.099633252
Leeds 044,E02002373,8507,0.050899259,0.461032091,0.401890963,0.02327495,0.066374909
Leeds 045,E02002374,6893,0.126940374,0.553024808,0.472446352,0.0513639,0.05264624
Leeds 046,E02002375,6594,0.101455869,0.441310282,0.24099941,0.061589806,0.076923077
Leeds 047,E02002376,7812,0.074116743,0.313108039,0.231126182,0.064227226,0.098789663
Leeds 048,E02002377,7508,0.066062866,0.226691529,0.221188261,0.053640357,0.109213803
Leeds 050,E02002379,5996,0.0993996,0.429619746,0.206785878,0.068867767,0.082907662
Leeds 051,E02002380,5506,0.197057755,0.60697421,0.258402444,0.05233509,0.038790036
Leeds 052,E02002381,6281,0.153319535,0.596879478,0.327950788,0.054866412,0.04335176
Leeds 053,E02002382,7200,0.05,0.185,0.185102041,0.046527778,0.127039627
Leeds 054,E02002383,8132,0.023610428,0.375061485,0.259398985,0.023241515,0.100748809
Leeds 055,E02002384,12481,0.053120744,0.394359426,0.361942846,0.03974359,0.102153506
Leeds 056,E02002385,8464,0.053875236,0.471880907,0.453462783,0.03887051,0.07362885
Leeds 057,E02002386,9152,0.257867133,0.673186189,0.297321659,0.050284215,0.035479632
Leeds 058,E02002387,6026,0.134749419,0.500331895,0.23843268,0.069578213,0.057602143
Leeds 059,E02002388,8149,0.114738005,0.463615168,0.287736599,0.061510129,0.064826538
Leeds 060,E02002389,7698,0.125097428,0.376331515,0.235190409,0.08271653,0.107537362
Leeds 061,E02002390,7074,0.147017246,0.54495335,0.264618607,0.056977237,0.050258082
Leeds 062,E02002391,7926,0.168180671,0.621498864,0.351760346,0.050744761,0.033988439
Leeds 063,E02002392,9984,0.022235577,0.400641026,0.347629083,0.02343046,0.086373391
Leeds 064,E02002393,8934,0.06503246,0.269755988,0.286121103,0.06522712,0.125341344
Leeds 065,E02002394,7645,0.082537606,0.293001962,0.204843049,0.06343186,0.127933884
Leeds 066,E02002395,7388,0.163237683,0.51082837,0.379458901,0.044537701,0.040022548
Leeds 067,E02002396,9053,0.151772893,0.525019331,0.293179099,0.057556341,0.064113415
Leeds 068,E02002397,7687,0.177572525,0.566150644,0.261329063,0.059581111,0.047705944
Leeds 069,E02002398,7466,0.2475221,0.666220198,0.2853094,0.046745245,0.029228687
Leeds 070,E02002399,6449,0.119863545,0.434951155,0.208469055,0.057856367,0.087361878
Leeds 071,E02002400,9818,0.075677327,0.350071298,0.260920285,0.075481308,0.100184672
Leeds 072,E02002401,6629,0.114195203,0.40322824,0.21630029,0.071072884,0.095620438
Leeds 073,E02002402,5782,0.222241439,0.746454514,0.361128142,0.031314879,0.025709516
Leeds 074,E02002403,6301,0.256467227,0.697032217,0.303809345,0.057619048,0.035798717
Leeds 075,E02002404,10989,0.070525071,0.400764401,0.423339951,0.051242377,0.068087318
Leeds 076,E02002405,9168,0.187827225,0.587914485,0.316841235,0.040903141,0.035368326
Leeds 077,E02002406,7263,0.242324108,0.739639268,0.32586524,0.039774291,0.024487472
Leeds 078,E02002407,6473,0.116483856,0.428549359,0.208316347,0.077576881,0.097400347
Leeds 079,E02002408,7536,0.192542463,0.639065817,0.310178485,0.054147313,0.036778037
Leeds 080,E02002409,6096,0.178149606,0.564632546,0.220414803,0.065463495,0.058564658
Leeds 081,E02002410,6919,0.174447174,0.564966036,0.249084888,0.055073721,0.081444165
Leeds 082,E02002411,9059,0.071310299,0.409868639,0.392385926,0.05431063,0.077571669
Leeds 083,E02002412,7231,0.154197206,0.586640852,0.287561681,0.040929204,0.043244626
Leeds 085,E02002414,6734,0.095485595,0.365904366,0.239698891,0.071068249,0.096211867
Leeds 086,E02002415,7878,0.043031226,0.256537192,0.208348262,0.061198578,0.118486558
Leeds 087,E02002416,6956,0.252443933,0.658424382,0.249347486,0.065938802,0.037200504
Leeds 088,E02002417,7324,0.204533042,0.65032769,0.268899036,0.054758979,0.028714803
Leeds 089,E02002418,7082,0.199802316,0.65927704,0.248794766,0.056654422,0.04028169
Leeds 090,E02002419,8188,0.13690767,0.452735711,0.205229794,0.068401124,0.068862275
Leeds 091,E02002420,8368,0.128107075,0.442758126,0.240905543,0.045997611,0.056844252
Leeds 092,E02002421,6367,0.118894299,0.403957908,0.191600501,0.084538026,0.102803738
Leeds 093,E02002422,6447,0.205677059,0.64324492,0.319232203,0.04034135,0.032634033
Leeds 094,E02002423,5796,0.16131815,0.479813665,0.185969557,0.06744868,0.074144487
Leeds 095,E02002424,7638,0.175176748,0.609845509,0.2918075,0.055148022,0.039160481
Leeds 096,E02002425,8669,0.224708732,0.672049833,0.270277817,0.048096886,0.033473783
Leeds 097,E02002426,7774,0.212503216,0.670311294,0.332916927,0.04526749,0.035667795
Leeds 098,E02002427,6707,0.220068585,0.634710004,0.261874431,0.062611807,0.042743222
Leeds 099,E02002428,8039,0.136708546,0.502923249,0.269603945,0.052009456,0.048863914
Leeds 100,E02002429,8523,0.187961985,0.641088818,0.302018295,0.045299847,0.036275416
Leeds 101,E02002430,8205,0.100304692,0.384156002,0.1856469,0.067276051,0.087345056
Leeds 102,E02002431,8825,0.125552408,0.58776204,0.318678241,0.048061664,0.039795918
Leeds 103,E02002432,7652,0.190277052,0.655384213,0.284074373,0.05384917,0.036892699
Leeds 104,E02002433,6774,0.187186301,0.581340419,0.291659501,0.065416421,0.048524952
Leeds 105,E02002434,10189,0.110609481,0.550397487,0.311701455,0.03994896,0.034757936
Leeds 106,E02002435,8310,0.17521059,0.63188929,0.319228469,0.041882296,0.031687715
Leeds 107,E02002436,6911,0.181305166,0.625958617,0.240445003,0.064833575,0.031120332
Leeds 108,E02002437,6176,0.193329016,0.696243523,0.318823529,0.037408907,0.021190402
Wakefield 001,E02002438,8948,0.151542244,0.476866339,0.151404862,0.092960894,0.062698413
Wakefield 002,E02002439,8670,0.171972318,0.591234141,0.18839581,0.071519206,0.051194539
Wakefield 003,E02002440,7899,0.190910242,0.571338144,0.183076439,0.078344513,0.052480642
Wakefield 004,E02002441,9754,0.166495797,0.559667829,0.18992297,0.079864671,0.049017536
Wakefield 005,E02002442,7271,0.16985284,0.621372576,0.220319447,0.052276792,0.032127498
Wakefield 006,E02002443,6147,0.173092565,0.643077924,0.297078563,0.041164985,0.03157572
Wakefield 007,E02002444,6930,0.171572872,0.667965368,0.321018208,0.045310245,0.034680502
Wakefield 008,E02002445,8502,0.205363444,0.64878852,0.280173035,0.062242617,0.03661436
Wakefield 009,E02002446,5928,0.240721997,0.687584345,0.255306487,0.056014847,0.025748086
Wakefield 010,E02002447,6162,0.198149951,0.555826031,0.162645758,0.079032782,0.039804469
Wakefield 011,E02002448,8088,0.177546983,0.53264095,0.165739023,0.075658301,0.046832702
Wakefield 012,E02002449,9812,0.162556054,0.618222585,0.241688788,0.056659533,0.033143754
Wakefield 013,E02002450,7914,0.162875916,0.592873389,0.247946691,0.051074589,0.037541846
Wakefield 014,E02002451,7955,0.238340666,0.68460088,0.311214532,0.044363454,0.029517454
Wakefield 015,E02002452,9206,0.165326961,0.557897024,0.247748941,0.077875529,0.046685752
Wakefield 016,E02002453,9666,0.171632526,0.561969791,0.192038662,0.070150026,0.045928131
Wakefield 017,E02002454,9191,0.123490371,0.449135023,0.297113978,0.063649222,0.070437798
Wakefield 018,E02002455,6483,0.166281043,0.522289064,0.175584621,0.079839704,0.060638298
Wakefield 019,E02002456,8064,0.1328125,0.49516369,0.298442647,0.059625635,0.052918288
Wakefield 020,E02002457,7940,0.155163728,0.455415617,0.193532662,0.078917558,0.071213036
Wakefield 021,E02002458,9081,0.212311419,0.60543993,0.258147397,0.050214734,0.037573563
Wakefield 022,E02002459,10051,0.143567804,0.524524923,0.223664315,0.060702557,0.047221657
Wakefield 023,E02002460,7475,0.266622074,0.69632107,0.312669756,0.055949672,0.033691548
Wakefield 024,E02002461,11903,0.159371587,0.595144081,0.241837589,0.060488952,0.034872136
Wakefield 025,E02002462,7440,0.226344086,0.647446237,0.254767726,0.056981588,0.033237822
Wakefield 026,E02002463,10386,0.130271519,0.474003466,0.193115895,0.072928709,0.07040036
Wakefield 027,E02002464,9040,0.172676991,0.577323009,0.18677686,0.075561456,0.053504673
Wakefield 028,E02002465,6093,0.255210898,0.629410799,0.261223717,0.062222952,0.042887029
Wakefield 029,E02002466,9053,0.234066055,0.649066608,0.257326375,0.060559178,0.039183482
Wakefield 030,E02002467,8987,0.110381662,0.447535329,0.231283982,0.059176863,0.077417873
Wakefield 031,E02002468,6145,0.225549227,0.654515867,0.317808219,0.052708638,0.03592617
Wakefield 032,E02002469,6522,0.214198099,0.670653174,0.266142617,0.055947272,0.029513344
Wakefield 033,E02002470,6032,0.325928382,0.768567639,0.472018526,0.036472149,0.022162782
Wakefield 034,E02002471,11475,0.236514161,0.698474946,0.353150141,0.047224885,0.02452121
Wakefield 035,E02002472,5750,0.24226087,0.69026087,0.288653494,0.050095669,0.025482344
Wakefield 036,E02002473,6718,0.238761536,0.664036916,0.286091549,0.04273377,0.031864205
Wakefield 037,E02002474,6968,0.169632606,0.595292767,0.256956993,0.06097561,0.054037826
Wakefield 038,E02002475,6279,0.274566014,0.714126453,0.40148628,0.050653074,0.027091907
Wakefield 039,E02002476,6687,0.151487962,0.538507552,0.17219559,0.094049043,0.054281861
Wakefield 040,E02002477,6297,0.20136573,0.583134826,0.190532081,0.09502622,0.047129695
Wakefield 041,E02002478,6246,0.159462056,0.558917707,0.198567449,0.070102433,0.039065002
Wakefield 042,E02002479,8146,0.233979867,0.610360913,0.181484742,0.097114794,0.041421774
Wakefield 043,E02002480,5498,0.236449618,0.588941433,0.166415176,0.097290416,0.042752443
Wakefield 044,E02002481,7387,0.173683498,0.539867335,0.188173854,0.073266522,0.035428571
Wakefield 045,E02002482,7184,0.163140312,0.527422049,0.164714363,0.088505427,0.053320562
Hartlepool 001,E02002483,10239,0.176286747,0.597519289,0.286081213,0.052353975,0.037698015
Hartlepool 002,E02002484,10277,0.177483701,0.519996108,0.187761635,0.106558972,0.105608893
Hartlepool 003,E02002485,8001,0.171478565,0.493313336,0.188603531,0.103323338,0.086817747
Hartlepool 007,E02002489,7131,0.174169121,0.493338943,0.223880597,0.102175439,0.110621095
Hartlepool 008,E02002490,5804,0.169021365,0.491212957,0.199393151,0.082515073,0.095884599
Hartlepool 009,E02002491,6473,0.200216283,0.530974818,0.18618267,0.098284655,0.071371611
Hartlepool 010,E02002492,6771,0.20248117,0.56727219,0.206720234,0.088131089,0.055005125
Hartlepool 011,E02002493,6752,0.25903436,0.669727488,0.295410586,0.05658421,0.034593209
Hartlepool 012,E02002494,7673,0.157044181,0.453668708,0.172691451,0.103493222,0.088572421
Middlesbrough 001,E02002496,11861,0.07714358,0.347862743,0.299415325,0.071982468,0.144239492
Middlesbrough 002,E02002497,6111,0.127475045,0.391752577,0.177547942,0.093407492,0.132739421
Middlesbrough 003,E02002498,8502,0.093860268,0.324864738,0.260374532,0.089199671,0.16506647
Middlesbrough 004,E02002499,7683,0.126513081,0.463230509,0.157446809,0.09658943,0.086373021
Middlesbrough 005,E02002500,5906,0.154249915,0.509989841,0.287213536,0.077040298,0.080065359
Middlesbrough 006,E02002501,6267,0.136588479,0.475506622,0.226347051,0.075646345,0.082045184
Middlesbrough 007,E02002502,9794,0.166734736,0.487951807,0.1556472,0.110396242,0.111847556
Middlesbrough 008,E02002503,6833,0.124542661,0.476803747,0.221697184,0.075786394,0.079086116
Middlesbrough 009,E02002504,9757,0.156708005,0.51480988,0.333722893,0.047477441,0.053915873
Middlesbrough 010,E02002505,6386,0.122611964,0.441277795,0.141971349,0.091236307,0.096972177
Middlesbrough 011,E02002506,5602,0.153338094,0.495715816,0.19164396,0.103411323,0.084194978
Middlesbrough 012,E02002507,6237,0.1996152,0.605900273,0.326018189,0.040904716,0.046210106
Middlesbrough 013,E02002508,5429,0.233192116,0.618898508,0.307072516,0.053795136,0.049147035
Middlesbrough 014,E02002509,5142,0.20361727,0.571373007,0.22815534,0.070581373,0.076433121
Middlesbrough 015,E02002510,7089,0.24940048,0.665538158,0.291688001,0.04496124,0.034707802
Middlesbrough 017,E02002512,5338,0.258336456,0.695766205,0.371115582,0.043836643,0.025641026
Middlesbrough 018,E02002513,10238,0.203946083,0.593963665,0.259757576,0.077952525,0.064863626
Middlesbrough 019,E02002514,8341,0.219757823,0.656156336,0.262998704,0.09028777,0.046233342
Redcar and Cleveland 001,E02002515,6470,0.198763524,0.545440495,0.223645681,0.095782481,0.099571734
Redcar and Cleveland 002,E02002516,5868,0.192740286,0.554021813,0.222627737,0.073764906,0.053097345
Redcar and Cleveland 003,E02002517,5315,0.198118532,0.577234243,0.196545285,0.082408278,0.059556787
Redcar and Cleveland 004,E02002518,10879,0.227042927,0.671201397,0.305934066,0.056357452,0.036116505
Redcar and Cleveland 005,E02002519,7473,0.23792319,0.595209421,0.199265074,0.104094193,0.076867816
Redcar and Cleveland 006,E02002520,13088,0.271928484,0.682915648,0.296098971,0.054859413,0.041994751
Redcar and Cleveland 007,E02002521,5878,0.318645798,0.708744471,0.365237816,0.078965283,0.044123886
Redcar and Cleveland 009,E02002523,6388,0.120225423,0.394020038,0.145991745,0.098935504,0.146011717
Redcar and Cleveland 010,E02002524,5395,0.237627433,0.620574606,0.205603254,0.070237213,0.05648441
Redcar and Cleveland 011,E02002525,7970,0.242409034,0.594353827,0.181318681,0.091331075,0.06344239
Redcar and Cleveland 012,E02002526,7706,0.209447184,0.60628082,0.240532404,0.078110808,0.045736205
Redcar and Cleveland 013,E02002527,5087,0.197562414,0.513465697,0.179775281,0.093411996,0.089737234
Redcar and Cleveland 015,E02002529,5738,0.223945626,0.63088184,0.229539238,0.072299652,0.066155708
Redcar and Cleveland 016,E02002530,6180,0.256634304,0.617313916,0.217374665,0.095954693,0.065830721
Redcar and Cleveland 018,E02002532,6734,0.222007722,0.613305613,0.24950495,0.085671863,0.077346167
Redcar and Cleveland 019,E02002533,6566,0.270941212,0.701187938,0.370171872,0.047067784,0.035149385
Redcar and Cleveland 020,E02002534,5569,0.346740887,0.734961393,0.370476974,0.044312881,0.021230503
Stockton-on-Tees 001,E02002535,9165,0.223240589,0.704091653,0.301796562,0.04811784,0.034407666
Stockton-on-Tees 002,E02002536,9328,0.21172813,0.603237564,0.228424386,0.077401372,0.060694343
Stockton-on-Tees 003,E02002537,8362,0.15893327,0.519253767,0.178389241,0.083801554,0.074318508
Stockton-on-Tees 004,E02002538,5639,0.217946444,0.592658273,0.225820569,0.077864491,0.049802372
Stockton-on-Tees 005,E02002539,10538,0.222527994,0.703833745,0.415129151,0.040520023,0.035764517
Stockton-on-Tees 006,E02002540,6067,0.304763475,0.718312181,0.350931677,0.046158919,0.032293179
Stockton-on-Tees 007,E02002541,6017,0.225860063,0.616752534,0.273342624,0.063331117,0.057455058
Stockton-on-Tees 008,E02002542,8025,0.16834891,0.499439252,0.177823934,0.096074766,0.096551724
Stockton-on-Tees 009,E02002543,9246,0.136599611,0.501297859,0.215135445,0.086632057,0.080242241
Stockton-on-Tees 010,E02002544,8919,0.147886534,0.495907613,0.211732974,0.090939673,0.090047393
Stockton-on-Tees 011,E02002545,5031,0.271516597,0.690518784,0.253916296,0.054440691,0.046861925
Stockton-on-Tees 012,E02002546,7452,0.140901771,0.487788513,0.224132004,0.082785456,0.102258469
Stockton-on-Tees 013,E02002547,6089,0.293151585,0.689932665,0.291658603,0.063228773,0.030207925
Stockton-on-Tees 015,E02002549,7454,0.294204454,0.69345318,0.30017452,0.052709227,0.03591739
Stockton-on-Tees 016,E02002550,6047,0.209690756,0.614188854,0.34766808,0.057237386,0.052033712
Stockton-on-Tees 017,E02002551,5364,0.148023863,0.513422819,0.239585731,0.094315005,0.100586378
Stockton-on-Tees 018,E02002552,7151,0.158019857,0.536428472,0.213229993,0.066190876,0.060754833
Stockton-on-Tees 019,E02002553,5797,0.206486114,0.558909781,0.222990493,0.075025871,0.064352574
Stockton-on-Tees 020,E02002554,5042,0.242364141,0.583696946,0.16824933,0.099821393,0.086978637
Stockton-on-Tees 021,E02002555,10307,0.226351024,0.664402833,0.405372847,0.041226113,0.034974093
Stockton-on-Tees 022,E02002556,7265,0.192429456,0.656847901,0.373708764,0.033429633,0.034185659
Stockton-on-Tees 024,E02002558,11013,0.245800418,0.72550622,0.463187835,0.034861552,0.037101115
Darlington 001,E02002559,9657,0.196127162,0.728383556,0.392376112,0.038314176,0.025502008
Darlington 002,E02002560,6242,0.186638898,0.619352772,0.252519265,0.044237859,0.033747214
Darlington 003,E02002561,5424,0.2570059,0.674225664,0.26173913,0.058812684,0.038337369
Darlington 004,E02002562,5615,0.177203918,0.538023152,0.192498383,0.079743681,0.084745763
Darlington 005,E02002563,5549,0.259506217,0.616687691,0.216550825,0.083078032,0.04554697
Darlington 006,E02002564,9733,0.182882975,0.603616562,0.228162169,0.071303812,0.056072695
Darlington 009,E02002567,9404,0.163015738,0.524138664,0.209410477,0.061469744,0.056156502
Darlington 010,E02002568,6034,0.261518064,0.712959894,0.500592885,0.036975626,0.036376864
Darlington 011,E02002569,9146,0.32276405,0.760441723,0.415827524,0.041110868,0.023766469
Darlington 012,E02002570,7508,0.195258391,0.555540757,0.19693301,0.085931255,0.082302158
Darlington 013,E02002571,6355,0.166640441,0.505900865,0.195185557,0.065439673,0.066193853
Darlington 014,E02002572,6286,0.143016227,0.504295259,0.264957265,0.066168284,0.079545455
Darlington 015,E02002573,9369,0.235350624,0.730387448,0.378403022,0.037566702,0.026702874
Halton 001,E02002574,8698,0.20085077,0.655897908,0.355303666,0.041508566,0.020535714
Halton 002,E02002575,9455,0.182125859,0.669275516,0.359943619,0.039881519,0.028698464
Halton 003,E02002576,7448,0.203947368,0.592239527,0.206818182,0.087820599,0.042739881
Halton 004,E02002577,7311,0.183969361,0.52126932,0.174094708,0.098865035,0.067589845
Halton 005,E02002578,8404,0.168491195,0.562708234,0.26112848,0.063771565,0.036991369
Halton 006,E02002579,7893,0.177879133,0.540478905,0.183384318,0.089330968,0.051759232
Halton 007,E02002580,7878,0.13175933,0.455826352,0.171915167,0.092167069,0.074257426
Halton 008,E02002581,7109,0.257701505,0.611197074,0.240855186,0.070915998,0.037730154
Halton 009,E02002582,9313,0.158917642,0.655213143,0.383971761,0.038102393,0.026888098
Halton 010,E02002583,7668,0.160928534,0.473395931,0.168057211,0.117209909,0.077758913
Halton 011,E02002584,7324,0.188421628,0.552976516,0.204959514,0.062662116,0.0418483
Halton 012,E02002585,10652,0.156214795,0.523657529,0.250850533,0.06814342,0.049737746
Halton 013,E02002586,9517,0.164757802,0.476620784,0.154289544,0.119272804,0.071683673
Halton 014,E02002587,6456,0.191759603,0.50960347,0.18033424,0.094544327,0.058802817
Halton 015,E02002588,7104,0.210867117,0.518721847,0.161531767,0.113082664,0.069852941
Halton 016,E02002589,6251,0.299632059,0.68980963,0.279466967,0.047192449,0.026716266
Warrington 001,E02002590,7305,0.209445585,0.658453114,0.400801282,0.044633078,0.040784558
Warrington 002,E02002591,6481,0.255824718,0.672735689,0.357752226,0.061545581,0.031290743
Warrington 003,E02002592,6221,0.251406526,0.665005626,0.310186952,0.068178164,0.035490605
Warrington 004,E02002593,5085,0.232251721,0.646214356,0.32460486,0.065422397,0.043168483
Warrington 005,E02002594,5523,0.169473112,0.586637697,0.289201671,0.072282609,0.054499821
Warrington 006,E02002595,8071,0.116714162,0.451988601,0.18417681,0.072366791,0.058355438
Warrington 007,E02002596,8042,0.250435215,0.642004476,0.293169159,0.053442704,0.047905759
Warrington 008,E02002597,9213,0.151199392,0.483447303,0.174487216,0.072413419,0.062682927
Warrington 009,E02002598,11233,0.097480637,0.611590848,0.441719198,0.02366548,0.023208083
Warrington 010,E02002599,11069,0.166952751,0.644773692,0.389086464,0.041561258,0.02877193
Warrington 011,E02002600,9210,0.161129207,0.540933768,0.210638016,0.057980456,0.05125523
Warrington 012,E02002601,9033,0.207904351,0.654046275,0.286750873,0.044402613,0.028707101
Warrington 013,E02002602,8193,0.092273892,0.454778469,0.232242618,0.059929208,0.056433409
Warrington 014,E02002603,6934,0.254542832,0.663541967,0.283144913,0.049877469,0.029850746
Warrington 015,E02002604,7746,0.242447715,0.69648851,0.337943753,0.0468508,0.029313448
Warrington 016,E02002605,8928,0.188732079,0.608982975,0.275416151,0.048600224,0.035620053
Warrington 017,E02002606,11287,0.122087357,0.490209976,0.273362727,0.059798016,0.046081454
Warrington 018,E02002607,11238,0.167467521,0.548941093,0.296070603,0.057834327,0.050791557
Warrington 019,E02002608,8225,0.29337386,0.704194529,0.290679529,0.056534954,0.025895893
Warrington 020,E02002609,9665,0.12250388,0.503879979,0.247018739,0.058482559,0.049160671
Warrington 021,E02002610,12661,0.221467499,0.703577916,0.493593534,0.032303925,0.027593085
Warrington 022,E02002611,7789,0.229040955,0.709590448,0.402520616,0.028773282,0.0250258
Warrington 023,E02002612,9149,0.22166357,0.68040223,0.430879237,0.046348929,0.024961343
Warrington 024,E02002613,6846,0.210049664,0.751387672,0.463533507,0.026877008,0.033750364
Warrington 025,E02002614,5814,0.282249742,0.794117647,0.53294022,0.028718831,0.028649922
Blackburn with Darwen 001,E02002615,10825,0.164157044,0.435103926,0.306760359,0.057475513,0.050638485
Blackburn with Darwen 002,E02002616,9601,0.130611395,0.388501198,0.358586572,0.039375,0.049873418
Blackburn with Darwen 003,E02002617,9639,0.086004772,0.318082789,0.222001982,0.064335374,0.088726208
Blackburn with Darwen 004,E02002618,8018,0.10089798,0.291219756,0.249830967,0.056982544,0.073018081
Blackburn with Darwen 005,E02002619,9407,0.109918146,0.306261295,0.237911302,0.06601467,0.075967649
Blackburn with Darwen 006,E02002620,9070,0.119514884,0.309922822,0.215293779,0.093594973,0.089518955
Blackburn with Darwen 007,E02002621,8578,0.091746328,0.275122406,0.192679449,0.070654075,0.09227683
Blackburn with Darwen 008,E02002622,11084,0.103031397,0.313966077,0.187075685,0.081220106,0.077802635
Blackburn with Darwen 009,E02002623,10490,0.125357483,0.411916111,0.213645418,0.086376204,0.070559611
Blackburn with Darwen 010,E02002624,8737,0.246537713,0.633512647,0.36479978,0.047837034,0.027377522
Blackburn with Darwen 011,E02002625,10065,0.123695976,0.435668157,0.261402137,0.072727273,0.059097978
Blackburn with Darwen 012,E02002626,7275,0.190378007,0.534982818,0.232706572,0.078180819,0.056301983
Blackburn with Darwen 013,E02002627,7512,0.125665602,0.568024494,0.324251598,0.039275729,0.026451139
Blackburn with Darwen 014,E02002628,6848,0.188084112,0.549941589,0.265081618,0.081471748,0.057626057
Blackburn with Darwen 015,E02002629,5971,0.152403283,0.449170993,0.218829517,0.084742924,0.07015548
Blackburn with Darwen 016,E02002630,6345,0.167691095,0.512529551,0.255985984,0.08230842,0.054986339
Blackburn with Darwen 017,E02002631,8963,0.207185094,0.618096619,0.302132225,0.054675296,0.033121299
Blackburn with Darwen 018,E02002632,6317,0.240937154,0.690517651,0.436973216,0.035126582,0.029012346
Blackpool 001,E02002633,7621,0.307308752,0.66618554,0.233343568,0.081616586,0.041433022
Blackpool 002,E02002634,8006,0.283662253,0.688108918,0.230479502,0.103560275,0.052080216
Blackpool 003,E02002635,7797,0.291265871,0.664614595,0.256967336,0.075295023,0.050427602
Blackpool 004,E02002636,7999,0.201400175,0.596574572,0.240819423,0.082489689,0.050066934
Blackpool 005,E02002637,6252,0.204414587,0.59053103,0.25257032,0.062380038,0.048414023
Blackpool 006,E02002638,6491,0.184101063,0.508088122,0.207738203,0.121590384,0.134678899
Blackpool 007,E02002639,6080,0.137993421,0.464473684,0.181233933,0.123190789,0.106364429
Blackpool 008,E02002640,7101,0.132234896,0.444444444,0.182960131,0.110406985,0.129193433
Blackpool 009,E02002641,7982,0.181658732,0.590829366,0.299306393,0.079388931,0.051048774
Blackpool 010,E02002642,7070,0.153041018,0.50311174,0.198423578,0.112839367,0.136790811
Blackpool 011,E02002643,7787,0.138821112,0.468601515,0.217504899,0.090523883,0.089904421
Blackpool 012,E02002644,7855,0.201400382,0.596053469,0.270161912,0.06160112,0.042834891
Blackpool 013,E02002645,6312,0.149081115,0.460868188,0.178414518,0.123337555,0.125591554
Blackpool 014,E02002646,7071,0.224862113,0.584217225,0.197197539,0.106728866,0.059432387
Blackpool 015,E02002647,8000,0.164,0.50225,0.189307488,0.091647912,0.079081633
Blackpool 016,E02002648,7094,0.186213702,0.533690443,0.192929472,0.088372093,0.066065098
Blackpool 017,E02002649,8345,0.221330138,0.60587178,0.237,0.091377246,0.070720251
Blackpool 018,E02002650,8306,0.264266795,0.642065976,0.229205176,0.06862509,0.043766578
Blackpool 019,E02002651,7852,0.260443199,0.646586857,0.239678203,0.080320774,0.040898618
Kingston upon Hull 002,E02002653,8129,0.144790257,0.479517776,0.136955107,0.093861484,0.113329041
Kingston upon Hull 003,E02002654,8228,0.095405931,0.362299465,0.137931034,0.081297849,0.130907854
Kingston upon Hull 004,E02002655,8752,0.14202468,0.51702468,0.144375285,0.07803039,0.085586841
Kingston upon Hull 005,E02002656,5096,0.315149137,0.696232339,0.220342755,0.063946646,0.035043805
Kingston upon Hull 006,E02002657,7468,0.234065345,0.616229245,0.181598063,0.057311194,0.044589605
Kingston upon Hull 007,E02002658,6550,0.250381679,0.656335878,0.228142321,0.070435447,0.032369579
Kingston upon Hull 008,E02002659,11407,0.126676602,0.446743228,0.172502635,0.0804769,0.115757706
Kingston upon Hull 009,E02002660,7003,0.192774525,0.548764815,0.168807671,0.078504139,0.081812035
Kingston upon Hull 010,E02002661,8477,0.189925681,0.525539696,0.1721673,0.070678466,0.061469684
Kingston upon Hull 011,E02002662,7387,0.218085826,0.612697983,0.189715427,0.08528496,0.061754815
Kingston upon Hull 012,E02002663,8110,0.09161529,0.432799014,0.250789727,0.036863519,0.056832428
Kingston upon Hull 013,E02002664,7198,0.213531537,0.670047235,0.224702131,0.034616989,0.028981582
Kingston upon Hull 014,E02002665,7969,0.200401556,0.611118083,0.303739037,0.049567072,0.036885246
Kingston upon Hull 015,E02002666,8155,0.096505212,0.33599019,0.243751795,0.058253618,0.092801605
Kingston upon Hull 016,E02002667,7304,0.165388828,0.553943045,0.212649402,0.058074236,0.058823529
Kingston upon Hull 017,E02002668,8395,0.167837999,0.470518166,0.138488354,0.102380952,0.111111111
Kingston upon Hull 018,E02002669,7991,0.105243399,0.477161807,0.416556777,0.046046046,0.065850673
Kingston upon Hull 019,E02002670,7899,0.194454994,0.563615648,0.198782011,0.080010128,0.059454996
Kingston upon Hull 020,E02002671,8974,0.136282594,0.522732338,0.184554617,0.068723546,0.066635382
Kingston upon Hull 021,E02002672,7335,0.126925699,0.44471711,0.126467247,0.075391956,0.095426719
Kingston upon Hull 022,E02002673,7518,0.16546954,0.517291833,0.179938121,0.059441489,0.062133333
Kingston upon Hull 023,E02002674,6587,0.17944436,0.59025353,0.2302931,0.047235723,0.041146425
Kingston upon Hull 024,E02002675,8549,0.116972745,0.381214177,0.202416028,0.091919074,0.1064764
Kingston upon Hull 025,E02002676,7262,0.13894244,0.513219499,0.332891247,0.061828697,0.065716548
Kingston upon Hull 026,E02002677,8269,0.145724997,0.528721732,0.264321024,0.074374169,0.077925211
Kingston upon Hull 027,E02002678,8474,0.119778145,0.493863583,0.223507026,0.054388863,0.05974026
Kingston upon Hull 028,E02002679,7744,0.213584711,0.596720041,0.239120189,0.061200775,0.035551991
Kingston upon Hull 029,E02002680,9685,0.113990707,0.434176562,0.276954584,0.089829633,0.130791308
Kingston upon Hull 030,E02002681,9208,0.106429192,0.345677672,0.202302401,0.084265393,0.104146806
Kingston upon Hull 031,E02002682,10741,0.126710735,0.462247463,0.192832147,0.078778285,0.075417856
East Riding of Yorkshire 001,E02002684,10168,0.404996066,0.715086546,0.208235426,0.081710914,0.037026953
East Riding of Yorkshire 002,E02002685,7830,0.374968072,0.709323116,0.238248645,0.064087834,0.037868633
East Riding of Yorkshire 003,E02002686,7787,0.256196224,0.540644664,0.175112976,0.123989218,0.089142857
East Riding of Yorkshire 004,E02002687,5907,0.280514644,0.595903166,0.198570294,0.10209956,0.074936494
East Riding of Yorkshire 005,E02002688,5393,0.241794919,0.576858891,0.211731356,0.109545876,0.092482916
East Riding of Yorkshire 006,E02002689,5715,0.319335083,0.721084864,0.293748736,0.062423501,0.031660232
East Riding of Yorkshire 008,E02002691,8318,0.289612888,0.718922818,0.315608919,0.049777564,0.02021528
East Riding of Yorkshire 009,E02002692,9684,0.248760843,0.714787278,0.377222018,0.046571665,0.032285472
East Riding of Yorkshire 010,E02002693,7053,0.297603857,0.757124628,0.282296651,0.052019844,0.030228254
East Riding of Yorkshire 011,E02002694,12792,0.246169481,0.748123827,0.359546384,0.035331822,0.027861327
East Riding of Yorkshire 012,E02002695,8200,0.351585366,0.714390244,0.261549296,0.079673011,0.04730832
East Riding of Yorkshire 013,E02002696,6260,0.234504792,0.700319489,0.374209155,0.036587314,0.023255814
East Riding of Yorkshire 014,E02002697,7535,0.292899801,0.739482415,0.328584847,0.042733908,0.027444254
East Riding of Yorkshire 015,E02002698,8574,0.234896198,0.682411943,0.314057827,0.042555672,0.030747398
East Riding of Yorkshire 016,E02002699,9851,0.269211248,0.743782357,0.431465308,0.032077962,0.023799127
East Riding of Yorkshire 017,E02002700,6046,0.190043004,0.590803837,0.241200828,0.066677697,0.049559471
East Riding of Yorkshire 018,E02002701,8696,0.254139834,0.730450782,0.362388469,0.041278602,0.021311096
East Riding of Yorkshire 019,E02002702,9742,0.28279614,0.73434613,0.392101881,0.049892208,0.041587902
East Riding of Yorkshire 020,E02002703,9274,0.245525124,0.77755014,0.408207071,0.035356257,0.028172188
East Riding of Yorkshire 021,E02002704,7144,0.310890258,0.727603583,0.249271137,0.051238975,0.036853515
East Riding of Yorkshire 022,E02002705,7057,0.293467479,0.745359218,0.37556637,0.04095805,0.031340872
East Riding of Yorkshire 023,E02002706,7275,0.251821306,0.693195876,0.357574767,0.05579989,0.029595902
East Riding of Yorkshire 024,E02002707,6738,0.267735233,0.773671713,0.429344033,0.036377134,0.022879805
East Riding of Yorkshire 025,E02002708,5795,0.346678171,0.741328732,0.327113934,0.069197584,0.048720066
East Riding of Yorkshire 026,E02002709,8323,0.224918899,0.683407425,0.268098759,0.050829128,0.031704095
East Riding of Yorkshire 027,E02002710,7196,0.249861034,0.702890495,0.308290584,0.048512649,0.030685403
East Riding of Yorkshire 028,E02002711,7874,0.306959614,0.758191516,0.387978963,0.036068072,0.02034473
East Riding of Yorkshire 029,E02002712,7345,0.305241661,0.710006807,0.246285172,0.055661404,0.034367397
East Riding of Yorkshire 031,E02002714,7873,0.282738473,0.672805792,0.252920036,0.054878049,0.031138055
East Riding of Yorkshire 032,E02002715,13519,0.179155263,0.69857238,0.400479174,0.029957837,0.022589298
East Riding of Yorkshire 033,E02002716,8434,0.256580507,0.676547309,0.25813756,0.050859514,0.035109876
East Riding of Yorkshire 034,E02002717,7948,0.198666331,0.623804731,0.277158136,0.054465409,0.036394724
East Riding of Yorkshire 035,E02002718,8083,0.285042682,0.747247309,0.452232143,0.033671701,0.018734727
East Riding of Yorkshire 036,E02002719,6764,0.234624483,0.733293909,0.375,0.0400769,0.029917062
East Riding of Yorkshire 037,E02002720,7586,0.241892961,0.713814922,0.28420398,0.040094962,0.026179368
East Riding of Yorkshire 038,E02002721,6652,0.245189417,0.742784125,0.278478763,0.051998798,0.036769138
East Riding of Yorkshire 039,E02002722,8459,0.296016078,0.641683414,0.199830771,0.096724607,0.07725454
East Riding of Yorkshire 040,E02002723,8484,0.206270627,0.554219708,0.194229113,0.053977608,0.048128342
East Riding of Yorkshire 041,E02002724,9591,0.144406214,0.4567824,0.153753834,0.06016684,0.07615401
East Riding of Yorkshire 042,E02002725,6885,0.239796659,0.701379811,0.286556808,0.047466976,0.034615385
North East Lincolnshire 001,E02002726,10361,0.219669916,0.578612103,0.170775065,0.066602317,0.050461671
North East Lincolnshire 002,E02002727,5035,0.148560079,0.420059583,0.127906977,0.125148987,0.132097335
North East Lincolnshire 003,E02002728,7541,0.131017106,0.429253415,0.15735786,0.079146228,0.087205967
North East Lincolnshire 004,E02002729,5603,0.223273246,0.603426736,0.19753886,0.065702553,0.042976522
North East Lincolnshire 005,E02002730,7151,0.112711509,0.412389876,0.167883212,0.076202461,0.077384923
North East Lincolnshire 006,E02002731,5634,0.100461484,0.382676606,0.141356256,0.075421473,0.082572614
North East Lincolnshire 007,E02002732,7959,0.230305315,0.685387612,0.298736874,0.043609401,0.020984456
North East Lincolnshire 008,E02002733,5757,0.201667535,0.553065833,0.203911777,0.065613609,0.038984263
North East Lincolnshire 009,E02002734,5531,0.204303019,0.562646899,0.177314503,0.057834809,0.038076923
North East Lincolnshire 011,E02002736,5606,0.094541563,0.402961113,0.159283695,0.068651926,0.088502568
North East Lincolnshire 012,E02002737,7069,0.205120951,0.598953176,0.197120329,0.063516763,0.044083527
North East Lincolnshire 013,E02002738,6894,0.208006963,0.568320279,0.204679407,0.054403018,0.042435424
North East Lincolnshire 014,E02002739,5757,0.223553934,0.591801285,0.22212802,0.07120528,0.045712127
North East Lincolnshire 015,E02002740,5450,0.184770642,0.510091743,0.163602941,0.07703595,0.067977768
North East Lincolnshire 016,E02002741,8921,0.189889026,0.559914808,0.295351083,0.050212957,0.0466541
North East Lincolnshire 018,E02002743,5408,0.358357988,0.668269231,0.179498177,0.100776627,0.05320736
North East Lincolnshire 019,E02002744,6974,0.137080585,0.410668196,0.151603499,0.090896057,0.090440301
North East Lincolnshire 020,E02002745,7162,0.335101927,0.738760123,0.241838352,0.056269199,0.030206677
North East Lincolnshire 021,E02002746,9833,0.220278654,0.626563612,0.279604852,0.045884627,0.027637131
North East Lincolnshire 022,E02002747,9208,0.256190269,0.705907906,0.279280445,0.043336592,0.021960607
North East Lincolnshire 023,E02002748,7968,0.311495984,0.723393574,0.297104612,0.05621079,0.027887324
North Lincolnshire 001,E02002749,11921,0.224561698,0.653971982,0.265952068,0.056706652,0.039672656
North Lincolnshire 002,E02002750,6360,0.239622642,0.688207547,0.274620146,0.05876807,0.025312184
North Lincolnshire 003,E02002751,6354,0.247403211,0.661315707,0.252709641,0.060610831,0.046975089
North Lincolnshire 004,E02002752,7102,0.224303013,0.623767953,0.245881949,0.062376795,0.041641151
North Lincolnshire 005,E02002753,8478,0.293111583,0.676102854,0.234858865,0.071706569,0.040739748
North Lincolnshire 006,E02002754,8252,0.225521086,0.626635967,0.23147877,0.06362094,0.036969539
North Lincolnshire 007,E02002755,7490,0.147663551,0.454339119,0.196623635,0.060998398,0.064604435
North Lincolnshire 008,E02002756,8993,0.104414545,0.349160458,0.165959253,0.062506951,0.080499653
North Lincolnshire 009,E02002757,6289,0.180473843,0.536969311,0.232369255,0.046119593,0.054473424
North Lincolnshire 010,E02002758,6435,0.14980575,0.494172494,0.176057711,0.06307286,0.065916399
North Lincolnshire 011,E02002759,9586,0.274149802,0.688817025,0.278926637,0.061039232,0.038066324
North Lincolnshire 012,E02002760,5791,0.233293041,0.640994647,0.257876069,0.064905921,0.05212893
North Lincolnshire 013,E02002761,6438,0.241223983,0.679714197,0.249313061,0.049712599,0.041397154
North Lincolnshire 014,E02002762,6403,0.20302983,0.572231766,0.193666027,0.080325051,0.05726257
North Lincolnshire 015,E02002763,8825,0.136883853,0.50674221,0.194505656,0.072294618,0.059896475
North Lincolnshire 016,E02002764,5996,0.14209473,0.455136758,0.165318958,0.069701517,0.081732734
North Lincolnshire 017,E02002765,6146,0.202245363,0.574520013,0.177150974,0.072904801,0.059453471
North Lincolnshire 018,E02002766,8956,0.226552032,0.613443502,0.232897664,0.051708734,0.035332172
North Lincolnshire 019,E02002767,6623,0.280084554,0.680205345,0.246924429,0.049818841,0.022727273
North Lincolnshire 020,E02002768,7491,0.248564945,0.686690696,0.3246525,0.049919915,0.031911807
North Lincolnshire 021,E02002769,5636,0.303584102,0.728353442,0.285390012,0.050230742,0.032207384
North Lincolnshire 022,E02002770,7037,0.263038227,0.701008953,0.280317086,0.053566354,0.033831149
North Lincolnshire 023,E02002771,7068,0.279145444,0.715336729,0.298613404,0.053866817,0.035033805
York 001,E02002772,6946,0.201410884,0.669450043,0.390074707,0.032244134,0.02425107
York 002,E02002773,5694,0.340885142,0.762732701,0.331334023,0.049183207,0.019917012
York 003,E02002774,6081,0.306035192,0.778654827,0.360687769,0.036013814,0.02420242
York 004,E02002775,5762,0.300763624,0.712079139,0.32322393,0.073611111,0.039933444
York 005,E02002776,6660,0.23963964,0.693543544,0.301547767,0.044000601,0.029740872
York 006,E02002777,8960,0.157254464,0.662165179,0.397505423,0.034594353,0.024565608
York 007,E02002778,7875,0.225904762,0.697650794,0.44325609,0.037460317,0.021
York 008,E02002779,9566,0.24628894,0.710014635,0.399926416,0.042964667,0.020106309
York 009,E02002780,8079,0.115732145,0.537318975,0.340160285,0.054936897,0.039593909
York 010,E02002781,10105,0.103809995,0.513310242,0.372151322,0.04372774,0.045089963
York 011,E02002782,6442,0.269481527,0.713598261,0.472551929,0.035237504,0.022377109
York 012,E02002783,10292,0.195977458,0.658083949,0.337940896,0.042658634,0.029406149
York 013,E02002784,11347,0.130959725,0.559178638,0.500813942,0.048739644,0.056280428
York 014,E02002785,8109,0.197311629,0.631520533,0.347819746,0.039467193,0.029594138
York 015,E02002786,10184,0.091319717,0.499116261,0.285828207,0.040648012,0.051986137
York 016,E02002787,8929,0.181767275,0.654272595,0.382641408,0.046686073,0.039244491
York 017,E02002788,8308,0.142633606,0.662493982,0.538571022,0.033353402,0.028870293
York 018,E02002789,9274,0.143627345,0.533211128,0.254692062,0.059058088,0.043410853
York 019,E02002790,11774,0.127314422,0.591472737,0.453564952,0.040682861,0.042479675
York 020,E02002791,6576,0.281782238,0.739963504,0.437043796,0.042103663,0.0269179
York 021,E02002792,7760,0.192139175,0.730927835,0.564063219,0.032216495,0.034659507
York 022,E02002793,9273,0.233689205,0.673352745,0.333118971,0.048548927,0.030507736
York 023,E02002794,10542,0.123411117,0.61117435,0.278491504,0.026178507,0.029787234
York 024,E02002795,8283,0.296028009,0.743933357,0.443328968,0.037072817,0.018463209
Derby 001,E02002796,6180,0.266504854,0.721035599,0.440063404,0.040783298,0.029710145
Derby 002,E02002797,7357,0.315210004,0.740791083,0.397411314,0.043602282,0.0248307
Derby 003,E02002798,10396,0.16891112,0.672662563,0.372654462,0.032118473,0.031104755
Derby 004,E02002799,6321,0.127669673,0.537414966,0.228697749,0.058386076,0.044262295
Derby 005,E02002800,7015,0.229365645,0.668282252,0.496219931,0.047042053,0.031432974
Derby 006,E02002801,7421,0.20738445,0.610025603,0.22150962,0.064950815,0.037788275
Derby 007,E02002802,7969,0.132011545,0.481365291,0.171977661,0.082349987,0.076121563
Derby 008,E02002803,8243,0.11088196,0.489506248,0.321977288,0.060293582,0.06625
Derby 009,E02002804,9100,0.156593407,0.52032967,0.25279864,0.062644247,0.043064478
Derby 010,E02002805,5594,0.299785484,0.728459063,0.29179844,0.048248749,0.031287129
Derby 011,E02002806,6403,0.08667812,0.446977979,0.30820439,0.052804249,0.066171267
Derby 012,E02002807,9036,0.196104471,0.593625498,0.213320463,0.057898815,0.049210771
Derby 013,E02002808,12268,0.071568308,0.409194653,0.336405968,0.057806767,0.079515707
Derby 014,E02002809,7058,0.212241428,0.617313687,0.23143108,0.073160357,0.034621329
Derby 015,E02002810,9162,0.233246016,0.684457542,0.38646957,0.040488923,0.031878032
Derby 016,E02002811,10930,0.075480329,0.281244282,0.211325301,0.070082342,0.107762777
Derby 017,E02002812,7817,0.193808366,0.58974031,0.399376461,0.065489895,0.044113593
Derby 018,E02002813,11565,0.085689581,0.302031993,0.225119311,0.072386059,0.099265524
Derby 019,E02002814,7181,0.288817713,0.73945133,0.385310549,0.047758285,0.029420873
Derby 020,E02002815,8960,0.075558036,0.280915179,0.250391972,0.050133988,0.081015719
Derby 021,E02002816,9416,0.16153356,0.601741716,0.464261495,0.035464005,0.036857206
Derby 022,E02002817,6313,0.229367971,0.583240931,0.338509317,0.054032641,0.04226361
Derby 023,E02002818,8531,0.11792287,0.354120267,0.217750915,0.070198055,0.095367847
Derby 024,E02002819,7564,0.164595452,0.547329455,0.280636861,0.067169113,0.056583818
Derby 025,E02002820,9943,0.134969325,0.474705823,0.228726147,0.063373906,0.06390182
Derby 026,E02002821,12440,0.094855305,0.359967846,0.202451302,0.069287035,0.087428677
Derby 027,E02002822,6937,0.182932103,0.517947239,0.284413693,0.056755978,0.046805819
Derby 028,E02002823,7681,0.220023434,0.578570499,0.206488733,0.080369936,0.05529132
Derby 029,E02002824,10804,0.1447612,0.43530174,0.220363636,0.062575211,0.065851566
Derby 030,E02002825,8675,0.204495677,0.604149856,0.337464387,0.053480867,0.041316358
Derby 031,E02002826,7097,0.154149641,0.61744399,0.349593496,0.038770619,0.035684181
Leicester 001,E02002827,6886,0.121841417,0.458030787,0.264949229,0.052669762,0.061821472
Leicester 002,E02002828,8228,0.192877978,0.587870685,0.28480826,0.052631579,0.049961764
Leicester 003,E02002829,11779,0.107819,0.405042873,0.204573899,0.072095788,0.077593193
Leicester 004,E02002830,11018,0.105463787,0.434017063,0.293800539,0.053443426,0.070323778
Leicester 005,E02002831,7238,0.168002211,0.57225753,0.232318018,0.061204753,0.064505777
Leicester 006,E02002832,10317,0.161093341,0.573034797,0.198010422,0.060876309,0.060205245
Leicester 007,E02002833,8999,0.137681965,0.589398822,0.192524392,0.047671964,0.063982213
Leicester 008,E02002834,11927,0.143372181,0.517145971,0.300236894,0.041160198,0.046239837
Leicester 010,E02002836,11226,0.144307857,0.574559059,0.165741043,0.053705023,0.057905138
Leicester 011,E02002837,9979,0.075658884,0.432107426,0.175006726,0.04708947,0.081888247
Leicester 012,E02002838,8623,0.115041169,0.39522208,0.188630491,0.066016939,0.085749161
Leicester 013,E02002839,8516,0.149131047,0.481564115,0.264093603,0.058713011,0.056125064
Leicester 016,E02002842,8752,0.054273309,0.314442413,0.250332889,0.039885714,0.074387732
Leicester 017,E02002843,15839,0.089967801,0.424774291,0.139590556,0.03800985,0.057395474
Leicester 018,E02002844,12361,0.09594693,0.346654801,0.177084478,0.055987055,0.090144792
Leicester 019,E02002845,11173,0.126197082,0.432650139,0.235819143,0.063372718,0.081318681
Leicester 020,E02002846,7554,0.173418057,0.570691025,0.359213918,0.052527124,0.042418085
Leicester 021,E02002847,10609,0.114242624,0.428975398,0.221802219,0.045437406,0.066473344
Leicester 022,E02002848,11122,0.094767128,0.354972127,0.212765957,0.056469742,0.086146096
Leicester 023,E02002849,13812,0.074355633,0.327975673,0.308263154,0.036629506,0.074459022
Leicester 025,E02002851,8721,0.210984979,0.54546497,0.337962307,0.0458663,0.052973254
Leicester 026,E02002852,7391,0.094845082,0.367473955,0.161557269,0.078787058,0.086803105
Leicester 027,E02002853,13441,0.11732758,0.404582992,0.321645314,0.045961624,0.065275142
Leicester 028,E02002854,8454,0.118878637,0.4011119,0.216517167,0.073912015,0.070556309
Leicester 029,E02002855,8145,0.094290976,0.374585635,0.345216875,0.036950651,0.068671679
Leicester 030,E02002856,11332,0.136869043,0.572714437,0.492837824,0.037497794,0.057398738
Leicester 031,E02002857,7256,0.089718853,0.431229327,0.302333621,0.048800662,0.057461874
Leicester 032,E02002858,7323,0.207838318,0.65027994,0.55695992,0.040141999,0.03190899
Leicester 034,E02002860,8339,0.186473198,0.572130951,0.279368359,0.05668744,0.04443335
Leicester 035,E02002861,8276,0.101256646,0.398139198,0.197019868,0.083494442,0.098627514
Leicester 036,E02002862,8652,0.138580675,0.435737402,0.174766212,0.077910068,0.071487264
Rutland 001,E02002863,8953,0.190662348,0.646933989,0.33459629,0.033631285,0.026775042
Rutland 002,E02002864,8284,0.239377113,0.675156929,0.367590681,0.039487985,0.024648755
Rutland 003,E02002865,7863,0.292254865,0.67747679,0.379744913,0.036731063,0.037941176
Rutland 004,E02002866,7480,0.282219251,0.708823529,0.401636714,0.031153898,0.02685892
Rutland 005,E02002867,8471,0.269861882,0.686223586,0.419185469,0.035532995,0.034419338
Nottingham 001,E02002868,6016,0.236702128,0.554355053,0.239201304,0.060505319,0.047745358
Nottingham 002,E02002869,7522,0.1492954,0.437383675,0.174400552,0.085881415,0.097372488
Nottingham 004,E02002871,7977,0.187413815,0.513225523,0.213661884,0.070300752,0.054200542
Nottingham 005,E02002872,8693,0.14701484,0.462671115,0.185845971,0.084186314,0.08630394
Nottingham 006,E02002873,9431,0.102852296,0.406319584,0.263541959,0.066362769,0.080608015
Nottingham 007,E02002874,8053,0.145908357,0.492983981,0.346791526,0.059575524,0.061827215
Nottingham 008,E02002875,8435,0.123414345,0.431416716,0.251808527,0.07134392,0.072658228
Nottingham 009,E02002876,7931,0.149918043,0.47648468,0.244935828,0.070221886,0.060490463
Nottingham 010,E02002877,7714,0.176302826,0.609541094,0.483801628,0.053798289,0.046539961
Nottingham 011,E02002878,9279,0.066602005,0.311671516,0.194098154,0.067973715,0.088283828
Nottingham 012,E02002879,10013,0.092080296,0.411465095,0.374682257,0.050239712,0.062106759
Nottingham 013,E02002880,8745,0.081303602,0.346140652,0.216345388,0.062557182,0.107162089
Nottingham 014,E02002881,6860,0.132653061,0.430612245,0.238960046,0.072250546,0.059261768
Nottingham 015,E02002882,8747,0.1289585,0.50908883,0.490022466,0.047450263,0.060398078
Nottingham 016,E02002883,7702,0.116982602,0.437289016,0.314667101,0.068406023,0.069344043
Nottingham 017,E02002884,7430,0.072274563,0.304037685,0.322256305,0.060430686,0.097148229
Nottingham 018,E02002885,8644,0.060851458,0.280310042,0.260486322,0.063064106,0.111868609
Nottingham 019,E02002886,10277,0.132918167,0.401576336,0.313733026,0.059344294,0.059001866
Nottingham 020,E02002887,6685,0.203141361,0.505609574,0.208193669,0.129133623,0.071344107
Nottingham 021,E02002888,7865,0.100190718,0.366815003,0.247219846,0.084743606,0.101041029
Nottingham 022,E02002889,11300,0.028053097,0.336814159,0.208533432,0.029021412,0.094903339
Nottingham 023,E02002890,11561,0.062883834,0.339590001,0.25209679,0.054402353,0.093067426
Nottingham 024,E02002891,8460,0.151654846,0.462174941,0.252363091,0.062182291,0.053726626
Nottingham 025,E02002892,6181,0.150299304,0.475974761,0.251531237,0.092466861,0.05661109
Nottingham 026,E02002893,13956,0.043995414,0.334479794,0.229508197,0.044796445,0.102741885
Nottingham 028,E02002895,9669,0.058847864,0.452373565,0.383839491,0.024092648,0.050896057
Nottingham 029,E02002896,10080,0.078174603,0.377579365,0.310663627,0.063392857,0.085101868
Nottingham 030,E02002897,7938,0.238977072,0.619425548,0.469902301,0.04258536,0.045202683
Nottingham 031,E02002898,10989,0.043953044,0.429156429,0.261005064,0.026296633,0.067654321
Nottingham 034,E02002901,6130,0.208972268,0.644208809,0.349724626,0.049951028,0.036310108
Nottingham 035,E02002902,9388,0.141137622,0.505432467,0.176705277,0.069571703,0.0621237
Nottingham 036,E02002903,5895,0.219508058,0.556064461,0.220893644,0.0799389,0.059440559
Nottingham 037,E02002904,6376,0.151976161,0.506116688,0.188185991,0.073243413,0.056247895
Herefordshire 001,E02002905,6264,0.315613027,0.732758621,0.377929507,0.044220945,0.025925926
Herefordshire 002,E02002906,5665,0.252603707,0.611650485,0.238311688,0.066525499,0.043014996
Herefordshire 003,E02002907,6288,0.258110687,0.656170483,0.251519757,0.066486401,0.045547945
Herefordshire 004,E02002908,8835,0.319524618,0.726315789,0.370375247,0.04199683,0.030156815
Herefordshire 005,E02002909,10681,0.302780639,0.719501919,0.333007813,0.058327872,0.035500598
Herefordshire 006,E02002910,7849,0.314689769,0.710791184,0.332741267,0.055031847,0.032620614
Herefordshire 007,E02002911,9585,0.272822118,0.814710485,0.342458935,0.046322379,0.030983386
Herefordshire 008,E02002912,7581,0.235720881,0.67867036,0.350324521,0.047223321,0.029273393
Herefordshire 009,E02002913,5801,0.335287019,0.765730047,0.473611386,0.052422832,0.030101642
Herefordshire 010,E02002914,8932,0.222234662,0.614867891,0.253290357,0.052708147,0.031971581
Herefordshire 011,E02002915,7928,0.240035318,0.678607467,0.355749024,0.047186475,0.028945381
Herefordshire 012,E02002916,9763,0.168083581,0.562429581,0.303695573,0.06399099,0.049701406
Herefordshire 013,E02002917,6854,0.203093084,0.599503939,0.29991342,0.044937263,0.036654901
Herefordshire 014,E02002918,5800,0.264655172,0.708965517,0.354818523,0.043470761,0.02867784
Herefordshire 015,E02002919,9079,0.173036678,0.53750413,0.221205821,0.0731197,0.047140304
Herefordshire 016,E02002920,6554,0.217271895,0.655477571,0.286186021,0.045607077,0.03005058
Herefordshire 017,E02002921,7860,0.132442748,0.486513995,0.190666667,0.07479013,0.051898388
Herefordshire 018,E02002922,6597,0.286039109,0.723813855,0.397866667,0.039090909,0.029356061
Herefordshire 019,E02002923,9439,0.309354805,0.717025109,0.330076676,0.049263693,0.039419087
Herefordshire 020,E02002924,6060,0.298349835,0.700330033,0.379744346,0.044719472,0.029678771
Herefordshire 021,E02002925,10857,0.246476927,0.686377452,0.351704294,0.046882196,0.029697422
Herefordshire 022,E02002926,10990,0.285532302,0.673703367,0.296607431,0.056789225,0.046287177
Herefordshire 023,E02002927,11758,0.309916652,0.762969893,0.412953876,0.043108579,0.027672956
Telford and Wrekin 001,E02002928,6062,0.243154075,0.664632135,0.337997635,0.053273957,0.030454896
Telford and Wrekin 002,E02002929,6662,0.24587211,0.725607926,0.358052696,0.039609902,0.023670794
Telford and Wrekin 003,E02002930,6993,0.221936222,0.651937652,0.296160558,0.052473549,0.032734275
Telford and Wrekin 004,E02002931,6565,0.212947449,0.690784463,0.326750777,0.044935263,0.020839625
Telford and Wrekin 005,E02002932,8959,0.144770622,0.482419913,0.182053123,0.075678089,0.054256089
Telford and Wrekin 006,E02002933,8001,0.228471441,0.647044119,0.277695057,0.056485879,0.039753783
Telford and Wrekin 007,E02002934,6174,0.193391642,0.570618724,0.289494471,0.060424429,0.041174485
Telford and Wrekin 008,E02002935,6774,0.216415707,0.553439622,0.186611481,0.066676501,0.055573098
Telford and Wrekin 009,E02002936,11158,0.097867001,0.426330884,0.247611183,0.05547092,0.050402145
Telford and Wrekin 010,E02002937,10743,0.232802755,0.706506562,0.354704595,0.049046068,0.029894276
Telford and Wrekin 011,E02002938,7324,0.153877662,0.464500273,0.250564726,0.064599836,0.064607627
Telford and Wrekin 012,E02002939,7569,0.217730215,0.575637469,0.298985415,0.0651341,0.047863248
Telford and Wrekin 013,E02002940,5857,0.206248933,0.577257982,0.214519427,0.074478989,0.045485404
Telford and Wrekin 014,E02002941,10464,0.193711774,0.558103976,0.222248134,0.073578595,0.04631663
Telford and Wrekin 015,E02002942,8044,0.152287419,0.623073098,0.376012708,0.032442511,0.030258303
Telford and Wrekin 017,E02002944,8338,0.144399136,0.481050612,0.175411602,0.08987281,0.061877858
Telford and Wrekin 018,E02002945,9442,0.151768693,0.504977759,0.222296484,0.06301631,0.052433628
Telford and Wrekin 019,E02002946,7583,0.189634709,0.586838982,0.209420751,0.072003165,0.042329469
Telford and Wrekin 020,E02002947,7131,0.153975599,0.451970271,0.188486537,0.070566779,0.087102178
Telford and Wrekin 021,E02002948,7595,0.110204082,0.404608295,0.159839064,0.070958399,0.096979866
Telford and Wrekin 022,E02002949,5322,0.24746336,0.646185644,0.229353779,0.081360391,0.052882704
Telford and Wrekin 023,E02002950,5856,0.19023224,0.479849727,0.173787272,0.081995217,0.086236934
Stoke-on-Trent 001,E02002951,7851,0.227359572,0.633295122,0.200653798,0.077246654,0.041608877
Stoke-on-Trent 002,E02002952,7561,0.158576908,0.566327205,0.216521293,0.072941488,0.038266742
Stoke-on-Trent 003,E02002953,7356,0.224442632,0.571506253,0.164595745,0.089684268,0.04661157
Stoke-on-Trent 004,E02002954,8311,0.192034653,0.551558176,0.194617607,0.078450247,0.057911909
Stoke-on-Trent 005,E02002955,7455,0.113078471,0.413011402,0.187758033,0.071610567,0.071593533
Stoke-on-Trent 006,E02002956,9233,0.164085346,0.51315932,0.194432961,0.077448007,0.054821829
Stoke-on-Trent 007,E02002957,9571,0.241667537,0.675269042,0.24906367,0.055062167,0.025324675
Stoke-on-Trent 008,E02002958,8462,0.170408887,0.555069723,0.211326379,0.077168518,0.040893126
Stoke-on-Trent 009,E02002959,9043,0.129603008,0.428508238,0.186946587,0.088144216,0.078492936
Stoke-on-Trent 010,E02002960,5725,0.209781659,0.641048035,0.199706314,0.056613664,0.0397445
Stoke-on-Trent 011,E02002961,7300,0.117671233,0.431780822,0.21838876,0.070586623,0.066815145
Stoke-on-Trent 012,E02002962,7876,0.160741493,0.513077704,0.168505517,0.097867479,0.069863449
Stoke-on-Trent 013,E02002963,7090,0.132863188,0.493511989,0.194285714,0.077302864,0.081128235
Stoke-on-Trent 014,E02002964,8646,0.240226694,0.608720796,0.171074845,0.082215541,0.045849802
Stoke-on-Trent 015,E02002965,8343,0.080426705,0.375524392,0.234733719,0.060529785,0.102654301
Stoke-on-Trent 016,E02002966,10330,0.087802517,0.392449177,0.264084918,0.053248136,0.064243028
Stoke-on-Trent 017,E02002967,10447,0.12003446,0.447975495,0.16048092,0.096564265,0.079534433
Stoke-on-Trent 018,E02002968,9494,0.155150621,0.567516326,0.361885454,0.04950495,0.040947828
Stoke-on-Trent 019,E02002969,9443,0.128560839,0.498464471,0.264588432,0.067457376,0.06300089
Stoke-on-Trent 020,E02002970,7953,0.159813907,0.536904313,0.187117046,0.081709617,0.052732766
Stoke-on-Trent 023,E02002973,8112,0.143614398,0.544995069,0.281196714,0.068901763,0.047929148
Stoke-on-Trent 024,E02002974,6147,0.258825443,0.640149667,0.193766131,0.082004556,0.034707158
Stoke-on-Trent 025,E02002975,7146,0.202350966,0.658270361,0.19933665,0.059045753,0.022298006
Stoke-on-Trent 026,E02002976,5974,0.187311684,0.597924339,0.201015658,0.068676717,0.048422597
Stoke-on-Trent 027,E02002977,5569,0.285329503,0.657568684,0.169394261,0.105641394,0.048408199
Stoke-on-Trent 028,E02002978,6774,0.151609094,0.502214349,0.167086645,0.090171192,0.070169252
Stoke-on-Trent 029,E02002979,6113,0.127106167,0.394896123,0.189926781,0.068486433,0.081526453
Stoke-on-Trent 030,E02002980,6006,0.292041292,0.697635698,0.289034565,0.065756617,0.029174664
Stoke-on-Trent 031,E02002981,8592,0.139548417,0.519785847,0.225836288,0.069932511,0.047103411
Stoke-on-Trent 032,E02002982,8706,0.123592924,0.522283483,0.241675456,0.07824888,0.044181865
Stoke-on-Trent 033,E02002983,5321,0.24600639,0.692351062,0.291949344,0.0481837,0.020257109
Stoke-on-Trent 034,E02002984,5469,0.27372463,0.737611995,0.348387097,0.039305302,0.015449981
Bath and North East Somerset 001,E02002985,6796,0.216745144,0.665391407,0.362028087,0.049779087,0.034242424
Bath and North East Somerset 002,E02002986,7039,0.188521097,0.621679216,0.337157988,0.054007959,0.030337079
Bath and North East Somerset 003,E02002987,5768,0.272884882,0.760055479,0.402492212,0.03812825,0.024300442
Bath and North East Somerset 004,E02002988,5576,0.220050215,0.669476327,0.51718886,0.041808721,0.037472447
Bath and North East Somerset 005,E02002989,5546,0.209159755,0.683916336,0.478659218,0.046142754,0.027192646
Bath and North East Somerset 006,E02002990,5853,0.149666838,0.63745088,0.56138594,0.03431791,0.044612001
Bath and North East Somerset 007,E02002991,10997,0.184868601,0.642993544,0.578174725,0.035740269,0.046968239
Bath and North East Somerset 008,E02002992,5729,0.200733112,0.696631175,0.520075678,0.035072413,0.033791311
Bath and North East Somerset 009,E02002993,6029,0.128213634,0.586000995,0.483305966,0.041286685,0.054281346
Bath and North East Somerset 010,E02002994,10557,0.245997916,0.710239651,0.535958309,0.032869186,0.027509752
Bath and North East Somerset 011,E02002995,5787,0.122861586,0.511491274,0.245685063,0.066010022,0.062184221
Bath and North East Somerset 012,E02002996,11774,0.147188721,0.622473246,0.415873315,0.020045868,0.034107194
Bath and North East Somerset 013,E02002997,8332,0.102496399,0.556168987,0.36722567,0.032052821,0.042258283
Bath and North East Somerset 014,E02002998,5981,0.13492727,0.56077579,0.328661931,0.047818091,0.040208136
Bath and North East Somerset 015,E02002999,5641,0.190569048,0.615316433,0.299399914,0.051586598,0.043494996
Bath and North East Somerset 016,E02003000,9572,0.288445466,0.744880903,0.407292954,0.039995823,0.025658339
Bath and North East Somerset 017,E02003001,5543,0.218834566,0.709363161,0.581063269,0.029220779,0.028195489
Bath and North East Somerset 018,E02003002,6326,0.184476763,0.642902308,0.476352705,0.043478261,0.042537587
Bath and North East Somerset 019,E02003003,5922,0.168186424,0.619723067,0.355628059,0.048101266,0.041518808
Bath and North East Somerset 020,E02003004,7384,0.209507042,0.673754063,0.345545379,0.040888167,0.022727273
Bath and North East Somerset 021,E02003005,6772,0.244536326,0.729474306,0.46162221,0.030262769,0.026186075
Bath and North East Somerset 022,E02003006,10000,0.1745,0.6088,0.292813729,0.041187644,0.036227082
Bath and North East Somerset 023,E02003007,9592,0.217472894,0.658256881,0.288317395,0.04085887,0.028481675
Bath and North East Somerset 024,E02003008,6152,0.16189857,0.597854356,0.260860571,0.052528866,0.040737148
Bath and North East Somerset 025,E02003009,6219,0.214182344,0.658626789,0.2705721,0.041505792,0.029226901
Bath and North East Somerset 026,E02003010,6543,0.179275562,0.631208926,0.214858671,0.043558001,0.03216288
Bath and North East Somerset 027,E02003011,5980,0.245652174,0.676254181,0.230406237,0.048845768,0.032397408
Bristol 001,E02003012,12095,0.151632906,0.53013642,0.314881078,0.063249277,0.037310867
Bristol 002,E02003013,12667,0.145338281,0.537380595,0.28968333,0.072933933,0.055417289
Bristol 003,E02003014,8508,0.118006582,0.455336154,0.209464825,0.070765252,0.056578596
Bristol 004,E02003015,6867,0.141983399,0.602009611,0.452699091,0.056372906,0.043466068
Bristol 005,E02003016,8043,0.098595052,0.517965933,0.378264151,0.060402685,0.050579557
Bristol 006,E02003017,6306,0.246907707,0.708848716,0.556642536,0.056418384,0.028178464
Bristol 007,E02003018,6223,0.186565965,0.603406717,0.379436965,0.059154477,0.038160136
Bristol 008,E02003019,10253,0.167853311,0.578757437,0.249308479,0.062731707,0.041603631
Bristol 009,E02003020,6480,0.261882716,0.736419753,0.596711042,0.039493983,0.024486856
Bristol 010,E02003021,7487,0.102310672,0.59730199,0.516524262,0.029117136,0.029032258
Bristol 011,E02003022,6242,0.226369753,0.742550465,0.65455665,0.026096702,0.020855426
Bristol 012,E02003023,6680,0.182934132,0.58488024,0.36622458,0.064569288,0.038557658
Bristol 013,E02003024,10007,0.152892975,0.594284001,0.369588941,0.055522269,0.044339217
Bristol 014,E02003025,7723,0.132461479,0.520393629,0.356480729,0.066571688,0.043336945
Bristol 015,E02003026,10254,0.206358494,0.666569144,0.461970565,0.028381937,0.022333892
Bristol 016,E02003027,13212,0.093854072,0.619891008,0.634387717,0.023685206,0.032842582
Bristol 017,E02003028,8769,0.148933744,0.685596989,0.660467068,0.02713797,0.031812198
Bristol 018,E02003029,6687,0.12337371,0.516973232,0.277059618,0.065620329,0.055165816
Bristol 019,E02003030,7930,0.107061791,0.536443884,0.425759194,0.042875158,0.047528517
Bristol 020,E02003031,10478,0.090761596,0.625596488,0.642080484,0.021475613,0.035302342
Bristol 021,E02003032,8446,0.122424816,0.520127871,0.344745104,0.048306891,0.039693593
Bristol 022,E02003033,8787,0.08831228,0.664504381,0.536035481,0.020487139,0.036454432
Bristol 025,E02003036,8680,0.070276498,0.586175115,0.579192938,0.030296049,0.037661738
Bristol 026,E02003037,9138,0.082622018,0.664368571,0.607757604,0.018271335,0.030023095
Bristol 027,E02003038,6941,0.136147529,0.581040196,0.316666667,0.053162369,0.035695399
Bristol 028,E02003039,8796,0.134265575,0.566962256,0.357202101,0.063658065,0.044279661
Bristol 029,E02003040,9864,0.101074615,0.575831306,0.506889998,0.053341446,0.038859691
Bristol 030,E02003041,6211,0.15311544,0.712284656,0.654223969,0.022383253,0.02778626
Bristol 033,E02003044,6139,0.167779769,0.62713797,0.327283372,0.03666884,0.03080023
Bristol 034,E02003045,6925,0.109025271,0.617617329,0.541052961,0.024985557,0.042016807
Bristol 035,E02003046,9995,0.111955978,0.60050025,0.429111301,0.046032223,0.033671743
Bristol 036,E02003047,11124,0.104009349,0.643473571,0.6036142,0.038385473,0.030920387
Bristol 037,E02003048,6831,0.081247255,0.616893573,0.599793708,0.036890646,0.032981826
Bristol 038,E02003049,7922,0.161827821,0.598207523,0.330309665,0.05528209,0.040257265
Bristol 039,E02003050,10183,0.108415987,0.628007463,0.509216078,0.056357388,0.034167175
Bristol 040,E02003051,7584,0.081223629,0.559335443,0.514290462,0.045616348,0.039944904
Bristol 041,E02003052,7227,0.142936211,0.670402657,0.455094846,0.045548941,0.027400524
Bristol 042,E02003053,8639,0.148165297,0.616969557,0.436936292,0.048616738,0.037457192
Bristol 043,E02003054,6906,0.157833768,0.609470026,0.352816528,0.055611875,0.030319292
Bristol 044,E02003055,9132,0.111147613,0.495181778,0.247036716,0.070427163,0.056381222
Bristol 045,E02003056,7692,0.132735309,0.485049402,0.201084194,0.093225848,0.053439622
Bristol 046,E02003057,6220,0.189710611,0.641800643,0.278964017,0.048568672,0.020897357
Bristol 047,E02003058,9860,0.179006085,0.548580122,0.213949943,0.068038937,0.031653478
Bristol 048,E02003059,6733,0.16916679,0.563493242,0.255394345,0.053600594,0.034553441
Bristol 049,E02003060,11087,0.22341481,0.624515198,0.218205718,0.070455571,0.032065623
Bristol 050,E02003061,6265,0.143974461,0.487629689,0.186437119,0.078838174,0.055216924
Bristol 051,E02003062,5967,0.143288084,0.480643539,0.158560523,0.092524304,0.063716139
Bristol 052,E02003063,7278,0.249519099,0.658147843,0.212553969,0.049189338,0.017749785
Bristol 053,E02003064,7403,0.109144941,0.429285425,0.147968692,0.088552916,0.077134986
North Somerset 001,E02003065,9782,0.241770599,0.679002249,0.40440182,0.04109589,0.03121175
North Somerset 002,E02003066,6142,0.300390752,0.757245197,0.437899632,0.031921824,0.027747748
North Somerset 003,E02003067,8183,0.204326042,0.682145912,0.370306901,0.039960895,0.021459227
North Somerset 004,E02003068,6384,0.24608396,0.713815789,0.404532578,0.041497025,0.024750884
North Somerset 005,E02003069,5678,0.31842198,0.738112011,0.445409429,0.050545967,0.024371069
North Somerset 006,E02003070,13357,0.224975668,0.711686756,0.481043774,0.029491018,0.024534161
North Somerset 007,E02003071,8031,0.267961649,0.7167227,0.337013278,0.062873506,0.030757098
North Somerset 008,E02003072,9249,0.311601254,0.759974051,0.315414013,0.051465023,0.024448706
North Somerset 009,E02003073,6291,0.287553648,0.788904785,0.414152912,0.035776753,0.020173913
North Somerset 010,E02003074,7692,0.225429017,0.692667707,0.275230793,0.041347029,0.028194056
North Somerset 011,E02003075,6199,0.23148895,0.722697209,0.484527687,0.034527267,0.026943005
North Somerset 012,E02003076,9843,0.234989333,0.731789089,0.378197998,0.043765232,0.02442053
North Somerset 013,E02003077,6329,0.245694422,0.721282983,0.391809524,0.032553729,0.026122969
North Somerset 014,E02003078,7366,0.262557698,0.709475971,0.342499186,0.052417165,0.029359431
North Somerset 015,E02003079,9285,0.196230479,0.660096931,0.268156425,0.041563476,0.02948505
North Somerset 016,E02003080,8657,0.30137461,0.671479727,0.219775711,0.076327945,0.037403153
North Somerset 017,E02003081,9393,0.284786543,0.704886618,0.284049618,0.053987861,0.032384015
North Somerset 018,E02003082,9043,0.270927789,0.653654761,0.316836547,0.076148312,0.052351375
North Somerset 020,E02003084,10670,0.188847235,0.549578257,0.257069979,0.087535145,0.060457836
North Somerset 021,E02003085,7866,0.139333842,0.494024917,0.20892328,0.097635393,0.066091099
North Somerset 022,E02003086,6129,0.284875184,0.691793115,0.29494382,0.084828711,0.038765255
North Somerset 023,E02003087,10809,0.272550652,0.73438801,0.290777778,0.060037003,0.028577138
North Somerset 024,E02003088,9048,0.294429708,0.757847038,0.409296149,0.046318815,0.022540984
North Somerset 025,E02003089,5959,0.265312972,0.648598758,0.281764586,0.065100671,0.04084014
South Gloucestershire 001,E02003090,9440,0.215889831,0.693644068,0.427347046,0.041737288,0.026191014
South Gloucestershire 002,E02003091,6723,0.244831177,0.704447419,0.364142139,0.046421663,0.02896294
South Gloucestershire 003,E02003092,8754,0.187342929,0.725268449,0.358836504,0.04042942,0.024438573
South Gloucestershire 004,E02003093,6682,0.305297815,0.765190063,0.421487603,0.037131307,0.028468586
South Gloucestershire 005,E02003094,8898,0.206563273,0.681164307,0.346846228,0.042589055,0.027539106
South Gloucestershire 006,E02003095,8608,0.185525093,0.73489777,0.306719705,0.034022294,0.024022712
South Gloucestershire 007,E02003096,6299,0.187490078,0.654707096,0.232112028,0.056648683,0.032404603
South Gloucestershire 008,E02003097,6499,0.298199723,0.743960609,0.337936047,0.048908028,0.026089828
South Gloucestershire 009,E02003098,10030,0.0889332,0.608075773,0.435737459,0.023527066,0.030277962
South Gloucestershire 010,E02003099,7630,0.224770642,0.672346003,0.220106503,0.053742299,0.023181455
South Gloucestershire 012,E02003101,10657,0.097400769,0.624659848,0.424011266,0.029447623,0.024753276
South Gloucestershire 013,E02003102,7163,0.22323049,0.709898087,0.372866597,0.037274885,0.022019965
South Gloucestershire 014,E02003103,7184,0.14142539,0.604537862,0.210089963,0.044670192,0.023779085
South Gloucestershire 015,E02003104,7529,0.192588657,0.667286492,0.331017771,0.042369505,0.033358605
South Gloucestershire 016,E02003105,6403,0.258316414,0.726690614,0.353208404,0.051678376,0.029830958
South Gloucestershire 018,E02003107,11291,0.158090515,0.580905146,0.338310005,0.044267375,0.042812327
South Gloucestershire 019,E02003108,12705,0.179299488,0.666273121,0.333106466,0.042722266,0.026948843
South Gloucestershire 020,E02003109,6214,0.228999034,0.714032829,0.35955956,0.02894356,0.017212843
South Gloucestershire 021,E02003110,12404,0.122621735,0.609319574,0.395588388,0.022978312,0.025534442
South Gloucestershire 022,E02003111,6680,0.235479042,0.693562874,0.38247012,0.049558317,0.02411091
South Gloucestershire 023,E02003112,6542,0.191378783,0.617089575,0.261639092,0.053202874,0.036133122
South Gloucestershire 024,E02003113,10480,0.241316794,0.721851145,0.388423108,0.033301527,0.026256139
South Gloucestershire 025,E02003114,7243,0.219522297,0.649454646,0.275902406,0.052173913,0.036088154
South Gloucestershire 026,E02003115,9713,0.175537939,0.626068156,0.270603015,0.054257181,0.039231071
South Gloucestershire 027,E02003116,7766,0.204481071,0.615503477,0.214904679,0.068992148,0.047631308
South Gloucestershire 028,E02003117,9415,0.168667021,0.611683484,0.273060797,0.0467389,0.036433172
South Gloucestershire 029,E02003118,9898,0.171044655,0.678015761,0.260679612,0.038177962,0.023955331
South Gloucestershire 030,E02003119,10344,0.18387471,0.651778809,0.24273586,0.051710806,0.030751922
South Gloucestershire 031,E02003120,9202,0.230710715,0.702673332,0.28855002,0.046516683,0.026552557
South Gloucestershire 032,E02003121,10117,0.264208758,0.744192943,0.274743231,0.040138408,0.02424123
Plymouth 001,E02003122,7306,0.297974268,0.683274021,0.303871916,0.056810404,0.024173028
Plymouth 002,E02003123,8727,0.185745388,0.557809098,0.2208,0.071052028,0.04336536
Plymouth 003,E02003124,8306,0.158319287,0.529857934,0.213300264,0.077562327,0.047543998
Plymouth 004,E02003125,6028,0.209854015,0.572660916,0.182713568,0.095040637,0.055156781
Plymouth 005,E02003126,8417,0.226446477,0.610312463,0.238810239,0.062848996,0.029687082
Plymouth 006,E02003127,7532,0.179235263,0.534519384,0.184597394,0.083377589,0.052287582
Plymouth 007,E02003128,9178,0.183046415,0.546306385,0.221483792,0.085966441,0.039818789
Plymouth 008,E02003129,6411,0.226017782,0.620340041,0.293836141,0.055061613,0.032644903
Plymouth 009,E02003130,10529,0.175990123,0.542881565,0.190481828,0.07682811,0.048216216
Plymouth 010,E02003131,7290,0.21659808,0.582167353,0.199363377,0.067380266,0.03232442
Plymouth 011,E02003132,8869,0.185139249,0.597812606,0.266250355,0.054008344,0.038306928
Plymouth 012,E02003133,7129,0.229064385,0.62954131,0.249957461,0.061719736,0.027075812
Plymouth 013,E02003134,6936,0.150086505,0.561130334,0.211244541,0.076390891,0.046563193
Plymouth 014,E02003135,7078,0.125035321,0.876518791,0.20510038,0.074325279,0.046983935
Plymouth 015,E02003136,7730,0.305821475,0.719534282,0.265089475,0.060931436,0.028753994
Plymouth 016,E02003137,7860,0.250254453,0.694910941,0.40619252,0.048188175,0.021954485
Plymouth 017,E02003138,7537,0.138516651,0.633275839,0.440955185,0.037258022,0.036020583
Plymouth 018,E02003139,6694,0.148043024,0.615327159,0.281542493,0.032137519,0.026228603
Plymouth 019,E02003140,7814,0.221653443,0.653954441,0.292230261,0.047247119,0.020684169
Plymouth 020,E02003141,7958,0.144257351,0.542724303,0.284556506,0.075753769,0.059874457
Plymouth 021,E02003142,9206,0.177492939,0.558440148,0.217877848,0.077683616,0.045594871
Plymouth 022,E02003143,7323,0.224225044,0.638809231,0.253295511,0.054478427,0.024928367
Plymouth 023,E02003144,8491,0.097986103,0.511600518,0.34144477,0.05299105,0.065072639
Plymouth 024,E02003145,6676,0.18888556,0.605751947,0.333862154,0.058444478,0.052631579
Plymouth 025,E02003146,8605,0.098314933,0.501685067,0.366424757,0.044984308,0.056318031
Plymouth 026,E02003147,9182,0.124482684,0.468089741,0.258702311,0.081354825,0.08276699
Plymouth 027,E02003148,11318,0.096395123,0.48171055,0.264753862,0.060003535,0.079989154
Plymouth 028,E02003149,9331,0.107919837,0.47711928,0.30871045,0.070510073,0.064516129
Plymouth 030,E02003151,8364,0.301530368,0.700980392,0.31018187,0.0601315,0.02431259
Plymouth 031,E02003152,11333,0.221212389,0.647666108,0.325283019,0.045438504,0.029240828
Plymouth 032,E02003153,7438,0.250605001,0.642108094,0.285154976,0.052284946,0.026543566
Torbay 001,E02003154,7280,0.229258242,0.568131868,0.201513067,0.082154142,0.053109244
Torbay 002,E02003155,5877,0.303386081,0.675855028,0.25926664,0.079122001,0.046521036
Torbay 003,E02003156,10630,0.190686736,0.612982126,0.271615104,0.057844244,0.034597342
Torbay 004,E02003157,6847,0.176427633,0.523733022,0.237561064,0.077709611,0.062135922
Torbay 005,E02003158,5756,0.293259208,0.643502432,0.226644669,0.072594651,0.05505341
Torbay 006,E02003159,6028,0.162740544,0.526376908,0.2401583,0.064564315,0.057789794
Torbay 008,E02003161,7760,0.186340206,0.492525773,0.230271084,0.090873937,0.085372636
Torbay 010,E02003163,8120,0.405418719,0.745935961,0.320674545,0.096035459,0.048923077
Torbay 011,E02003164,9029,0.308561302,0.682135342,0.277163305,0.061807709,0.037399598
Torbay 012,E02003165,7321,0.244502117,0.634885945,0.236454018,0.058590549,0.037179109
Torbay 013,E02003166,12957,0.181291966,0.563710736,0.219197001,0.068518519,0.048966835
Torbay 014,E02003167,9849,0.294852269,0.613361763,0.205767013,0.108505887,0.063236355
Torbay 015,E02003168,7149,0.312491258,0.692684292,0.235792216,0.072307692,0.04012945
Torbay 016,E02003169,6599,0.416426731,0.764509774,0.300648022,0.063626723,0.035228183
Torbay 017,E02003170,9474,0.355393709,0.699704454,0.271100973,0.075266547,0.055750067
Torbay 018,E02003171,7359,0.309009376,0.670335643,0.241927787,0.074069041,0.050712628
"Bournemouth, Christchurch and Poole 003",E02003172,6501,0.223504076,0.601907399,0.215023474,0.079089091,0.044658193
"Bournemouth, Christchurch and Poole 005",E02003173,6835,0.271250914,0.634089247,0.200658465,0.07753072,0.045071336
"Bournemouth, Christchurch and Poole 006",E02003174,8329,0.244927362,0.645335574,0.258488658,0.057396734,0.035613631
"Bournemouth, Christchurch and Poole 007",E02003175,9430,0.165323436,0.600742312,0.293620502,0.042943484,0.034773218
"Bournemouth, Christchurch and Poole 010",E02003176,7494,0.152255137,0.502135041,0.188586031,0.099012543,0.068195908
"Bournemouth, Christchurch and Poole 009",E02003177,8454,0.167021528,0.60184528,0.318908323,0.035726961,0.039146742
"Bournemouth, Christchurch and Poole 011",E02003178,8753,0.182223238,0.575688335,0.239200788,0.060993718,0.039896373
"Bournemouth, Christchurch and Poole 012",E02003179,6450,0.21875969,0.605891473,0.272848693,0.084509226,0.060390764
"Bournemouth, Christchurch and Poole 015",E02003180,10117,0.098942374,0.470396363,0.294906482,0.040324175,0.056355511
"Bournemouth, Christchurch and Poole 017",E02003181,8842,0.16455553,0.58244741,0.373675404,0.035306099,0.041281139
"Bournemouth, Christchurch and Poole 020",E02003182,6575,0.209125475,0.663574144,0.40918463,0.035437262,0.037014563
"Bournemouth, Christchurch and Poole 028",E02003183,7347,0.203076085,0.597931128,0.402862986,0.033483054,0.043842682
"Bournemouth, Christchurch and Poole 027",E02003184,8098,0.10397629,0.474808595,0.364866853,0.03679921,0.048958072
"Bournemouth, Christchurch and Poole 026",E02003185,7600,0.175657895,0.621578947,0.356710806,0.048684211,0.03340185
"Bournemouth, Christchurch and Poole 025",E02003186,9438,0.093240093,0.452956135,0.336806013,0.0493801,0.061154002
"Bournemouth, Christchurch and Poole 035",E02003187,9516,0.154371585,0.543190416,0.366224398,0.055246298,0.052130651
"Bournemouth, Christchurch and Poole 038",E02003188,13199,0.134479885,0.500492462,0.360964768,0.044170013,0.070886485
"Bournemouth, Christchurch and Poole 036",E02003189,8500,0.252588235,0.659764706,0.389320256,0.056581579,0.040472175
"Bournemouth, Christchurch and Poole 037",E02003190,10378,0.127288495,0.460878782,0.330563665,0.076329992,0.074263539
"Bournemouth, Christchurch and Poole 039",E02003191,8370,0.3260454,0.710155317,0.388449257,0.047192354,0.041678017
"Bournemouth, Christchurch and Poole 041",E02003192,13187,0.134678092,0.477364071,0.350959524,0.047925988,0.068965517
"Bournemouth, Christchurch and Poole 001",E02003194,6333,0.307595137,0.714669193,0.355832861,0.034727703,0.027969349
"Bournemouth, Christchurch and Poole 008",E02003195,5926,0.18798515,0.625210935,0.257721202,0.052160702,0.038629493
"Bournemouth, Christchurch and Poole 004",E02003196,10288,0.313958009,0.772647745,0.371716486,0.035377588,0.028025201
"Bournemouth, Christchurch and Poole 013",E02003197,6839,0.206462933,0.633133499,0.259012257,0.052069621,0.034217016
"Bournemouth, Christchurch and Poole 016",E02003198,7547,0.171326355,0.615476348,0.236507675,0.04462985,0.039724981
"Bournemouth, Christchurch and Poole 021",E02003199,9471,0.230704255,0.652623799,0.24514811,0.050892197,0.038975022
"Bournemouth, Christchurch and Poole 022",E02003200,10403,0.195039892,0.564068057,0.221014925,0.06651288,0.046259637
"Bournemouth, Christchurch and Poole 023",E02003201,11158,0.171625739,0.571518193,0.246570796,0.060388854,0.04680325
"Bournemouth, Christchurch and Poole 029",E02003202,6112,0.208606021,0.644633508,0.351278079,0.050032701,0.038147139
"Bournemouth, Christchurch and Poole 032",E02003203,7604,0.167148869,0.596791163,0.312167607,0.043020655,0.033438333
"Bournemouth, Christchurch and Poole 030",E02003204,9290,0.218406889,0.624542519,0.312110996,0.058228393,0.040190147
"Bournemouth, Christchurch and Poole 034",E02003205,8459,0.226740749,0.678567207,0.273381295,0.04527722,0.032173499
"Bournemouth, Christchurch and Poole 043",E02003206,10045,0.189746142,0.653658537,0.442078365,0.033349925,0.033170732
"Bournemouth, Christchurch and Poole 042",E02003207,7434,0.168415389,0.652407856,0.22280941,0.055166846,0.049657064
"Bournemouth, Christchurch and Poole 044",E02003208,11431,0.223252559,0.592599073,0.32480315,0.064228211,0.046352724
"Bournemouth, Christchurch and Poole 046",E02003209,6778,0.226320449,0.625258188,0.246044444,0.058693408,0.048653611
"Bournemouth, Christchurch and Poole 047",E02003210,9805,0.267720551,0.684038756,0.440620041,0.038037936,0.034475329
"Bournemouth, Christchurch and Poole 048",E02003211,8541,0.437653671,0.762791242,0.43310452,0.052224824,0.044117647
Swindon 001,E02003212,8368,0.271630019,0.710922562,0.29167846,0.043140535,0.036872061
Swindon 003,E02003214,6859,0.133547164,0.465082374,0.141197677,0.075812801,0.08545781
Swindon 004,E02003215,6694,0.276964446,0.726172692,0.229666724,0.050455292,0.032612009
Swindon 005,E02003216,9926,0.216502116,0.635704211,0.217607169,0.055007052,0.041167066
Swindon 006,E02003217,7387,0.169757682,0.56030865,0.21247193,0.063904685,0.046304285
Swindon 007,E02003218,6565,0.16664128,0.541964966,0.175391153,0.074192566,0.062965471
Swindon 008,E02003219,13042,0.132111639,0.657107806,0.388086643,0.02790769,0.021826536
Swindon 009,E02003220,10272,0.223520249,0.693146417,0.237078911,0.047034765,0.038992996
Swindon 010,E02003221,7296,0.129797149,0.523026316,0.202071659,0.053713346,0.050975293
Swindon 011,E02003222,6014,0.125374127,0.618390422,0.330517206,0.03307296,0.038484136
Swindon 012,E02003223,10891,0.11964007,0.533100725,0.28927312,0.035160195,0.041860465
Swindon 013,E02003224,8526,0.252287122,0.69117992,0.224740843,0.039624853,0.025384257
Swindon 014,E02003225,6434,0.148896487,0.595430525,0.309121942,0.03714641,0.035257322
Swindon 015,E02003226,10664,0.078488372,0.465116279,0.24739979,0.033849039,0.061512884
Swindon 016,E02003227,7011,0.121095421,0.491085437,0.162259161,0.078448153,0.082321188
Swindon 017,E02003228,7779,0.149119424,0.575780949,0.292149292,0.031764403,0.041635871
Swindon 018,E02003229,5665,0.13168579,0.619240953,0.290841853,0.039364519,0.029516705
Swindon 019,E02003230,8728,0.09291934,0.515925756,0.375137212,0.034142988,0.052079359
Swindon 020,E02003231,8547,0.146484146,0.548028548,0.170267803,0.081207582,0.071867486
Swindon 021,E02003232,8574,0.138558432,0.606951248,0.407164264,0.031960807,0.039818444
Swindon 022,E02003233,8741,0.185104679,0.560919803,0.209518365,0.064774548,0.058199753
Swindon 023,E02003234,8461,0.221014065,0.634440373,0.22063854,0.054117925,0.038803757
Swindon 024,E02003235,9360,0.20224359,0.656944444,0.402193784,0.039431502,0.032506772
Swindon 025,E02003236,12795,0.227198124,0.691285658,0.328036757,0.045415462,0.034642401
Peterborough 001,E02003237,6159,0.267900633,0.711966228,0.289841209,0.040448343,0.026588398
Peterborough 002,E02003238,5737,0.151298588,0.600313753,0.253107587,0.051429568,0.040212695
Peterborough 003,E02003239,8332,0.235357657,0.642342775,0.249277039,0.039860728,0.031115366
Peterborough 004,E02003240,6868,0.167297612,0.691322073,0.38138083,0.032891864,0.029150472
Peterborough 005,E02003241,7181,0.198997354,0.635566077,0.249399245,0.050557103,0.038768216
Peterborough 006,E02003242,8445,0.246417999,0.585198342,0.233009709,0.058844423,0.043565852
Peterborough 007,E02003243,12169,0.102391322,0.387049059,0.184198747,0.063111184,0.068828111
Peterborough 008,E02003244,10035,0.13143996,0.38854011,0.177549919,0.069456901,0.057811753
Peterborough 009,E02003245,8244,0.105531295,0.388161087,0.188558277,0.06768559,0.07167974
Peterborough 010,E02003246,10032,0.082735247,0.317882775,0.167964694,0.063609172,0.079387187
Peterborough 011,E02003247,8849,0.155723811,0.458695898,0.240478623,0.062040909,0.064799026
Peterborough 012,E02003248,11574,0.101347849,0.325298082,0.216817713,0.048729912,0.060385005
Peterborough 013,E02003249,12822,0.12111995,0.384339417,0.222210733,0.052241715,0.062604901
Peterborough 014,E02003250,12049,0.092787783,0.345173873,0.260117425,0.052443781,0.071630851
Peterborough 015,E02003251,7923,0.259750095,0.637511044,0.394862329,0.046452916,0.037296037
Peterborough 016,E02003252,12527,0.094515846,0.415422687,0.321789474,0.042700934,0.056597874
Peterborough 017,E02003253,10267,0.122918087,0.477744229,0.266276518,0.048899279,0.050468637
Peterborough 018,E02003254,9237,0.238280827,0.669697954,0.351002865,0.046000649,0.027284827
Peterborough 019,E02003255,13725,0.145500911,0.528378871,0.250963799,0.04714369,0.039622372
Peterborough 021,E02003257,9619,0.122673875,0.420313962,0.192754425,0.070485497,0.070050528
Luton 001,E02003258,8610,0.214518002,0.595121951,0.345454545,0.036938088,0.037573563
Luton 002,E02003259,6803,0.151403792,0.453917389,0.277216397,0.037211355,0.057783391
Luton 003,E02003260,8944,0.102191413,0.366502683,0.248470012,0.057988827,0.080414013
Luton 004,E02003261,6442,0.21701335,0.539428749,0.298604473,0.059608817,0.060236769
Luton 005,E02003262,11190,0.138248436,0.388918677,0.277614398,0.061673221,0.075625
Luton 006,E02003263,12975,0.139807322,0.414566474,0.289285354,0.050177278,0.061274084
Luton 007,E02003264,9852,0.146772229,0.470665855,0.406993559,0.034402273,0.045484222
Luton 008,E02003265,8235,0.210321797,0.568184578,0.265138154,0.045068027,0.041676704
Luton 009,E02003266,10111,0.112946296,0.37602611,0.261434443,0.060510184,0.066546763
Luton 010,E02003267,14642,0.077038656,0.300368802,0.273802764,0.042827869,0.079577465
Luton 011,E02003268,12951,0.093043008,0.306153965,0.299270856,0.046181172,0.070110701
Luton 012,E02003269,10774,0.14785595,0.455262669,0.329099036,0.03842584,0.057903556
Luton 013,E02003270,8805,0.162067007,0.451902328,0.34652468,0.046656828,0.053060217
Luton 014,E02003271,10215,0.131571219,0.505139501,0.309172859,0.036221243,0.04695089
Luton 015,E02003272,11352,0.081483439,0.284002819,0.240292149,0.050118911,0.080965909
Luton 016,E02003273,12033,0.11576498,0.412199784,0.311321771,0.049364248,0.069735248
Luton 017,E02003274,11538,0.072282891,0.29233836,0.254275804,0.055030765,0.10781797
Luton 019,E02003276,9148,0.062090074,0.272081329,0.26852261,0.03891561,0.141983515
Luton 020,E02003277,11614,0.09970725,0.331065955,0.24571297,0.059669365,0.087451698
Luton 021,E02003278,13276,0.06598373,0.305664357,0.343081582,0.04398584,0.087436723
Southend-on-Sea 001,E02003279,9447,0.274796232,0.648883243,0.201386263,0.049201143,0.038304624
Southend-on-Sea 002,E02003280,10586,0.213772908,0.569998111,0.217487742,0.059446177,0.046840299
Southend-on-Sea 003,E02003281,9444,0.288331216,0.639030072,0.238721092,0.05835628,0.043509615
Southend-on-Sea 004,E02003282,10685,0.204024333,0.560786149,0.288609364,0.052488772,0.045290581
Southend-on-Sea 005,E02003283,10993,0.193941599,0.587282816,0.262732141,0.062579589,0.047497044
Southend-on-Sea 006,E02003284,11210,0.143175736,0.516413916,0.223889014,0.05888651,0.058297568
Southend-on-Sea 007,E02003285,11285,0.103766061,0.459636686,0.296727107,0.047943991,0.06143924
Southend-on-Sea 008,E02003286,9363,0.219587739,0.660685678,0.357521889,0.027220325,0.033267673
Southend-on-Sea 009,E02003287,10149,0.232436693,0.586658784,0.248189518,0.065135987,0.068561873
Southend-on-Sea 010,E02003288,13011,0.114134194,0.442856045,0.271566429,0.063345633,0.066920393
Southend-on-Sea 011,E02003289,9893,0.173658142,0.590821793,0.383417147,0.035587908,0.04029304
Southend-on-Sea 012,E02003290,9923,0.218179986,0.60667137,0.342795285,0.057626436,0.046317078
Southend-on-Sea 013,E02003291,11675,0.184668094,0.581670236,0.216010165,0.064491264,0.054893463
Southend-on-Sea 014,E02003292,12096,0.115658069,0.43791336,0.236822802,0.076986687,0.085862069
Southend-on-Sea 015,E02003293,11691,0.154563339,0.484389701,0.31113148,0.059271297,0.081269087
Southend-on-Sea 016,E02003294,9113,0.292988039,0.677274224,0.29517994,0.044756472,0.041418651
Southend-on-Sea 017,E02003295,10118,0.205376557,0.590136391,0.248361973,0.052080245,0.05794849
Thurrock 001,E02003296,7086,0.239204064,0.609652837,0.19161879,0.037277605,0.037463977
Thurrock 002,E02003297,7312,0.21690372,0.54690919,0.157608696,0.053070715,0.042740224
Thurrock 003,E02003298,7096,0.220828636,0.571448703,0.174488568,0.058193603,0.039140671
Thurrock 004,E02003299,6417,0.213183731,0.600903849,0.25390625,0.03505765,0.038426626
Thurrock 005,E02003300,8946,0.160630449,0.523809524,0.232990562,0.035211268,0.038469851
Thurrock 006,E02003301,12028,0.12371134,0.432573994,0.277952841,0.045137157,0.05508824
Thurrock 007,E02003302,10407,0.110598636,0.39973095,0.227152401,0.056302844,0.061526169
Thurrock 008,E02003303,9517,0.126930755,0.41651781,0.248327645,0.047393863,0.048306148
Thurrock 009,E02003304,9649,0.194009742,0.521401181,0.218933368,0.061048922,0.045840787
Thurrock 010,E02003305,7082,0.195142615,0.532617905,0.248610862,0.0386951,0.041283041
Thurrock 012,E02003307,10623,0.170385014,0.455426904,0.199975433,0.063365032,0.059765208
Thurrock 013,E02003308,7714,0.130023334,0.458905885,0.240819812,0.038376766,0.045143292
Thurrock 014,E02003309,7770,0.183140283,0.507593308,0.25944067,0.042857143,0.034316218
Thurrock 016,E02003311,9303,0.115016661,0.408255401,0.299986517,0.04395014,0.052545492
Thurrock 017,E02003312,9429,0.054618729,0.313076678,0.330400923,0.035229202,0.069049553
Thurrock 018,E02003313,14821,0.096552189,0.367249173,0.244324021,0.053366617,0.072154009
Medway 001,E02003314,6774,0.246530853,0.63064659,0.192061232,0.073073516,0.043007327
Medway 002,E02003315,5725,0.209257642,0.654672489,0.227533461,0.041229909,0.038290598
Medway 003,E02003316,12142,0.166941196,0.587712074,0.230680628,0.040112017,0.038940055
Medway 004,E02003317,7081,0.179211976,0.587487643,0.247470265,0.055092527,0.032461936
Medway 005,E02003318,5967,0.220043573,0.624937154,0.265599676,0.037030831,0.032376502
Medway 006,E02003319,8239,0.124165554,0.502973662,0.254237288,0.055596018,0.059360731
Medway 007,E02003320,9402,0.105828547,0.524569241,0.332933972,0.042335922,0.044883673
Medway 008,E02003321,6492,0.16728281,0.506931608,0.195829196,0.064232902,0.068977715
Medway 009,E02003322,8033,0.085771194,0.384912237,0.264984709,0.048656048,0.067028494
Medway 010,E02003323,7385,0.120108328,0.489641165,0.243214476,0.061069736,0.058302372
Medway 011,E02003324,10074,0.113162597,0.481139567,0.231029987,0.045350799,0.0439388
Medway 012,E02003325,7359,0.096344612,0.420845224,0.263771186,0.053532609,0.07696793
Medway 013,E02003326,7769,0.135023813,0.496589008,0.24057686,0.057301056,0.062219879
Medway 014,E02003327,7456,0.157457082,0.543589056,0.397520528,0.050542968,0.06046041
Medway 015,E02003328,9919,0.091541486,0.410726888,0.306207947,0.060792419,0.086696562
Medway 016,E02003329,6878,0.105844722,0.452602501,0.297515995,0.047819767,0.057884232
Medway 017,E02003330,6783,0.137844612,0.537372844,0.314950291,0.051164848,0.044879171
Medway 018,E02003331,8856,0.194218609,0.573848238,0.183554007,0.072597945,0.05
Medway 019,E02003332,6284,0.196849141,0.570019096,0.265302106,0.054114277,0.05003358
Medway 020,E02003333,6803,0.10098486,0.364104072,0.227051257,0.066000294,0.085788281
Medway 021,E02003334,6222,0.12471874,0.457248473,0.281464531,0.046339501,0.06187291
Medway 022,E02003335,7430,0.076985195,0.362449529,0.225451092,0.053035402,0.084025854
Medway 023,E02003336,6354,0.246616305,0.669971671,0.245120551,0.050369904,0.039907652
Medway 024,E02003337,7418,0.158263683,0.546373686,0.275839259,0.045681175,0.062227392
Medway 025,E02003338,7301,0.190247911,0.575674565,0.231410584,0.05260274,0.048821549
Medway 026,E02003339,6439,0.203913651,0.61158565,0.289257775,0.051544791,0.037717602
Medway 027,E02003340,8087,0.170149623,0.531964882,0.214353015,0.070951792,0.052330335
Medway 028,E02003341,6602,0.191457134,0.641169343,0.269799663,0.039836413,0.031459365
Medway 029,E02003342,6423,0.236960922,0.640666355,0.258713137,0.045312987,0.039288113
Medway 030,E02003343,5976,0.281626506,0.72356091,0.279106543,0.036683417,0.031383738
Medway 031,E02003344,6801,0.168798706,0.549036906,0.222140085,0.057630109,0.048338369
Medway 032,E02003345,6253,0.165680473,0.625139933,0.251728345,0.027338129,0.030153846
Medway 033,E02003346,7087,0.214053902,0.599125159,0.251388889,0.053760406,0.033069944
Medway 034,E02003347,6097,0.115138593,0.549614565,0.264096186,0.036423298,0.031869078
Medway 035,E02003348,8095,0.267696109,0.700802965,0.299822328,0.035458364,0.023195205
Medway 036,E02003349,7390,0.233423545,0.639106901,0.228405316,0.051427798,0.030594901
Medway 037,E02003350,6457,0.192504259,0.594238811,0.227747678,0.054807246,0.041065127
Medway 038,E02003351,7915,0.181301327,0.587492104,0.212650985,0.044845882,0.039522744
Bracknell Forest 001,E02003352,5773,0.25549974,0.721981639,0.387860082,0.036023554,0.03761533
Bracknell Forest 002,E02003353,12092,0.14042342,0.658865366,0.434517031,0.020838502,0.030944388
Bracknell Forest 003,E02003354,10264,0.141173032,0.661535464,0.404409107,0.025618547,0.031743308
Bracknell Forest 004,E02003355,6957,0.118298117,0.527526233,0.280234905,0.041534924,0.057195572
Bracknell Forest 005,E02003356,7164,0.186767169,0.642099386,0.433223054,0.024155264,0.036216216
Bracknell Forest 006,E02003357,10189,0.12572382,0.545882815,0.333871569,0.039729253,0.045098039
Bracknell Forest 007,E02003358,11871,0.113048606,0.537949625,0.3539385,0.035470554,0.048769641
Bracknell Forest 008,E02003359,6326,0.113499842,0.607176731,0.322213652,0.037007749,0.034117343
Bracknell Forest 009,E02003360,11624,0.129903648,0.571490021,0.327154252,0.030967742,0.040819619
Bracknell Forest 010,E02003361,7438,0.14909922,0.597472439,0.290123457,0.042204301,0.043436293
Bracknell Forest 011,E02003362,6719,0.159101057,0.587140944,0.296936666,0.037791995,0.045983537
Bracknell Forest 012,E02003363,7097,0.220374806,0.638016063,0.411651505,0.031276416,0.023533103
Bracknell Forest 013,E02003364,7013,0.149151576,0.65521175,0.330989629,0.027940128,0.03323812
Bracknell Forest 014,E02003365,6941,0.195937185,0.673966287,0.362613819,0.029966864,0.032444322
Bracknell Forest 015,E02003366,7131,0.152853737,0.694853457,0.319262982,0.027333894,0.029888551
West Berkshire 001,E02003367,6536,0.19002448,0.664014688,0.407279029,0.026484997,0.030534351
West Berkshire 002,E02003368,5696,0.237008427,0.714536517,0.316375867,0.038623596,0.02836637
West Berkshire 003,E02003369,6398,0.221944358,0.734448265,0.518724794,0.024375,0.038424897
West Berkshire 004,E02003370,6731,0.225672263,0.725003714,0.397331891,0.027336206,0.031670152
West Berkshire 005,E02003371,5947,0.217756852,0.716832016,0.300061362,0.035317861,0.031756319
West Berkshire 006,E02003372,7850,0.214012739,0.644076433,0.313644978,0.034021407,0.038714575
West Berkshire 007,E02003373,8656,0.172134935,0.642906654,0.43783542,0.020332717,0.024102079
West Berkshire 008,E02003374,5860,0.1721843,0.639419795,0.313892939,0.032236057,0.032639105
West Berkshire 009,E02003375,6194,0.17839845,0.649499516,0.352486626,0.036169869,0.029106029
West Berkshire 010,E02003376,5866,0.24718718,0.685646096,0.323347107,0.035787321,0.039014374
West Berkshire 011,E02003377,10412,0.207933154,0.682289666,0.394389835,0.030163305,0.029134016
West Berkshire 012,E02003378,8015,0.236306925,0.66687461,0.364555053,0.044949432,0.041500994
West Berkshire 013,E02003379,6978,0.151476068,0.584264832,0.31405252,0.044575032,0.029008439
West Berkshire 014,E02003380,8148,0.170471281,0.651693667,0.276858888,0.033627884,0.03397533
West Berkshire 015,E02003381,6113,0.179290038,0.642892197,0.403629537,0.030258423,0.028765352
West Berkshire 016,E02003382,7543,0.182553361,0.645101419,0.260898283,0.047587487,0.038671165
West Berkshire 017,E02003383,6919,0.148576384,0.666570314,0.339269323,0.028315516,0.028198989
West Berkshire 018,E02003384,6478,0.242358753,0.715189873,0.419091752,0.033034887,0.03298397
West Berkshire 019,E02003385,11185,0.134555208,0.619400983,0.424061619,0.030855916,0.033479113
West Berkshire 020,E02003386,8307,0.177079571,0.646081618,0.371240461,0.045744553,0.039283253
West Berkshire 021,E02003387,9592,0.222998332,0.664824854,0.425825984,0.028052977,0.037324703
West Berkshire 022,E02003388,6041,0.210064559,0.676378083,0.412471979,0.030965392,0.031978681
Reading 001,E02003389,7995,0.220012508,0.681175735,0.420519121,0.028257064,0.042510628
Reading 002,E02003390,7752,0.199819401,0.718911249,0.585676913,0.020768834,0.030045201
Reading 003,E02003391,8590,0.187543655,0.677299185,0.510191936,0.031439218,0.036346692
Reading 004,E02003392,8701,0.116883117,0.57510631,0.488139468,0.035628089,0.048750762
Reading 005,E02003393,8160,0.193137255,0.65379902,0.35253107,0.031862745,0.03180212
Reading 006,E02003394,8661,0.118462071,0.492206443,0.282004831,0.050831793,0.053426249
Reading 007,E02003395,11272,0.064141235,0.464779986,0.400066291,0.029359588,0.049488568
Reading 008,E02003396,9835,0.108896797,0.514082359,0.377341772,0.03760927,0.045968756
Reading 009,E02003397,8224,0.170233463,0.561040856,0.258271915,0.050206662,0.054836253
Reading 010,E02003398,11531,0.077530136,0.438036597,0.419607843,0.033570437,0.058445946
Reading 012,E02003400,8972,0.098082925,0.492086491,0.426692209,0.025535236,0.043781372
Reading 013,E02003401,9171,0.127685094,0.509540944,0.432950709,0.044160942,0.060841811
Reading 014,E02003402,10705,0.078187763,0.504343765,0.467580911,0.027733682,0.045814384
Reading 015,E02003403,9379,0.163450261,0.541848811,0.322036169,0.048070774,0.05568594
Reading 016,E02003404,8648,0.100716929,0.4546716,0.288046486,0.033098021,0.061862678
Reading 017,E02003405,13072,0.085296818,0.463433293,0.326639102,0.050493459,0.061899837
Reading 018,E02003406,8248,0.139912706,0.511396702,0.260862913,0.057246816,0.056433958
Slough 001,E02003407,10908,0.083700037,0.427484415,0.300485065,0.042075351,0.064273306
Slough 002,E02003408,11293,0.097848225,0.399096786,0.286904762,0.038965639,0.075661573
Slough 003,E02003409,10444,0.115281501,0.484680199,0.354595928,0.040693221,0.060142154
Slough 004,E02003410,12244,0.092290101,0.378961124,0.263974472,0.042714799,0.070202213
Slough 005,E02003411,12505,0.10139944,0.401839264,0.303303303,0.042226488,0.076144835
Slough 006,E02003412,10405,0.114368092,0.466698703,0.32796449,0.032865654,0.055714558
Slough 008,E02003414,13754,0.079322379,0.403591682,0.354787445,0.031556751,0.065523307
Slough 009,E02003415,13508,0.080174711,0.339058336,0.338486088,0.045306485,0.074898457
Slough 010,E02003416,9812,0.108540563,0.487464329,0.445758564,0.03098247,0.051208521
Slough 011,E02003417,12808,0.101342911,0.455496565,0.458877551,0.027487115,0.066214968
Slough 012,E02003418,10321,0.104350354,0.490068792,0.38878242,0.040984401,0.068794607
Slough 013,E02003419,8984,0.112310775,0.478851291,0.356240822,0.039732888,0.075630252
Slough 014,E02003420,6419,0.089266241,0.438541829,0.327368849,0.032097227,0.065110919
Windsor and Maidenhead 001,E02003421,5675,0.2169163,0.654625551,0.435505028,0.029271733,0.047238372
Windsor and Maidenhead 002,E02003422,11850,0.234177215,0.706582278,0.483781564,0.032745379,0.031233999
Windsor and Maidenhead 003,E02003423,6584,0.147326853,0.586573512,0.355085244,0.032189493,0.059498641
Windsor and Maidenhead 004,E02003424,9309,0.216134923,0.691373939,0.562120233,0.027279562,0.037701613
Windsor and Maidenhead 005,E02003425,13067,0.124359072,0.562944823,0.489700105,0.029924996,0.058938004
Windsor and Maidenhead 006,E02003426,9801,0.183246607,0.679216406,0.49422955,0.035291718,0.032815877
Windsor and Maidenhead 007,E02003427,8184,0.125977517,0.560606061,0.367593902,0.034090909,0.052923504
Windsor and Maidenhead 008,E02003428,9165,0.192580469,0.642989634,0.373134328,0.030772588,0.040762656
Windsor and Maidenhead 009,E02003429,7741,0.219351505,0.684924428,0.435024654,0.025445621,0.039586028
Windsor and Maidenhead 010,E02003430,7521,0.128307406,0.568009573,0.401508801,0.022201542,0.042887587
Windsor and Maidenhead 011,E02003431,7008,0.175228311,0.575342466,0.412742867,0.032543534,0.049459459
Windsor and Maidenhead 012,E02003432,7096,0.14994363,0.657553551,0.508089501,0.025789177,0.040218471
Windsor and Maidenhead 013,E02003433,6474,0.214241582,0.618937288,0.334166026,0.031216195,0.040917545
Windsor and Maidenhead 014,E02003434,9191,0.172124905,0.616799043,0.386766712,0.042106408,0.046409807
Windsor and Maidenhead 015,E02003435,7145,0.175227432,0.668579426,0.562391681,0.024922991,0.041372087
Windsor and Maidenhead 016,E02003436,9037,0.22806241,0.646342813,0.397766551,0.031315702,0.04221693
Windsor and Maidenhead 017,E02003437,7423,0.193048633,0.650276169,0.488940629,0.030988952,0.038734315
Windsor and Maidenhead 018,E02003438,11233,0.217751269,0.668031692,0.50077899,0.023858275,0.036854553
Wokingham 001,E02003439,5528,0.249819103,0.744392185,0.50617284,0.029672517,0.040519878
Wokingham 002,E02003440,9276,0.192324278,0.700194049,0.50998777,0.026420792,0.028504072
Wokingham 003,E02003441,7674,0.231300495,0.691555903,0.422818792,0.038456525,0.032094143
Wokingham 004,E02003442,8486,0.133867547,0.664152722,0.468731118,0.018263226,0.029551337
Wokingham 005,E02003443,6987,0.193645341,0.594962072,0.324972335,0.047796222,0.053354134
Wokingham 006,E02003444,9376,0.160196246,0.60121587,0.469555826,0.029232903,0.041959531
Wokingham 007,E02003445,8772,0.197332421,0.660510716,0.386262394,0.030893753,0.035209688
Wokingham 008,E02003446,9803,0.162705294,0.631235336,0.455921856,0.019277846,0.037091624
Wokingham 009,E02003447,10714,0.137016987,0.632816875,0.453923686,0.028088839,0.038915302
Wokingham 010,E02003448,8117,0.178637428,0.691018849,0.470210097,0.023522167,0.029221557
Wokingham 011,E02003449,7491,0.112401549,0.632625818,0.480830403,0.015357906,0.035275006
Wokingham 012,E02003450,13189,0.124194404,0.615361286,0.471732996,0.022892662,0.038129697
Wokingham 013,E02003451,9722,0.207467599,0.64225468,0.433479624,0.042399918,0.040393891
Wokingham 014,E02003452,9492,0.140223346,0.637484197,0.509046053,0.018645318,0.028711898
Wokingham 015,E02003453,6977,0.181310019,0.699154364,0.519116855,0.016905444,0.027582325
Wokingham 016,E02003454,8756,0.199406122,0.659776153,0.504843305,0.030960813,0.030508475
Wokingham 017,E02003455,10643,0.140843747,0.640608851,0.455405897,0.022543678,0.026235094
Wokingham 018,E02003456,8271,0.13323661,0.639463185,0.418556372,0.028778718,0.030920751
Wokingham 019,E02003457,9803,0.214628175,0.744261961,0.502928349,0.021932062,0.031700288
Wokingham 020,E02003458,8423,0.217974593,0.708298706,0.455991674,0.024216524,0.033481044
Milton Keynes 001,E02003459,9005,0.239533592,0.726041088,0.435557957,0.03430665,0.028156222
Milton Keynes 002,E02003460,11675,0.203340471,0.659014989,0.391521462,0.034343953,0.027987263
Milton Keynes 003,E02003461,7478,0.243246857,0.65057502,0.288738217,0.043582888,0.039477421
Milton Keynes 004,E02003462,8112,0.181952663,0.635848126,0.34829745,0.034657129,0.03488639
Milton Keynes 005,E02003463,6818,0.211205632,0.59401584,0.334397729,0.049611038,0.054338037
Milton Keynes 006,E02003464,7067,0.126927975,0.461440498,0.255852231,0.056184546,0.075600356
Milton Keynes 007,E02003465,6070,0.252883031,0.671828666,0.370519456,0.0489211,0.040836328
Milton Keynes 008,E02003466,7787,0.111082574,0.48170027,0.36271794,0.03915276,0.054169636
Milton Keynes 009,E02003467,6587,0.174738121,0.493244269,0.277388836,0.058261265,0.059711075
Milton Keynes 010,E02003468,8623,0.197842978,0.579148788,0.361071326,0.040134555,0.043145442
Milton Keynes 011,E02003469,5733,0.206349206,0.590615733,0.342361405,0.044684936,0.041666667
Milton Keynes 012,E02003470,6196,0.096191091,0.386539703,0.201830766,0.06507347,0.087529047
Milton Keynes 013,E02003471,6629,0.155377885,0.494795595,0.308208955,0.055069403,0.057709924
Milton Keynes 014,E02003472,10206,0.061140506,0.381638252,0.398734933,0.03470248,0.069687014
Milton Keynes 015,E02003473,5606,0.164823403,0.586871209,0.412323322,0.033523538,0.045315162
Milton Keynes 016,E02003474,9015,0.120798669,0.505268996,0.400256483,0.034941764,0.049358974
Milton Keynes 018,E02003476,8783,0.102584538,0.378572242,0.255271755,0.067296743,0.074596774
Milton Keynes 020,E02003478,6839,0.142272262,0.590729639,0.42733945,0.039192746,0.043393057
Milton Keynes 021,E02003479,7679,0.09649694,0.3934106,0.298515019,0.055201146,0.064078702
Milton Keynes 022,E02003480,8152,0.103532875,0.552134446,0.384379316,0.040368098,0.040874317
Milton Keynes 023,E02003481,8376,0.109479465,0.413443171,0.263066477,0.066411849,0.081866667
Milton Keynes 024,E02003482,8744,0.166514181,0.753087832,0.435361489,0.02847667,0.032779906
Milton Keynes 025,E02003483,11215,0.066518056,0.555060187,0.445560748,0.030227374,0.038523794
Milton Keynes 026,E02003484,7152,0.145973154,0.554809843,0.34695303,0.046007551,0.049677766
Milton Keynes 027,E02003485,8265,0.186085904,0.544222626,0.233144779,0.04815487,0.050907258
Milton Keynes 028,E02003486,10189,0.086171361,0.565315536,0.421548387,0.027483314,0.039798307
Milton Keynes 029,E02003487,7392,0.213203463,0.597132035,0.244403299,0.055360043,0.049490539
Milton Keynes 030,E02003488,8467,0.172079839,0.511987717,0.251075827,0.052190341,0.057107843
Milton Keynes 031,E02003489,7642,0.202826485,0.590028788,0.295918367,0.052900354,0.044955567
Milton Keynes 032,E02003490,11201,0.087313633,0.424515668,0.278266254,0.049366185,0.062125024
Brighton and Hove 001,E02003491,7789,0.176145847,0.637950956,0.33891547,0.04762516,0.041397154
Brighton and Hove 002,E02003492,10116,0.075029656,0.516211941,0.174768896,0.048447696,0.060714286
Brighton and Hove 003,E02003493,8060,0.227047146,0.67617866,0.433681977,0.038700074,0.034375808
Brighton and Hove 004,E02003494,6636,0.186558168,0.663351417,0.498877246,0.03689759,0.040012125
Brighton and Hove 005,E02003495,7158,0.171975412,0.622240849,0.254131153,0.051432565,0.045030203
Brighton and Hove 006,E02003496,7751,0.192749323,0.581602374,0.303527882,0.063862727,0.055669499
Brighton and Hove 007,E02003497,7581,0.204194697,0.667062393,0.48971532,0.032041139,0.030609456
Brighton and Hove 008,E02003498,8546,0.117013808,0.504329511,0.290177315,0.080847081,0.07220666
Brighton and Hove 009,E02003499,7843,0.123677164,0.498788729,0.232533252,0.076315454,0.060170046
Brighton and Hove 010,E02003500,8070,0.103965304,0.649442379,0.563463635,0.023664973,0.043488426
Brighton and Hove 011,E02003501,8385,0.149194991,0.640667859,0.581988473,0.028861061,0.045162671
Brighton and Hove 012,E02003502,7781,0.154221822,0.586042925,0.30772916,0.058354756,0.055871702
Brighton and Hove 013,E02003503,9081,0.162316925,0.596630327,0.348872387,0.056718062,0.046585979
Brighton and Hove 014,E02003504,8553,0.113527417,0.64620601,0.571973308,0.037517532,0.044066407
Brighton and Hove 015,E02003505,8967,0.06233969,0.512434482,0.488199679,0.037693766,0.058402585
Brighton and Hove 016,E02003506,7161,0.097193129,0.611506773,0.54442277,0.038112523,0.045710095
Brighton and Hove 017,E02003507,9771,0.216354518,0.628390134,0.301049738,0.064872608,0.048996331
Brighton and Hove 018,E02003508,8709,0.081295212,0.567229303,0.46551265,0.030327398,0.053219927
Brighton and Hove 019,E02003509,8889,0.12239847,0.61997975,0.531464013,0.051968504,0.049508622
Brighton and Hove 020,E02003510,8653,0.150236912,0.66705189,0.584441757,0.04658421,0.044580939
Brighton and Hove 021,E02003511,8642,0.133186762,0.604026846,0.456871345,0.043136348,0.04159292
Brighton and Hove 022,E02003512,8956,0.071013845,0.564202769,0.508758471,0.037409269,0.055033249
Brighton and Hove 023,E02003513,6489,0.190784404,0.63569117,0.482823353,0.058877928,0.048271363
Brighton and Hove 024,E02003514,8467,0.089169718,0.637297744,0.595479345,0.038861328,0.057511521
Brighton and Hove 025,E02003515,9087,0.126774513,0.497413888,0.236275862,0.100781164,0.078311654
Brighton and Hove 026,E02003516,8177,0.108841874,0.641555583,0.576907604,0.039731051,0.060859855
Brighton and Hove 027,E02003517,10738,0.085025144,0.565095921,0.525639729,0.049916186,0.071244635
Brighton and Hove 028,E02003518,7575,0.184818482,0.656237624,0.533254333,0.050435701,0.049206714
Brighton and Hove 029,E02003519,8239,0.084719019,0.600679694,0.572791427,0.043092984,0.066715275
Brighton and Hove 030,E02003520,9173,0.103673825,0.561430285,0.449848024,0.07360157,0.071676803
Brighton and Hove 031,E02003521,8074,0.163859301,0.601808273,0.51978022,0.075875727,0.053790865
Brighton and Hove 032,E02003522,7806,0.164488855,0.574045606,0.489640781,0.057519857,0.06195571
Brighton and Hove 033,E02003523,10156,0.289385585,0.708645136,0.422905983,0.043906281,0.039119282
Portsmouth 001,E02003524,8113,0.13965241,0.522248244,0.171044202,0.069747381,0.063304721
Portsmouth 002,E02003525,6439,0.130299736,0.519645908,0.220223821,0.06863354,0.056187291
Portsmouth 003,E02003526,6836,0.286571094,0.708308953,0.354090354,0.042599912,0.023901809
Portsmouth 004,E02003527,6377,0.183628666,0.602634468,0.27907429,0.0457752,0.044291953
Portsmouth 006,E02003529,8328,0.167026897,0.615994236,0.301792979,0.038544669,0.031838252
Portsmouth 007,E02003530,7863,0.167493323,0.564797151,0.25374323,0.050731087,0.04207609
Portsmouth 008,E02003531,7720,0.191450777,0.640025907,0.263768564,0.033821433,0.033597312
Portsmouth 009,E02003532,7872,0.136686992,0.558307927,0.288103503,0.046251588,0.042846941
Portsmouth 010,E02003533,5784,0.13675657,0.526279391,0.214987983,0.055834054,0.060854701
Portsmouth 011,E02003534,8895,0.131197302,0.557166948,0.265874699,0.040476726,0.041438788
Portsmouth 012,E02003535,9663,0.10265963,0.522922488,0.249132639,0.044081126,0.055986052
Portsmouth 013,E02003536,8010,0.130961298,0.477902622,0.173591723,0.082001997,0.101620527
Portsmouth 014,E02003537,10259,0.163076323,0.598596354,0.274455541,0.045312805,0.037429112
Portsmouth 015,E02003538,10357,0.097422033,0.482668726,0.267291768,0.053119567,0.058858037
Portsmouth 017,E02003540,9434,0.200445198,0.623913504,0.315296566,0.048436672,0.037843784
Portsmouth 018,E02003541,10934,0.10956649,0.430766417,0.253452116,0.065557283,0.097010372
Portsmouth 019,E02003542,8831,0.107688823,0.528479221,0.376079914,0.033412618,0.049422633
Portsmouth 020,E02003543,8787,0.093319677,0.467395015,0.349512036,0.037340619,0.055211419
Portsmouth 021,E02003544,6319,0.114258585,0.568444374,0.392474167,0.043677797,0.041631505
Portsmouth 022,E02003545,6747,0.16881577,0.566770416,0.457513123,0.049199763,0.056297981
Portsmouth 023,E02003546,7928,0.198410696,0.615035318,0.403808957,0.040494512,0.044364508
Portsmouth 024,E02003547,8087,0.228885866,0.592184988,0.46258779,0.047000618,0.055569915
Portsmouth 025,E02003548,6163,0.158526692,0.612526367,0.467747949,0.046715328,0.050030694
Southampton 001,E02003549,8495,0.140906416,0.581636257,0.382098432,0.032611255,0.044352265
Southampton 002,E02003550,7888,0.188007099,0.604716024,0.274827153,0.051477114,0.040051348
Southampton 003,E02003551,6490,0.135285054,0.517719569,0.245245784,0.054878989,0.06229097
Southampton 004,E02003552,6135,0.19592502,0.583048085,0.211374031,0.081336593,0.045315162
Southampton 005,E02003553,7278,0.082440231,0.479664743,0.303367059,0.04315558,0.068925683
Southampton 006,E02003554,6067,0.217570463,0.651063128,0.426876702,0.048434926,0.045652904
Southampton 007,E02003555,8702,0.151574351,0.524706964,0.250145433,0.055268298,0.041127017
Southampton 008,E02003556,5753,0.185294629,0.599860942,0.28506197,0.042079638,0.03707483
Southampton 009,E02003557,6800,0.161029412,0.631029412,0.489593823,0.031631602,0.03915547
Southampton 010,E02003558,7250,0.125655172,0.492413793,0.330374578,0.058482759,0.049135328
Southampton 011,E02003559,7836,0.180576825,0.635528331,0.469143677,0.034425602,0.028945381
Southampton 012,E02003560,7470,0.12476573,0.459170013,0.165778252,0.06695233,0.057834169
Southampton 013,E02003561,7923,0.114981699,0.503723337,0.356320184,0.050239838,0.064034815
Southampton 014,E02003562,8318,0.151238278,0.554460207,0.377448071,0.039201539,0.037461437
Southampton 015,E02003563,8019,0.150268113,0.540591096,0.314397496,0.057862576,0.046354418
Southampton 016,E02003564,8091,0.179335064,0.545420838,0.240006246,0.052065298,0.043682971
Southampton 017,E02003565,6757,0.076069262,0.481574663,0.370132013,0.039206983,0.055517942
Southampton 018,E02003566,6400,0.20265625,0.55640625,0.231802258,0.063573883,0.043706868
Southampton 019,E02003567,8064,0.12859623,0.511904762,0.246842526,0.050353466,0.053978713
Southampton 020,E02003568,8264,0.104307841,0.56231849,0.4831508,0.038833777,0.048734177
Southampton 021,E02003569,7817,0.103108609,0.485224511,0.36741263,0.047978506,0.061112332
Southampton 022,E02003570,11607,0.045317481,0.373998449,0.313234654,0.044620553,0.095377536
Southampton 023,E02003571,8966,0.07539594,0.441110863,0.395532354,0.04316306,0.060483871
Southampton 024,E02003572,6181,0.18006795,0.60815402,0.302502503,0.046933161,0.03649635
Southampton 025,E02003573,7876,0.173946166,0.514347384,0.192083063,0.065278131,0.071448823
Southampton 026,E02003574,7655,0.207838014,0.623252776,0.225411765,0.052088773,0.038353362
Southampton 027,E02003575,6529,0.13999081,0.465461786,0.172147787,0.072073451,0.067590988
Southampton 028,E02003576,8126,0.139059808,0.546148166,0.247754723,0.056977603,0.04303857
Southampton 030,E02003578,6333,0.172588031,0.576819833,0.230651341,0.047168323,0.035756501
Southampton 031,E02003579,9585,0.143453312,0.575482525,0.33015631,0.045383412,0.039678083
Southampton 032,E02003580,6200,0.138709677,0.469032258,0.178837556,0.073213998,0.080148423
Isle of Wight 001,E02003581,7800,0.218589744,0.61525641,0.344667697,0.054102564,0.048793015
Isle of Wight 002,E02003582,8586,0.268227347,0.679012346,0.338455091,0.04845661,0.038363171
Isle of Wight 003,E02003583,7709,0.278116487,0.635750422,0.249883305,0.074328707,0.047217011
Isle of Wight 004,E02003584,6125,0.241469388,0.586122449,0.272693659,0.077023499,0.087047354
Isle of Wight 005,E02003585,6598,0.366777811,0.740982116,0.303931802,0.05759321,0.037093111
Isle of Wight 006,E02003586,7695,0.263807667,0.639896036,0.268204645,0.063710831,0.052776083
Isle of Wight 007,E02003587,8575,0.209212828,0.574110787,0.232890557,0.071378586,0.066131191
Isle of Wight 008,E02003588,9261,0.199870424,0.626390239,0.226308901,0.079961152,0.053316646
Isle of Wight 009,E02003589,7412,0.17714517,0.565029682,0.235675137,0.072459857,0.057998381
Isle of Wight 010,E02003590,7326,0.426016926,0.75006825,0.33230911,0.056632096,0.04784689
Isle of Wight 011,E02003591,9416,0.242459643,0.628292268,0.267698259,0.057667799,0.041246778
Isle of Wight 012,E02003592,9695,0.411139763,0.733470861,0.282796816,0.076962757,0.050140845
Isle of Wight 013,E02003593,5259,0.351207454,0.744057806,0.335194331,0.058387219,0.034637877
Isle of Wight 014,E02003594,9298,0.282856528,0.639169714,0.223561919,0.077626062,0.064597527
Isle of Wight 015,E02003595,8023,0.363828992,0.711205285,0.243535095,0.065320369,0.045227698
Isle of Wight 016,E02003596,8710,0.322043628,0.657749713,0.230809952,0.075651475,0.062659484
Isle of Wight 017,E02003597,5698,0.332046332,0.702527203,0.316471064,0.05877193,0.043550394
Isle of Wight 018,E02003598,7274,0.343002475,0.645724498,0.280909522,0.079186142,0.062478306
Central Bedfordshire 001,E02003599,5745,0.154221062,0.580504787,0.2558293,0.044703427,0.03777403
Central Bedfordshire 002,E02003600,6428,0.211729932,0.613254512,0.268953753,0.044810954,0.033559113
Central Bedfordshire 003,E02003601,8157,0.209022925,0.66617629,0.335980818,0.034085336,0.026918536
Central Bedfordshire 004,E02003602,6562,0.245809205,0.675556233,0.330794342,0.038713611,0.02245827
Central Bedfordshire 005,E02003603,11314,0.164663249,0.589446703,0.314918338,0.040215662,0.037504041
Central Bedfordshire 006,E02003604,11227,0.145987352,0.596686559,0.336680582,0.04141801,0.028566765
Central Bedfordshire 007,E02003605,10294,0.159996114,0.573829415,0.447576775,0.028463182,0.030608053
Central Bedfordshire 008,E02003606,9324,0.20967396,0.685864436,0.371331681,0.037211796,0.032994924
Central Bedfordshire 009,E02003607,11207,0.160613902,0.62237887,0.359206799,0.034713546,0.030595278
Central Bedfordshire 010,E02003608,12183,0.181892801,0.637527703,0.31814961,0.038736151,0.032980333
Central Bedfordshire 011,E02003609,11841,0.158601469,0.653576556,0.347876982,0.031906812,0.027978623
Central Bedfordshire 012,E02003610,8969,0.18207158,0.670531832,0.414349277,0.026192599,0.02813899
Central Bedfordshire 013,E02003611,9891,0.194318067,0.680820948,0.347180262,0.032352644,0.028103044
Central Bedfordshire 014,E02003612,12423,0.161394188,0.632858408,0.369526596,0.030515298,0.030293804
Central Bedfordshire 015,E02003613,5719,0.196013289,0.640846302,0.313476975,0.050052503,0.033254955
Central Bedfordshire 016,E02003614,8139,0.164025065,0.652045706,0.363021929,0.027023707,0.028496274
Central Bedfordshire 017,E02003615,10507,0.202055772,0.67259922,0.378397542,0.032832128,0.026944972
Bedford 001,E02003616,5671,0.256921178,0.719626168,0.420531197,0.035600987,0.02810219
Bedford 002,E02003617,9035,0.245821804,0.686995019,0.411553785,0.039070282,0.032406343
Bedford 003,E02003618,8754,0.214302033,0.640849897,0.35339091,0.040191825,0.026525822
Bedford 004,E02003619,11854,0.202210224,0.644592543,0.360968988,0.037130802,0.032064128
Bedford 005,E02003620,8161,0.251317241,0.62994731,0.356590301,0.044112241,0.049551924
Bedford 006,E02003621,8060,0.270099256,0.675310174,0.353299643,0.041558119,0.03294626
Bedford 007,E02003622,9209,0.168096427,0.506026713,0.261360507,0.061556834,0.055900621
Bedford 008,E02003623,12826,0.164821456,0.595509122,0.470839119,0.025179295,0.031422189
Bedford 009,E02003624,5933,0.188943199,0.56362717,0.38848209,0.04666442,0.045918367
Bedford 010,E02003625,8870,0.171251409,0.514656144,0.366385001,0.065501691,0.069493783
Bedford 011,E02003626,5609,0.161526119,0.55785345,0.365556281,0.035128388,0.037260826
Bedford 012,E02003627,10651,0.133414703,0.496291428,0.423650847,0.047243355,0.067008547
Bedford 013,E02003628,9780,0.085276074,0.315235174,0.266890474,0.048266694,0.070432522
Bedford 014,E02003629,10686,0.126427101,0.424293468,0.261104442,0.060183452,0.057301648
Bedford 015,E02003630,11370,0.089094107,0.37994723,0.297145426,0.054348782,0.064182195
Bedford 016,E02003631,5508,0.190087146,0.544480755,0.275438596,0.054294534,0.054650742
Bedford 017,E02003632,6209,0.158479626,0.508294411,0.27541442,0.041404865,0.043276662
Bedford 018,E02003633,10562,0.138420754,0.498295777,0.285023571,0.039102443,0.043666546
Bedford 020,E02003635,10344,0.129543697,0.576179428,0.347585319,0.034506089,0.029953488
Central Bedfordshire 018,E02003636,7284,0.194261395,0.624931356,0.322463168,0.034056578,0.029066667
Central Bedfordshire 019,E02003637,10700,0.209252336,0.694953271,0.346114693,0.037767598,0.030068577
Central Bedfordshire 020,E02003638,7687,0.231429686,0.670612723,0.304965671,0.036290323,0.041294056
Central Bedfordshire 021,E02003639,9584,0.169762104,0.588376461,0.318052318,0.049984347,0.040926333
Central Bedfordshire 022,E02003640,6046,0.22858088,0.67019517,0.404719413,0.035070306,0.03192848
Central Bedfordshire 023,E02003641,5361,0.207050923,0.679723932,0.39266055,0.032468744,0.02394775
Central Bedfordshire 025,E02003642,9606,0.10712055,0.43243806,0.251202419,0.049542048,0.057296137
Central Bedfordshire 024,E02003643,13725,0.114098361,0.567941712,0.330031734,0.032714026,0.030294942
Central Bedfordshire 026,E02003644,10057,0.143283285,0.541215074,0.268452156,0.046728972,0.044215742
Central Bedfordshire 027,E02003645,6982,0.190776282,0.545259238,0.272807018,0.033796363,0.037489586
Central Bedfordshire 028,E02003646,10666,0.148696794,0.508531783,0.288880858,0.044248617,0.04130555
Central Bedfordshire 029,E02003647,10506,0.162478584,0.52389111,0.307862809,0.046544832,0.041078984
Central Bedfordshire 030,E02003648,5522,0.151394422,0.500362188,0.261811477,0.053975729,0.055018587
Central Bedfordshire 031,E02003649,6607,0.227334645,0.631905555,0.298631124,0.033303058,0.032647059
Central Bedfordshire 032,E02003650,6997,0.280120051,0.678147778,0.333108222,0.0485992,0.036155469
Central Bedfordshire 033,E02003651,6992,0.248283753,0.652889016,0.29742268,0.045051487,0.025896414
Buckinghamshire 001,E02003652,10556,0.164740432,0.638499432,0.411378556,0.022165388,0.031708284
Buckinghamshire 002,E02003653,6755,0.20296077,0.650777202,0.387283237,0.035984007,0.032033847
Buckinghamshire 003,E02003654,5789,0.23959233,0.711521852,0.408269271,0.032146561,0.028629857
Buckinghamshire 004,E02003655,10360,0.200579151,0.682818533,0.376429933,0.030689056,0.025535881
Buckinghamshire 005,E02003656,6638,0.228833986,0.688611027,0.391715116,0.035090361,0.029024536
Buckinghamshire 006,E02003657,7468,0.213310123,0.686529191,0.41749503,0.033074451,0.028124171
Buckinghamshire 007,E02003658,10010,0.189110889,0.675524476,0.39192399,0.031468531,0.029252228
Buckinghamshire 009,E02003659,9788,0.163465468,0.618103801,0.402088773,0.0272783,0.031243781
Buckinghamshire 008,E02003660,10801,0.20266642,0.692806222,0.419542857,0.030642474,0.030654816
Buckinghamshire 010,E02003661,5888,0.192934783,0.668308424,0.396583282,0.032422339,0.032829941
Buckinghamshire 012,E02003662,6215,0.139018504,0.537570394,0.314274448,0.039748954,0.040083757
Buckinghamshire 011,E02003663,14109,0.062513289,0.467573889,0.371806254,0.025446555,0.038922954
Buckinghamshire 013,E02003664,8122,0.110317656,0.453090372,0.311568373,0.041871921,0.048
Buckinghamshire 014,E02003665,6185,0.139369442,0.557477769,0.311286408,0.032503234,0.038940313
Buckinghamshire 015,E02003666,7598,0.130297447,0.483021848,0.358645047,0.046196367,0.043676506
Buckinghamshire 016,E02003667,9389,0.11076792,0.527212696,0.333956469,0.030774145,0.029752066
Buckinghamshire 018,E02003668,8769,0.236971148,0.665184172,0.360399662,0.031478102,0.030080531
Buckinghamshire 017,E02003669,7416,0.108144552,0.421655879,0.241495393,0.048274002,0.053835425
Buckinghamshire 019,E02003670,9163,0.160536942,0.599694423,0.355522549,0.03209607,0.035885167
Buckinghamshire 020,E02003671,5962,0.115900704,0.519959745,0.273017903,0.041408215,0.045382418
Buckinghamshire 021,E02003672,12458,0.212393643,0.702841548,0.412611172,0.034753993,0.028778135
Buckinghamshire 022,E02003673,9448,0.245977985,0.748412362,0.455914816,0.032490211,0.029493482
Buckinghamshire 023,E02003674,5558,0.248470673,0.738575027,0.475271679,0.027717783,0.030025632
Buckinghamshire 024,E02003675,9654,0.187590636,0.623679304,0.42512139,0.029835284,0.032308596
Buckinghamshire 029,E02003676,8148,0.253559156,0.728645066,0.470177004,0.030816452,0.032340862
Buckinghamshire 027,E02003677,10409,0.163128062,0.579978864,0.355064457,0.040930054,0.046089385
Buckinghamshire 028,E02003678,5816,0.190165062,0.665405777,0.43502462,0.028699089,0.038279133
Buckinghamshire 030,E02003679,6868,0.17239371,0.613278975,0.395833333,0.042376584,0.047289823
Buckinghamshire 031,E02003680,9824,0.251017915,0.713558632,0.463849414,0.027888041,0.032528856
Buckinghamshire 032,E02003681,10562,0.21160765,0.682541185,0.572496984,0.03142749,0.030532787
Buckinghamshire 034,E02003682,7574,0.197781885,0.693028783,0.52826123,0.025221181,0.03497239
Buckinghamshire 035,E02003683,7167,0.190037673,0.652155714,0.542360738,0.028467764,0.036331149
Buckinghamshire 047,E02003685,8004,0.224762619,0.705147426,0.493844476,0.026729953,0.03019958
Buckinghamshire 050,E02003686,7563,0.242760809,0.724315748,0.468346253,0.036762761,0.032948929
Buckinghamshire 054,E02003687,5817,0.205776173,0.664088018,0.488544621,0.035751117,0.031650071
Buckinghamshire 053,E02003688,12234,0.203040706,0.670753637,0.542777433,0.033180778,0.0372433
Buckinghamshire 058,E02003689,9261,0.216715258,0.657920311,0.557772125,0.024084674,0.038426349
Buckinghamshire 059,E02003690,7478,0.225996256,0.594543996,0.374698989,0.046160021,0.036
Buckinghamshire 063,E02003691,7293,0.218291512,0.641025641,0.467822207,0.035929786,0.03990878
Buckinghamshire 064,E02003692,8890,0.218335208,0.61912261,0.402639815,0.036782902,0.044618834
Buckinghamshire 065,E02003693,7217,0.24442289,0.676735486,0.463015059,0.026603852,0.037878788
Buckinghamshire 066,E02003694,8442,0.179459844,0.588486141,0.349904116,0.042160114,0.050673362
Buckinghamshire 067,E02003695,10806,0.179252267,0.59170831,0.375085015,0.040436754,0.04505285
Buckinghamshire 026,E02003696,8549,0.279213943,0.712130074,0.410736754,0.042705043,0.036806764
Buckinghamshire 025,E02003697,6310,0.231537242,0.717115689,0.471129868,0.029957204,0.027952261
Buckinghamshire 033,E02003698,8274,0.254169688,0.72467972,0.424505129,0.022009917,0.025071633
Buckinghamshire 037,E02003699,5853,0.218520417,0.631812746,0.333402662,0.035366479,0.038982491
Buckinghamshire 038,E02003701,12302,0.163713217,0.535278816,0.36270977,0.035278816,0.047693105
Buckinghamshire 040,E02003702,8189,0.2079619,0.802173648,0.475586649,0.024792379,0.026129318
Buckinghamshire 041,E02003703,8965,0.123257111,0.501617401,0.468587491,0.031232571,0.046979866
Buckinghamshire 045,E02003704,5808,0.214015152,0.688016529,0.433134583,0.025813113,0.030365063
Buckinghamshire 042,E02003705,7105,0.101759324,0.414778325,0.35992042,0.037850007,0.065998329
Buckinghamshire 043,E02003706,6766,0.135234999,0.47029264,0.346499438,0.038711584,0.04964539
Buckinghamshire 044,E02003707,6751,0.102947711,0.448822397,0.35486909,0.031555556,0.050626021
Buckinghamshire 046,E02003708,9777,0.079983635,0.332310525,0.256925946,0.045928805,0.076738609
Buckinghamshire 048,E02003709,5756,0.11952745,0.442494788,0.304328018,0.042361111,0.058471293
Buckinghamshire 049,E02003710,12919,0.103878009,0.469231365,0.43388922,0.030417957,0.051982516
Buckinghamshire 051,E02003711,9744,0.1227422,0.521859606,0.406504065,0.033856571,0.039876184
Buckinghamshire 052,E02003712,8135,0.212784266,0.592993239,0.31745791,0.055316533,0.04691859
Buckinghamshire 055,E02003713,5901,0.248940857,0.6710727,0.360635186,0.029984754,0.037742631
Buckinghamshire 056,E02003714,6750,0.18237037,0.607703704,0.363302752,0.030074074,0.041137493
Buckinghamshire 057,E02003715,6576,0.241636253,0.677615572,0.503483336,0.020687557,0.028930818
Buckinghamshire 060,E02003716,5931,0.244478166,0.656044512,0.410058812,0.035413153,0.038149899
Buckinghamshire 062,E02003717,9112,0.246158911,0.674824407,0.475151016,0.02952475,0.03545603
Buckinghamshire 061,E02003718,5665,0.206531333,0.658252427,0.446941046,0.030024726,0.034581105
Cambridge 001,E02003719,10314,0.120321893,0.497866977,0.421419294,0.054009503,0.045311407
Cambridge 002,E02003720,9720,0.13755144,0.574485597,0.521165683,0.03817658,0.049690722
Cambridge 003,E02003721,9717,0.15045796,0.592569723,0.503582016,0.048373816,0.045685279
Cambridge 004,E02003722,8484,0.175624705,0.687529467,0.702346645,0.02546269,0.033435988
Cambridge 005,E02003723,12981,0.073569062,0.627686619,0.507414464,0.013558277,0.031605212
Cambridge 006,E02003724,10339,0.110358835,0.569397427,0.471234799,0.050295,0.038440214
Cambridge 007,E02003725,16248,0.086410635,0.669313146,0.513066948,0.018528778,0.029288703
Cambridge 008,E02003726,8230,0.110085055,0.643013366,0.695306066,0.024665857,0.034912109
Cambridge 009,E02003727,10189,0.089213858,0.600942193,0.630224719,0.027676906,0.028688525
Cambridge 010,E02003728,10822,0.112363704,0.540380706,0.563395225,0.03696516,0.030384422
Cambridge 011,E02003729,9342,0.15532006,0.631556412,0.50682183,0.040137001,0.030652129
Cambridge 013,E02003731,11926,0.127620325,0.561462351,0.60624273,0.031608954,0.031571082
East Cambridgeshire 001,E02003732,9910,0.174369324,0.651967709,0.261598588,0.050454087,0.032035296
East Cambridgeshire 002,E02003733,8475,0.218879056,0.721769912,0.314524255,0.041440378,0.023722628
East Cambridgeshire 003,E02003734,11962,0.194365491,0.720364488,0.418952361,0.036111343,0.040505509
East Cambridgeshire 004,E02003735,8615,0.198374927,0.684968079,0.46268234,0.039823523,0.028716589
East Cambridgeshire 005,E02003736,10279,0.227162175,0.753575251,0.332028934,0.04348672,0.029355334
East Cambridgeshire 006,E02003737,13242,0.174520465,0.635629059,0.279100655,0.043648996,0.028012005
East Cambridgeshire 007,E02003738,6399,0.214877325,0.756211908,0.325259516,0.036099391,0.021745696
East Cambridgeshire 008,E02003739,6408,0.229244694,0.720037453,0.365413819,0.038239426,0.028121137
East Cambridgeshire 009,E02003740,6279,0.253543558,0.71364867,0.425663888,0.046974522,0.027695351
Fenland 001,E02003742,6811,0.295551314,0.687711056,0.190640649,0.070652174,0.035594359
Fenland 002,E02003743,11079,0.179167795,0.477028613,0.151447162,0.069952162,0.055014327
Fenland 003,E02003744,13716,0.204505687,0.528798484,0.169353426,0.068829748,0.051932547
Fenland 004,E02003745,10359,0.243073656,0.655082537,0.18829664,0.068429688,0.041499895
Fenland 005,E02003746,7813,0.201843082,0.609880968,0.189759503,0.060268714,0.049022308
Fenland 006,E02003747,12681,0.230029178,0.661383172,0.20561464,0.053706625,0.040768976
Fenland 007,E02003748,7654,0.257381761,0.618238829,0.18145863,0.076651867,0.042440318
Fenland 008,E02003749,6120,0.224673203,0.700163399,0.199843567,0.051763553,0.031606386
Fenland 009,E02003750,7486,0.282928133,0.677664975,0.196578489,0.067174145,0.041629497
Fenland 010,E02003751,7541,0.246386421,0.705476727,0.209514656,0.053699284,0.030996928
Fenland 011,E02003752,11186,0.202574647,0.611299839,0.222934086,0.059259921,0.030955346
Huntingdonshire 001,E02003753,11200,0.188928571,0.646964286,0.249722407,0.046789892,0.036437247
Huntingdonshire 002,E02003754,5660,0.237102473,0.734452297,0.355008418,0.040628864,0.027349229
Huntingdonshire 003,E02003755,8593,0.211567555,0.671942279,0.253566888,0.053280596,0.030991736
Huntingdonshire 004,E02003756,7086,0.212672876,0.700818515,0.300255319,0.039802399,0.034686744
Huntingdonshire 005,E02003757,6951,0.22270177,0.684937419,0.30502539,0.04576198,0.025678015
Huntingdonshire 006,E02003758,9682,0.203780211,0.714934931,0.341062923,0.037802107,0.029733959
Huntingdonshire 007,E02003759,5890,0.254499151,0.742105263,0.373041382,0.033763149,0.027260638
Huntingdonshire 008,E02003760,9059,0.102770725,0.466166244,0.213164338,0.052666446,0.047505423
Huntingdonshire 009,E02003761,5974,0.254938065,0.674924674,0.308133782,0.051397957,0.025110282
Huntingdonshire 010,E02003762,11551,0.182927885,0.692753874,0.379570834,0.041479044,0.029945243
Huntingdonshire 011,E02003763,9599,0.189915616,0.651213668,0.31506154,0.035822139,0.031811085
Huntingdonshire 012,E02003764,10400,0.127980769,0.595576923,0.396827262,0.039234542,0.035254804
Huntingdonshire 013,E02003765,7221,0.240132946,0.664173937,0.372600927,0.049175786,0.035313901
Huntingdonshire 014,E02003766,7888,0.166201826,0.663159229,0.387440382,0.035370183,0.032335329
Huntingdonshire 015,E02003767,6378,0.233929131,0.757917843,0.437754724,0.035142767,0.022804314
Huntingdonshire 016,E02003768,10041,0.265013445,0.72691963,0.412944284,0.033967527,0.02249742
Huntingdonshire 017,E02003769,7457,0.259085423,0.751374547,0.350779682,0.052539874,0.033291457
Huntingdonshire 018,E02003770,10935,0.162688615,0.657613169,0.413282822,0.031550069,0.030117223
Huntingdonshire 019,E02003771,6283,0.204360974,0.676269298,0.324763705,0.046467218,0.037596302
Huntingdonshire 020,E02003772,6718,0.262131587,0.708841917,0.327586207,0.035294118,0.030077427
Huntingdonshire 021,E02003773,10541,0.164500522,0.629636657,0.273641618,0.045057864,0.0385613
Huntingdonshire 022,E02003774,5728,0.23271648,0.654155028,0.255260943,0.056389665,0.032729805
South Cambridgeshire 001,E02003775,7237,0.203951914,0.710653586,0.415242652,0.037016575,0.028586839
South Cambridgeshire 002,E02003776,6778,0.224254942,0.71171437,0.429648241,0.039828883,0.018686131
South Cambridgeshire 003,E02003777,9937,0.141692664,0.671731911,0.492158134,0.02898259,0.028775625
South Cambridgeshire 004,E02003778,6525,0.179003831,0.661609195,0.463663891,0.034012563,0.023479491
South Cambridgeshire 006,E02003780,11427,0.179399667,0.673667629,0.513750541,0.036489324,0.033243788
South Cambridgeshire 007,E02003781,6093,0.180206795,0.738224192,0.527258567,0.029711097,0.028370869
South Cambridgeshire 010,E02003784,8891,0.211674727,0.731413789,0.498554714,0.032392307,0.028072502
South Cambridgeshire 011,E02003785,8947,0.188666592,0.657762378,0.511720905,0.031724754,0.034893617
South Cambridgeshire 012,E02003786,6532,0.250306185,0.720912431,0.602795899,0.036572303,0.026423404
South Cambridgeshire 013,E02003787,7657,0.263288494,0.7142484,0.379669031,0.044380629,0.048748353
South Cambridgeshire 014,E02003788,8121,0.198005172,0.697451053,0.572847168,0.028937323,0.026411437
South Cambridgeshire 015,E02003789,7268,0.225233902,0.704320308,0.397573894,0.046479648,0.035704165
South Cambridgeshire 016,E02003790,9306,0.251665592,0.76230389,0.433074935,0.03557992,0.024184841
South Cambridgeshire 017,E02003791,8268,0.211780358,0.709845186,0.479550562,0.034712143,0.022604191
South Cambridgeshire 018,E02003792,9874,0.231820944,0.734454122,0.428767294,0.037978529,0.024056408
South Cambridgeshire 019,E02003793,7239,0.205276972,0.675093245,0.38743188,0.038679376,0.021035151
Cheshire West and Chester 022,E02003794,8657,0.23287513,0.669862539,0.37006993,0.048498845,0.028605769
Cheshire West and Chester 025,E02003795,6358,0.246146587,0.67002202,0.382462687,0.045418828,0.02956636
Cheshire West and Chester 027,E02003796,7305,0.245722108,0.672963723,0.361004184,0.060071155,0.042640556
Cheshire West and Chester 028,E02003797,10000,0.2072,0.6809,0.490826238,0.0319968,0.040279163
Cheshire West and Chester 029,E02003798,6242,0.159083627,0.514098045,0.191002045,0.086336697,0.070213536
Cheshire West and Chester 031,E02003799,7341,0.177496254,0.527721019,0.195449845,0.078735867,0.068091603
Cheshire West and Chester 030,E02003800,7124,0.270915216,0.718837732,0.464358799,0.034095692,0.029296285
Cheshire West and Chester 032,E02003801,7116,0.209527825,0.674817313,0.409878683,0.048334973,0.031003217
Cheshire West and Chester 033,E02003802,8568,0.168300654,0.603291317,0.45083014,0.060807656,0.044386986
Cheshire West and Chester 034,E02003803,10243,0.119691497,0.487650103,0.404872991,0.035627135,0.053600945
Cheshire West and Chester 036,E02003804,6916,0.177848467,0.637651822,0.46818417,0.046565437,0.044680851
Cheshire West and Chester 039,E02003805,6346,0.271824772,0.735739048,0.496664761,0.030905077,0.028373702
Cheshire West and Chester 041,E02003806,8302,0.193567815,0.663334136,0.479131631,0.033859501,0.027487229
Cheshire West and Chester 043,E02003807,8818,0.268428215,0.668632343,0.515761589,0.042309437,0.045857613
Cheshire West and Chester 044,E02003808,6516,0.14732965,0.548342541,0.330298334,0.065664314,0.054574132
Cheshire West and Chester 046,E02003809,8186,0.267896409,0.737478622,0.43847487,0.042618146,0.026143791
Cheshire West and Chester 047,E02003810,9774,0.248004911,0.69490485,0.402230483,0.042357274,0.028183937
Cheshire East 022,E02003811,7608,0.256572029,0.701235542,0.442748092,0.032728707,0.023919543
Cheshire East 023,E02003812,6667,0.273436328,0.709314534,0.447701044,0.044984256,0.02543235
Cheshire East 024,E02003813,6047,0.265751612,0.725814453,0.291061879,0.05787037,0.041414141
Cheshire East 025,E02003814,8375,0.14841791,0.638447761,0.311446053,0.044168557,0.032374101
Cheshire East 026,E02003815,7588,0.188587243,0.588033737,0.273001508,0.061668204,0.041798789
Cheshire East 027,E02003816,7515,0.225681969,0.687691284,0.332808068,0.059073976,0.034977813
Cheshire East 028,E02003817,7682,0.27245509,0.736136423,0.354215365,0.046868897,0.025542433
Cheshire East 029,E02003818,5699,0.295314968,0.764344622,0.419593346,0.036159382,0.022670025
Cheshire East 030,E02003819,6561,0.286541686,0.783874409,0.377646215,0.049033044,0.026671057
Cheshire East 031,E02003820,9769,0.140341898,0.669566998,0.398167269,0.034599243,0.026910858
Cheshire East 032,E02003821,5584,0.268803725,0.749641834,0.347780349,0.061896243,0.03379647
Cheshire East 033,E02003822,11541,0.262628888,0.742916558,0.345154387,0.049129192,0.024765611
Cheshire East 040,E02003823,6878,0.293980808,0.73873219,0.364129484,0.055959302,0.036258895
Cheshire East 042,E02003824,6507,0.218072845,0.718457046,0.418542541,0.041961267,0.023540793
Cheshire East 034,E02003825,6333,0.133743881,0.638402021,0.289316651,0.033022594,0.030956329
Cheshire East 035,E02003826,8853,0.141985768,0.519710832,0.206696623,0.074680827,0.060122123
Cheshire East 036,E02003827,9492,0.146965866,0.477454699,0.204135737,0.066055626,0.064971751
Cheshire East 037,E02003828,6562,0.149192319,0.494361475,0.213945173,0.064644001,0.048717116
Cheshire East 038,E02003829,5569,0.278506015,0.681091758,0.280155642,0.055685288,0.034521158
Cheshire East 039,E02003830,7979,0.123574383,0.464845219,0.228629473,0.062915152,0.066290204
Cheshire East 041,E02003831,10147,0.230117276,0.718438947,0.361130742,0.041970443,0.026627219
Cheshire East 043,E02003832,6585,0.103264996,0.40501139,0.221289027,0.045703006,0.061671626
Cheshire East 044,E02003833,6354,0.180988354,0.638180674,0.26326053,0.052863436,0.031289911
Cheshire East 045,E02003834,7070,0.117114569,0.467892504,0.241529864,0.045004246,0.044740973
Cheshire East 046,E02003835,8315,0.294527962,0.769452796,0.390102918,0.038614219,0.022096608
Cheshire East 047,E02003836,6970,0.306169297,0.692252511,0.348602613,0.065317255,0.041745135
Cheshire East 048,E02003838,8224,0.212183852,0.688837549,0.352457792,0.040865969,0.02643706
Cheshire East 050,E02003839,7085,0.286238532,0.696683133,0.357920792,0.054630152,0.037723986
Cheshire East 051,E02003840,10835,0.290170743,0.774342409,0.41391663,0.04014767,0.024753472
Cheshire West and Chester 001,E02003841,7911,0.290987233,0.711793705,0.395942115,0.05625079,0.052444444
Cheshire West and Chester 004,E02003842,5627,0.323973698,0.785853919,0.474628713,0.040177778,0.024449878
Cheshire West and Chester 005,E02003843,6435,0.222688423,0.613209013,0.242396142,0.075512741,0.055646481
Cheshire West and Chester 006,E02003844,6636,0.293851718,0.722724533,0.36587511,0.051401869,0.027121001
Cheshire West and Chester 007,E02003845,11020,0.112522686,0.458711434,0.235932987,0.074430426,0.059378972
Cheshire West and Chester 008,E02003846,6871,0.14597584,0.509241741,0.193141134,0.083418256,0.062340967
Cheshire West and Chester 009,E02003847,9812,0.206685691,0.736750917,0.36590964,0.032728385,0.026604069
Cheshire West and Chester 010,E02003848,5300,0.169433962,0.553962264,0.198870322,0.081366811,0.044776119
Cheshire West and Chester 011,E02003849,8555,0.12565751,0.462653419,0.203340926,0.084832905,0.058520237
Cheshire West and Chester 013,E02003850,5092,0.239002357,0.659662215,0.249353702,0.056777996,0.038557214
Cheshire West and Chester 014,E02003851,5801,0.227546975,0.692294432,0.313616759,0.045015523,0.028070175
Cheshire West and Chester 016,E02003852,6478,0.251312133,0.710250077,0.292425346,0.04399506,0.030944111
Cheshire East 001,E02003853,6146,0.256589652,0.731369997,0.445609946,0.040358015,0.02910399
Cheshire East 002,E02003854,6434,0.270438297,0.746658377,0.434410646,0.038240323,0.027485579
Cheshire East 003,E02003855,6427,0.334992998,0.786992376,0.446398815,0.046656299,0.025668449
Cheshire East 004,E02003856,11452,0.182151589,0.60653161,0.395431527,0.052824587,0.046270718
Cheshire East 005,E02003857,6780,0.1820059,0.630825959,0.479676292,0.032886005,0.036908881
Cheshire East 006,E02003858,6865,0.25418791,0.731828114,0.573941822,0.02972461,0.032866707
Cheshire East 007,E02003859,12549,0.25731134,0.686508885,0.42137826,0.055555556,0.026212095
Cheshire East 008,E02003860,7295,0.222206991,0.695819054,0.53909393,0.024835346,0.026708788
Cheshire East 009,E02003861,6426,0.22875817,0.645813881,0.413646877,0.05679166,0.045303131
Cheshire East 011,E02003862,5270,0.334535104,0.750664137,0.501778568,0.041769508,0.028507795
Cheshire East 010,E02003863,6831,0.263065437,0.725808813,0.541509772,0.025915081,0.02499199
Cheshire East 012,E02003864,8584,0.2861137,0.705615098,0.490193408,0.04627579,0.027812895
Cheshire East 013,E02003865,7942,0.231301939,0.712792747,0.438441637,0.036253776,0.026614096
Cheshire East 014,E02003866,6251,0.242041273,0.726763718,0.474618799,0.02718695,0.02953725
Cheshire East 015,E02003867,7664,0.199504175,0.647312109,0.401102464,0.043824182,0.034233752
Cheshire East 016,E02003868,8421,0.200451253,0.62237264,0.348927595,0.058187864,0.047429907
Cheshire East 017,E02003869,7326,0.242697243,0.716079716,0.421420445,0.046143345,0.03579235
Cheshire East 018,E02003870,10422,0.162444828,0.625791595,0.400693745,0.045384763,0.048220436
Cheshire East 019,E02003871,6866,0.221963297,0.614331488,0.259113653,0.069191551,0.044154229
Cheshire East 020,E02003872,10188,0.286219081,0.737436199,0.436922023,0.037091551,0.021814475
Cheshire East 021,E02003873,6207,0.15965845,0.573062671,0.287089014,0.072141707,0.051851852
Cheshire West and Chester 002,E02003874,9182,0.260182967,0.705292964,0.419888065,0.050441225,0.031566549
Cheshire West and Chester 003,E02003875,6449,0.293844007,0.732981858,0.423588637,0.044361719,0.024429967
Cheshire West and Chester 012,E02003876,5699,0.210563257,0.614493771,0.282580365,0.047552202,0.033941606
Cheshire West and Chester 015,E02003877,9593,0.277077035,0.745856354,0.440586797,0.039050297,0.030013049
Cheshire West and Chester 017,E02003878,9261,0.251376741,0.683943419,0.322726685,0.048806824,0.030672178
Cheshire West and Chester 018,E02003879,9162,0.123881249,0.582623881,0.32293228,0.044992902,0.035029998
Cheshire West and Chester 019,E02003880,6581,0.234310895,0.645798511,0.287666174,0.06122759,0.041666667
Cheshire West and Chester 020,E02003881,5847,0.172567128,0.617068582,0.287377833,0.056458512,0.037293729
Cheshire West and Chester 021,E02003882,9473,0.179668532,0.619550301,0.235799896,0.073780874,0.036053541
Cheshire West and Chester 023,E02003883,11195,0.207146047,0.720589549,0.47723586,0.026534441,0.036052115
Cheshire West and Chester 024,E02003884,8926,0.268093211,0.715438046,0.483430272,0.038306452,0.027872861
Cheshire West and Chester 026,E02003885,6451,0.234692296,0.676639281,0.3959782,0.04372771,0.027830487
Cheshire West and Chester 035,E02003886,6559,0.159018143,0.592315902,0.196908987,0.059002897,0.045173267
Cheshire West and Chester 037,E02003887,6930,0.173448773,0.628571429,0.290986515,0.052236652,0.03807947
Cheshire West and Chester 038,E02003888,6487,0.170032372,0.5924156,0.191923004,0.086943117,0.04822335
Cheshire West and Chester 040,E02003889,6519,0.157079307,0.532750422,0.219344395,0.075199509,0.052459016
Cheshire West and Chester 042,E02003890,7060,0.171246459,0.611048159,0.245861219,0.060232426,0.036103152
Cheshire West and Chester 045,E02003891,6430,0.284914463,0.751166407,0.434693497,0.03605844,0.028975741
Cornwall 010,E02003892,6656,0.305438702,0.724609375,0.347538702,0.058796992,0.035990582
Cornwall 012,E02003893,6606,0.293521041,0.732364517,0.335497456,0.057372086,0.032716457
Cornwall 013,E02003894,8269,0.262304995,0.684605152,0.259306804,0.070391872,0.038117771
Cornwall 016,E02003895,9518,0.224101702,0.652342929,0.267744021,0.065461805,0.03551104
Cornwall 017,E02003896,5940,0.258417508,0.63013468,0.26520779,0.088492598,0.056365786
Cornwall 022,E02003897,5385,0.263881151,0.708449396,0.343260534,0.044745637,0.014785992
Cornwall 023,E02003898,6723,0.307005801,0.718578016,0.404090753,0.051911349,0.031373844
Cornwall 025,E02003899,5279,0.289827619,0.69085054,0.240437158,0.076879379,0.04187303
Cornwall 026,E02003900,7095,0.254827343,0.681465821,0.316823228,0.053707358,0.030424093
Cornwall 028,E02003901,8283,0.328504165,0.721719184,0.284677644,0.074825006,0.040369089
Cornwall 029,E02003902,5284,0.24659349,0.65329296,0.251643618,0.074621212,0.038540385
Cornwall 034,E02003903,6193,0.298078476,0.752785403,0.343508574,0.062177003,0.037144938
Cornwall 037,E02003904,5009,0.358754242,0.760830505,0.300668151,0.065521374,0.04720037
Cornwall 032,E02003905,7157,0.205672768,0.657957245,0.337508579,0.046794245,0.028498148
Cornwall 033,E02003906,6403,0.252225519,0.682961112,0.355119003,0.055607623,0.03537415
Cornwall 040,E02003907,8466,0.239073943,0.697141507,0.428096546,0.050419176,0.031658291
Cornwall 042,E02003908,8460,0.225650118,0.638416076,0.366939538,0.054622842,0.039555326
Cornwall 043,E02003909,10738,0.216707022,0.655149935,0.351167207,0.056999162,0.036113837
Cornwall 044,E02003910,6967,0.231089422,0.656810679,0.435822936,0.056560436,0.040377247
Cornwall 047,E02003911,9114,0.291639236,0.738095238,0.405356214,0.045075674,0.01954478
Cornwall 048,E02003912,8181,0.301674612,0.726806014,0.366183163,0.054182975,0.022507197
Cornwall 056,E02003913,5938,0.336813742,0.722633883,0.434714621,0.055069047,0.027470275
Cornwall 060,E02003914,8476,0.156323738,0.574209533,0.339097952,0.050023596,0.053365514
Cornwall 062,E02003915,8286,0.171614772,0.541998552,0.311763891,0.072169925,0.062867761
Cornwall 063,E02003916,7062,0.232370433,0.620362504,0.424934424,0.040905874,0.052368117
Cornwall 064,E02003917,8349,0.228650138,0.664750269,0.363000728,0.046004553,0.035696455
Cornwall 045,E02003918,7213,0.260363233,0.668515181,0.30742517,0.063071805,0.033242672
Cornwall 046,E02003919,7371,0.199158866,0.58675892,0.251121076,0.078561737,0.046131805
Cornwall 049,E02003920,8256,0.207243217,0.59496124,0.296976882,0.059079903,0.033292534
Cornwall 050,E02003921,6285,0.250119332,0.653301512,0.296655264,0.061724467,0.028897849
Cornwall 051,E02003922,9037,0.191213898,0.56799823,0.247558795,0.062859672,0.045262664
Cornwall 052,E02003923,9525,0.171338583,0.517900262,0.232301767,0.070424013,0.04547491
Cornwall 053,E02003924,7367,0.278946654,0.629021311,0.233542572,0.092994841,0.04041721
Cornwall 055,E02003925,7272,0.223184818,0.57659516,0.232716154,0.071507151,0.044479495
Cornwall 059,E02003926,8332,0.234637542,0.671267403,0.346070967,0.047401896,0.028185979
Cornwall 066,E02003927,10742,0.26010054,0.700428226,0.354252774,0.044587173,0.032065087
Cornwall 071,E02003928,12173,0.206111887,0.608149183,0.30766849,0.049211305,0.037317283
Cornwall 072,E02003929,6902,0.310055057,0.691828456,0.335416315,0.058815008,0.03522765
Cornwall 073,E02003930,8906,0.310577139,0.809229733,0.316413975,0.062436833,0.03909735
Cornwall 001,E02003931,10591,0.288924559,0.66235483,0.275363967,0.06398641,0.053191489
Cornwall 002,E02003932,7504,0.279984009,0.686966951,0.273473989,0.049433711,0.030792227
Cornwall 003,E02003933,7000,0.301428571,0.669857143,0.29165973,0.062116236,0.041392286
Cornwall 004,E02003934,7199,0.274065842,0.625781359,0.280725319,0.061527778,0.04964319
Cornwall 005,E02003935,10248,0.202478532,0.590359094,0.245058809,0.068703035,0.03666808
Cornwall 006,E02003936,8332,0.310489678,0.749399904,0.311255531,0.057389843,0.028488525
Cornwall 007,E02003937,5270,0.307779886,0.681593928,0.338399642,0.055176337,0.029657477
Cornwall 008,E02003938,6777,0.248044858,0.635384388,0.294159799,0.059031877,0.033259424
Cornwall 009,E02003939,6809,0.289029226,0.689822294,0.315120933,0.053303965,0.035586027
Cornwall 011,E02003940,6374,0.300909947,0.704267336,0.30664488,0.054579674,0.032978015
Cornwall 014,E02003941,8921,0.206030714,0.592534469,0.243855554,0.05963457,0.037677725
Cornwall 015,E02003942,7983,0.189778279,0.587373168,0.208241585,0.07513148,0.05644715
Cornwall 054,E02003943,6883,0.290716257,0.649716693,0.317535545,0.073358512,0.048643283
Cornwall 057,E02003944,10297,0.25133534,0.641934544,0.270203795,0.065164611,0.050788848
Cornwall 058,E02003945,5902,0.328363267,0.723991867,0.326234269,0.057806408,0.039277298
Cornwall 061,E02003946,9469,0.27120076,0.669342064,0.317794996,0.068433837,0.036150235
Cornwall 065,E02003947,6532,0.305266381,0.673147581,0.351052444,0.072117593,0.02970297
Cornwall 067,E02003948,8358,0.261545824,0.618808327,0.273066437,0.089125493,0.059371362
Cornwall 068,E02003949,6562,0.267144163,0.621152088,0.32240533,0.091976815,0.076500858
Cornwall 069,E02003950,5398,0.2951093,0.653575398,0.347430059,0.062453669,0.034641068
Cornwall 070,E02003951,5812,0.327426015,0.68633861,0.335059761,0.073800103,0.046683047
Cornwall 018,E02003952,9734,0.187487158,0.61803986,0.312428298,0.047354905,0.039408867
Cornwall 019,E02003953,10829,0.215901745,0.616308062,0.265720772,0.058166374,0.039336676
Cornwall 020,E02003954,7631,0.208753768,0.584851265,0.348823174,0.057790591,0.058079504
Cornwall 021,E02003955,10077,0.215143396,0.607422844,0.276977989,0.057545391,0.049897751
Cornwall 024,E02003956,7747,0.207306054,0.60965535,0.20350213,0.070617093,0.040395934
Cornwall 027,E02003957,11096,0.231434751,0.624279019,0.263936042,0.06595783,0.040949555
Cornwall 030,E02003958,8202,0.214825652,0.62338454,0.226460072,0.063650774,0.03926157
Cornwall 031,E02003959,6931,0.228827009,0.636127543,0.217876106,0.070119752,0.042639278
Cornwall 035,E02003960,5685,0.339489886,0.753210202,0.322956417,0.064533146,0.036199095
Cornwall 036,E02003961,9604,0.266243232,0.68148688,0.274918811,0.053108404,0.033257403
Cornwall 038,E02003962,7260,0.212947658,0.634297521,0.269668564,0.06213833,0.052584404
Cornwall 039,E02003963,10038,0.240087667,0.60111576,0.224921441,0.085956175,0.052
Cornwall 041,E02003964,8014,0.344147741,0.736336411,0.325494695,0.053912392,0.037356322
Allerdale 001,E02003965,10981,0.278481013,0.725434842,0.244305973,0.066581656,0.035063391
Allerdale 002,E02003966,7000,0.286285714,0.754285714,0.369006139,0.043857143,0.022564981
Allerdale 003,E02003967,8104,0.250493583,0.69286772,0.270474777,0.061420819,0.032426778
Allerdale 004,E02003968,8826,0.246317698,0.704396102,0.249362844,0.061189802,0.034251497
Allerdale 005,E02003969,6550,0.198320611,0.584732824,0.154988576,0.08273546,0.048627996
Allerdale 006,E02003970,8196,0.257320644,0.745363592,0.424539171,0.042088569,0.024787181
Allerdale 007,E02003971,7731,0.290001293,0.784115897,0.431505815,0.044096728,0.027178481
Allerdale 008,E02003972,8967,0.219805955,0.629418981,0.240385904,0.060981048,0.042738971
Allerdale 009,E02003973,8612,0.181723177,0.563632141,0.168603817,0.084891418,0.063155136
Allerdale 010,E02003974,7672,0.22080292,0.607012513,0.202346512,0.07694314,0.041690793
Allerdale 011,E02003975,7235,0.244920525,0.68845888,0.294127433,0.047257151,0.026166098
Allerdale 012,E02003976,6280,0.301433121,0.718630573,0.374273256,0.040770823,0.02452133
Barrow-in-Furness 001,E02003977,6184,0.217981889,0.650711514,0.272413793,0.050962627,0.029457364
Barrow-in-Furness 002,E02003978,5729,0.23285041,0.649851632,0.255183741,0.060198918,0.032543332
Barrow-in-Furness 003,E02003979,7770,0.315315315,0.733333333,0.346734419,0.054833312,0.016213086
Barrow-in-Furness 004,E02003980,6752,0.176095972,0.511404028,0.17338036,0.09416642,0.06294658
Barrow-in-Furness 005,E02003981,6467,0.188340807,0.616359981,0.291905909,0.051321688,0.034403007
Barrow-in-Furness 006,E02003982,8097,0.218846486,0.638508089,0.290460226,0.05653623,0.029071263
Barrow-in-Furness 007,E02003983,7259,0.166138587,0.523763604,0.187521368,0.090095054,0.051481592
Barrow-in-Furness 008,E02003984,6413,0.160143459,0.475908311,0.187536176,0.106051154,0.082974138
Barrow-in-Furness 009,E02003985,6683,0.246895107,0.615741433,0.217274678,0.076439791,0.029658285
Barrow-in-Furness 010,E02003986,6047,0.22341657,0.601951381,0.224212598,0.078220605,0.049964814
Carlisle 001,E02003987,6011,0.252869739,0.592247546,0.241419886,0.056267688,0.033421575
Carlisle 002,E02003988,6486,0.279062596,0.715078631,0.331772334,0.061680802,0.037220026
Carlisle 003,E02003989,7488,0.259214744,0.69911859,0.308802538,0.053945787,0.027110117
Carlisle 004,E02003990,10999,0.235657787,0.687971634,0.355695782,0.039098018,0.022786702
Carlisle 005,E02003991,7558,0.273749669,0.716327071,0.272258669,0.048419103,0.014417845
Carlisle 006,E02003992,8025,0.17482866,0.573956386,0.312065788,0.058830861,0.052965585
Carlisle 007,E02003993,8804,0.291458428,0.759541118,0.389124668,0.039427338,0.020679819
Carlisle 008,E02003994,7212,0.18843594,0.57224071,0.24764268,0.064301552,0.047552836
Carlisle 009,E02003995,10165,0.179439252,0.563797344,0.187360871,0.080200748,0.052275132
Carlisle 010,E02003996,9331,0.132997535,0.557067838,0.261126477,0.060323583,0.036504854
Carlisle 011,E02003997,9525,0.158215223,0.522309711,0.164292498,0.080717959,0.050337917
Carlisle 012,E02003998,6545,0.186249045,0.532161956,0.185286104,0.075630252,0.056160654
Carlisle 013,E02003999,11876,0.238295722,0.690889188,0.318353977,0.044115171,0.017905866
Copeland 001,E02004000,5189,0.235498169,0.636924263,0.236477115,0.07283237,0.051430942
Copeland 002,E02004001,5186,0.22830698,0.659274971,0.267377304,0.074816815,0.054374489
Copeland 003,E02004002,9512,0.228027754,0.692703953,0.290116498,0.057202944,0.025889968
Copeland 004,E02004003,11581,0.217252396,0.655729212,0.258693633,0.072458762,0.038914027
Copeland 005,E02004004,9824,0.18485342,0.612886808,0.187532068,0.082671554,0.049440716
Copeland 006,E02004005,7659,0.225225225,0.650737694,0.212618297,0.070337988,0.041394953
Copeland 007,E02004006,8371,0.286465177,0.73635169,0.377060631,0.05028667,0.026525882
Copeland 008,E02004007,9754,0.255895017,0.658806643,0.241534714,0.069722137,0.035892776
Eden 001,E02004008,6436,0.270198881,0.708048477,0.357597816,0.044119932,0.024029575
Eden 002,E02004009,6251,0.259478483,0.712845945,0.373151095,0.039027511,0.016859195
Eden 003,E02004010,7731,0.194670806,0.591902729,0.231365256,0.059249677,0.044011003
Eden 004,E02004011,10879,0.270061587,0.733431382,0.309572742,0.040084582,0.025688412
Eden 005,E02004012,5502,0.284078517,0.72955289,0.412146597,0.04091653,0.024651661
Eden 006,E02004013,10216,0.273394675,0.689996085,0.316622691,0.043550597,0.029850746
Eden 007,E02004014,7724,0.290134645,0.703909891,0.324054463,0.04414811,0.026336582
South Lakeland 001,E02004015,6126,0.289911851,0.655239961,0.398759577,0.042435123,0.024595687
South Lakeland 002,E02004016,8020,0.249625935,0.636783042,0.37254902,0.040154633,0.031703121
South Lakeland 003,E02004017,8878,0.227753999,0.654651949,0.350414771,0.038409552,0.021667761
South Lakeland 004,E02004018,8324,0.19509851,0.603916386,0.36759179,0.053365385,0.036591124
South Lakeland 005,E02004019,7651,0.293425696,0.753365573,0.352428206,0.039351549,0.018977333
South Lakeland 006,E02004020,8930,0.258902576,0.707614782,0.350905007,0.046227893,0.023276634
South Lakeland 007,E02004021,5267,0.309474084,0.726979305,0.434493127,0.042686397,0.016666667
South Lakeland 008,E02004022,5553,0.289753287,0.724293175,0.428958333,0.039445245,0.023477623
South Lakeland 009,E02004023,6330,0.296524487,0.685781991,0.402857143,0.036030341,0.026490066
South Lakeland 010,E02004024,7437,0.311684819,0.758504773,0.439391563,0.035632648,0.012640046
South Lakeland 011,E02004025,7970,0.330740276,0.741279799,0.393265007,0.044291092,0.019358567
South Lakeland 012,E02004026,8105,0.221714991,0.670080197,0.363662961,0.059933407,0.034602076
South Lakeland 013,E02004027,7938,0.387251197,0.771604938,0.404527559,0.050610601,0.029507229
South Lakeland 014,E02004028,7917,0.306934445,0.727169382,0.383328441,0.043703423,0.025528411
Amber Valley 001,E02004029,7343,0.191202506,0.607381179,0.225094681,0.072430225,0.040449438
Amber Valley 002,E02004030,6032,0.302718833,0.770391247,0.388953488,0.055021545,0.030107527
Amber Valley 003,E02004031,7475,0.169632107,0.538595318,0.166836216,0.087759197,0.064789585
Amber Valley 004,E02004032,8442,0.258824923,0.705164653,0.253937282,0.0558123,0.034273213
Amber Valley 005,E02004033,8928,0.215501792,0.628248208,0.228981272,0.059271709,0.033628319
Amber Valley 006,E02004034,6825,0.299340659,0.72981685,0.274842874,0.054351011,0.021362229
Amber Valley 007,E02004035,6414,0.293576551,0.741191144,0.367702533,0.047084503,0.027443106
Amber Valley 008,E02004036,10304,0.211277174,0.654114907,0.209948015,0.066259216,0.045884774
Amber Valley 009,E02004037,7876,0.215591671,0.715718639,0.342730875,0.037577758,0.025737131
Amber Valley 010,E02004038,7523,0.240728433,0.71381098,0.379715523,0.052764487,0.038349643
Amber Valley 011,E02004039,7745,0.221820529,0.704325371,0.331742611,0.044803099,0.023375289
Amber Valley 012,E02004040,9480,0.183016878,0.637763713,0.241858669,0.051255009,0.032172674
Amber Valley 013,E02004041,7363,0.194485943,0.62189325,0.226248776,0.057713199,0.034899329
Amber Valley 015,E02004043,7327,0.244028934,0.695782721,0.304462374,0.049426543,0.028013582
Amber Valley 016,E02004044,9119,0.229191797,0.713455423,0.503604952,0.027963592,0.027934272
Bolsover 001,E02004045,9750,0.225538462,0.730153846,0.283286465,0.062961444,0.02657602
Bolsover 002,E02004046,6188,0.237556561,0.7031351,0.230383651,0.078402845,0.028650328
Bolsover 003,E02004047,6166,0.182452157,0.605092442,0.201379031,0.091159773,0.04921043
Bolsover 004,E02004048,7044,0.182708688,0.615843271,0.213705404,0.082883906,0.046583851
Bolsover 005,E02004049,7899,0.256108368,0.693378909,0.236371761,0.077351563,0.024684586
Bolsover 006,E02004050,7805,0.164894299,0.542857143,0.180784628,0.091246956,0.036844978
Bolsover 007,E02004051,9676,0.189541133,0.543716412,0.175776398,0.095051142,0.032464759
Bolsover 008,E02004052,8749,0.199565665,0.633329523,0.241111111,0.064357567,0.030790441
Bolsover 009,E02004053,7844,0.176695563,0.572667007,0.186952441,0.076128539,0.045489992
Bolsover 010,E02004054,9150,0.202513661,0.646010929,0.211147116,0.068611384,0.033606385
Chesterfield 001,E02004055,6917,0.227410727,0.639583635,0.22768859,0.078547664,0.042422379
Chesterfield 002,E02004056,8045,0.166935985,0.568303294,0.185539099,0.085384042,0.053495613
Chesterfield 003,E02004057,7755,0.147259832,0.585815603,0.218115482,0.064690722,0.034780401
Chesterfield 004,E02004058,8002,0.194701325,0.603224194,0.220217159,0.086206897,0.057464944
Chesterfield 005,E02004059,7210,0.251733703,0.712621359,0.262773723,0.069080316,0.026185627
Chesterfield 006,E02004060,7513,0.234260615,0.641155331,0.211739699,0.083577322,0.038017032
Chesterfield 007,E02004061,7389,0.213290026,0.653945053,0.265069924,0.072259811,0.049582173
Chesterfield 008,E02004062,7586,0.248879515,0.684814131,0.287105751,0.079235333,0.044386423
Chesterfield 009,E02004063,7737,0.272198527,0.704019646,0.343887959,0.059051557,0.034360513
Chesterfield 010,E02004064,9587,0.136643371,0.571085845,0.297492401,0.063452306,0.044634001
Chesterfield 011,E02004065,8104,0.317991115,0.778257651,0.418883748,0.044282719,0.019971871
Chesterfield 012,E02004066,11418,0.219127693,0.658871957,0.294553422,0.060945709,0.035473572
Chesterfield 013,E02004067,6300,0.195714286,0.576825397,0.194757282,0.110793651,0.067515432
Derbyshire Dales 001,E02004068,7259,0.280479405,0.757817881,0.446379616,0.044077135,0.021295216
Derbyshire Dales 002,E02004069,6318,0.329376385,0.771130104,0.473808229,0.037682077,0.031696273
Derbyshire Dales 005,E02004072,9392,0.289714651,0.753939523,0.399574521,0.044297732,0.030057803
Derbyshire Dales 006,E02004073,8804,0.280667878,0.688437074,0.36690169,0.0624787,0.039118594
Derbyshire Dales 007,E02004074,5790,0.279274611,0.714680484,0.392017828,0.051251079,0.02659771
Derbyshire Dales 008,E02004075,7133,0.288518155,0.767278845,0.401005351,0.03955674,0.028914973
Derbyshire Dales 009,E02004076,7528,0.21772051,0.693544102,0.31672656,0.052603613,0.02916326
Derbyshire Dales 010,E02004077,8264,0.235963214,0.745764763,0.389275074,0.028073572,0.0396727
Erewash 001,E02004078,7023,0.189804927,0.527409939,0.156227758,0.094492671,0.065793891
Erewash 003,E02004080,9739,0.174453229,0.5775747,0.192984631,0.065215159,0.05578635
Erewash 004,E02004081,5812,0.268582244,0.71145905,0.35244898,0.053075995,0.032677312
Erewash 005,E02004082,6068,0.286255768,0.736980883,0.305453845,0.037403197,0.019985975
Erewash 006,E02004083,8237,0.166929707,0.591234673,0.216180175,0.049144521,0.040881948
Erewash 007,E02004084,5970,0.213902848,0.601507538,0.167866694,0.071057483,0.045918367
Erewash 008,E02004085,8906,0.223220301,0.617785762,0.273087432,0.058513028,0.03092059
Erewash 009,E02004086,7167,0.243337519,0.704897447,0.331994645,0.05094208,0.036155203
Erewash 010,E02004087,7764,0.173750644,0.586166924,0.259053367,0.055112027,0.044730857
Erewash 011,E02004088,7623,0.235733963,0.712711531,0.345064915,0.038183965,0.028287061
Erewash 012,E02004089,6851,0.139979565,0.55028463,0.247887324,0.076653526,0.052190373
Erewash 013,E02004090,5949,0.262733232,0.699781476,0.312697161,0.050613755,0.035038542
Erewash 014,E02004091,9311,0.202126517,0.66405327,0.270194274,0.046181935,0.030036043
Erewash 015,E02004092,9388,0.211546655,0.637409459,0.245229132,0.055596975,0.038845486
High Peak 001,E02004093,6370,0.179277865,0.631711146,0.330336649,0.049458314,0.04358209
High Peak 002,E02004094,7027,0.171623737,0.563682937,0.253326142,0.072566875,0.058194774
High Peak 003,E02004095,10153,0.185166946,0.647000886,0.35998119,0.052989264,0.047025496
High Peak 004,E02004096,9790,0.237487232,0.7113381,0.437163155,0.03299622,0.024839578
High Peak 005,E02004097,7478,0.226263707,0.705402514,0.417516873,0.041086724,0.032873275
High Peak 006,E02004098,7352,0.224700762,0.682535365,0.340303872,0.060535981,0.035297387
High Peak 008,E02004100,8156,0.235777342,0.729892104,0.413980868,0.034698382,0.024209486
High Peak 010,E02004102,7603,0.263974747,0.688675523,0.369035153,0.065737576,0.056874655
High Peak 011,E02004103,6870,0.172343523,0.605240175,0.235607872,0.064037258,0.046163253
High Peak 012,E02004104,7241,0.219721033,0.747824886,0.366867874,0.032320442,0.023784073
North East Derbyshire 001,E02004105,9258,0.218513718,0.655433139,0.227591582,0.06285776,0.037607214
North East Derbyshire 002,E02004106,6762,0.317361727,0.746968353,0.294965248,0.055317261,0.0257566
North East Derbyshire 004,E02004108,7555,0.237061549,0.66882859,0.290225325,0.05890139,0.037628278
North East Derbyshire 005,E02004109,6786,0.324638963,0.754789272,0.380469023,0.039027982,0.022932592
North East Derbyshire 006,E02004110,7374,0.271630052,0.741931109,0.348871685,0.037950664,0.029317852
North East Derbyshire 007,E02004111,5552,0.261527378,0.71685879,0.257469803,0.076590377,0.02778865
North East Derbyshire 008,E02004112,6273,0.345767575,0.775227164,0.401746725,0.052765822,0.022442973
North East Derbyshire 009,E02004113,10218,0.178019182,0.570855353,0.208287763,0.090224092,0.044579095
North East Derbyshire 010,E02004114,8475,0.283303835,0.743716814,0.346446876,0.046629678,0.023579052
North East Derbyshire 011,E02004115,8810,0.23246311,0.669920545,0.24099907,0.07093406,0.033103448
North East Derbyshire 012,E02004116,8547,0.20954721,0.633672634,0.187455351,0.094079101,0.056045667
North East Derbyshire 013,E02004117,8079,0.235053843,0.661344226,0.250376619,0.069917089,0.034285714
South Derbyshire 001,E02004118,7713,0.179826267,0.724361468,0.37734955,0.035260565,0.02812657
South Derbyshire 002,E02004119,11895,0.151408155,0.659857083,0.407639257,0.030180748,0.023817035
South Derbyshire 003,E02004120,10939,0.166285767,0.618338056,0.358871889,0.035103757,0.034171726
South Derbyshire 004,E02004121,9289,0.185595866,0.715469911,0.407249467,0.03875969,0.026101483
South Derbyshire 005,E02004122,6914,0.22924501,0.69800405,0.418604651,0.031231926,0.020251611
South Derbyshire 006,E02004123,6769,0.247894815,0.735854631,0.402473498,0.046992759,0.02742616
South Derbyshire 007,E02004124,7561,0.205925142,0.657055945,0.218084241,0.058208758,0.035965159
South Derbyshire 008,E02004125,8687,0.202256245,0.666858524,0.199411847,0.065715272,0.046175704
South Derbyshire 009,E02004126,7451,0.221446786,0.671990337,0.220880914,0.066326531,0.031196824
South Derbyshire 011,E02004128,11470,0.223103749,0.67951177,0.288007554,0.052471019,0.030223159
East Devon 001,E02004129,6085,0.300575185,0.700410846,0.341349884,0.03469824,0.023385689
East Devon 002,E02004130,6169,0.313340898,0.71372994,0.244613918,0.064808814,0.036329588
East Devon 003,E02004131,5493,0.278536319,0.72383033,0.258542876,0.046994536,0.02869166
East Devon 004,E02004132,8892,0.26237067,0.717049033,0.373279352,0.039015066,0.02618282
East Devon 005,E02004133,9812,0.295760294,0.686404403,0.290044865,0.052476055,0.045167118
East Devon 007,E02004135,8360,0.365550239,0.755980861,0.365244822,0.047129187,0.036258993
East Devon 008,E02004136,9495,0.2776198,0.718272775,0.394029082,0.039608132,0.028290578
East Devon 009,E02004137,5324,0.37133734,0.766341097,0.382710779,0.038309859,0.033986928
East Devon 010,E02004138,7686,0.440671351,0.757611241,0.290327252,0.071521456,0.037310806
East Devon 011,E02004139,7005,0.348179872,0.717773019,0.312761331,0.054254712,0.040352164
East Devon 012,E02004140,5273,0.507301346,0.769770529,0.405938538,0.052711414,0.03812825
East Devon 013,E02004141,6257,0.294230462,0.723190027,0.37942728,0.043144775,0.030769231
East Devon 014,E02004142,6389,0.253091251,0.749100016,0.412584847,0.030829421,0.022201376
East Devon 015,E02004143,6345,0.297084318,0.720094563,0.263325229,0.050922277,0.024219024
East Devon 016,E02004144,6865,0.315804807,0.723233795,0.322957868,0.047785548,0.025752508
East Devon 017,E02004145,6104,0.446920052,0.784239843,0.415651532,0.052243695,0.025664528
East Devon 018,E02004146,7544,0.221765642,0.65349947,0.261450693,0.054885324,0.044652701
East Devon 019,E02004147,6973,0.203786032,0.631005306,0.310826739,0.056925724,0.048501362
East Devon 020,E02004148,7779,0.397608947,0.785833655,0.335288081,0.072659465,0.041163946
Exeter 001,E02004149,11068,0.14672931,0.68232743,0.299705305,0.026931767,0.028404953
Exeter 002,E02004150,7095,0.134178999,0.55278365,0.271955155,0.049182638,0.039158576
Exeter 003,E02004151,10072,0.191421763,0.682883241,0.313516197,0.052307692,0.029754725
Exeter 004,E02004152,9734,0.079515102,0.42973084,0.308796347,0.031542176,0.056910569
Exeter 005,E02004153,7487,0.153866702,0.596767731,0.277244121,0.043408575,0.036848793
Exeter 006,E02004154,8295,0.120916215,0.57986739,0.407676204,0.041350211,0.030957336
Exeter 007,E02004155,7460,0.205495979,0.634718499,0.309563203,0.064753988,0.044023405
Exeter 008,E02004156,11622,0.105833764,0.51832731,0.384402909,0.050757054,0.061527412
Exeter 009,E02004157,6348,0.193446755,0.715028355,0.583861349,0.040182792,0.03117284
Exeter 010,E02004158,8068,0.146752603,0.610064452,0.358315915,0.050719246,0.031429836
Exeter 011,E02004159,12770,0.162803446,0.628112764,0.376970995,0.032578902,0.027137438
Exeter 012,E02004160,7210,0.246324549,0.684188627,0.26705588,0.054207681,0.030241349
Exeter 013,E02004161,8300,0.177108434,0.622048193,0.313297714,0.063532248,0.045251119
Exeter 014,E02004162,6937,0.224736918,0.668877036,0.33198857,0.053937121,0.029017246
Exeter 015,E02004163,8251,0.27075506,0.746818567,0.415975557,0.049678905,0.037194474
Mid Devon 001,E02004164,6803,0.289137145,0.72732618,0.362086957,0.048214023,0.022208701
Mid Devon 002,E02004165,8876,0.267800811,0.718904912,0.293795132,0.042361424,0.025259359
Mid Devon 003,E02004166,6783,0.249152292,0.690697332,0.353621094,0.04660767,0.02131492
Mid Devon 004,E02004167,7160,0.193435754,0.596787709,0.225795053,0.062944871,0.042624962
Mid Devon 005,E02004168,6249,0.216194591,0.608737398,0.233118027,0.063969295,0.045054201
Mid Devon 006,E02004169,7581,0.229389263,0.696741855,0.310660878,0.043139842,0.02661101
Mid Devon 007,E02004170,8810,0.201702611,0.638024972,0.232993435,0.049159855,0.02986065
Mid Devon 008,E02004171,8520,0.239084507,0.711384977,0.379902662,0.040962441,0.026982249
Mid Devon 009,E02004172,6503,0.262955559,0.720898047,0.335529929,0.041846154,0.030072808
Mid Devon 010,E02004173,7493,0.260910183,0.716802349,0.359052345,0.045248265,0.024455791
Mid Devon 011,E02004174,8077,0.235359663,0.660146094,0.286840509,0.045679624,0.030318471
North Devon 001,E02004175,5141,0.244115931,0.658237697,0.253837342,0.080240917,0.061052632
North Devon 002,E02004176,5566,0.316385196,0.716133669,0.306228016,0.05066475,0.037543997
North Devon 003,E02004177,5890,0.249066214,0.656706282,0.257696228,0.063837012,0.05292172
North Devon 004,E02004178,5255,0.281255947,0.698763083,0.388901472,0.039946738,0.028455285
North Devon 005,E02004179,9207,0.246551537,0.685673944,0.297404661,0.046377756,0.03049203
North Devon 006,E02004180,6510,0.266820276,0.716897081,0.33603388,0.047443574,0.015807777
North Devon 007,E02004181,5727,0.240789244,0.645538676,0.285744501,0.058659218,0.032151991
North Devon 008,E02004182,6271,0.207941317,0.561473449,0.214658673,0.074936224,0.055991806
North Devon 009,E02004183,5846,0.302429011,0.687649675,0.266746411,0.069301848,0.035576179
North Devon 010,E02004184,8556,0.174146798,0.585203366,0.243781095,0.064120533,0.043202343
North Devon 011,E02004185,6697,0.331939674,0.737643721,0.308299702,0.054941774,0.03772242
North Devon 012,E02004186,10158,0.225241189,0.688521362,0.294209891,0.046461266,0.031437725
North Devon 013,E02004187,10752,0.26609003,0.678385417,0.271962302,0.057756696,0.03312712
North Devon 014,E02004188,7018,0.309347392,0.741806783,0.287560046,0.05400399,0.036024845
South Hams 001,E02004189,6129,0.215859031,0.653940284,0.335995325,0.044016955,0.020865774
South Hams 002,E02004190,8708,0.258842444,0.713022508,0.447722638,0.049500402,0.025041736
South Hams 003,E02004191,9035,0.265965689,0.622357499,0.455305802,0.066467265,0.045007378
South Hams 004,E02004192,7711,0.322396576,0.712877707,0.414509332,0.045165477,0.028225806
South Hams 005,E02004193,11903,0.217928253,0.677140217,0.341568426,0.044438844,0.026163778
South Hams 006,E02004194,7386,0.253181695,0.649471974,0.459615068,0.041576381,0.031187978
South Hams 007,E02004195,5258,0.322556105,0.710916698,0.3228874,0.068821293,0.037800687
South Hams 008,E02004196,8103,0.286313711,0.689497717,0.451924506,0.043945192,0.027415852
South Hams 009,E02004197,7239,0.319242989,0.73780909,0.43029316,0.046730264,0.031210191
South Hams 010,E02004198,6285,0.293237868,0.691646778,0.331146927,0.057747375,0.026453185
South Hams 011,E02004199,5762,0.380076362,0.751475182,0.37512418,0.048238765,0.0317063
South Hams 012,E02004200,5124,0.349141296,0.716627635,0.371511498,0.04881859,0.03800905
Teignbridge 001,E02004201,5490,0.326047359,0.747176685,0.385690093,0.049207217,0.021276596
Teignbridge 002,E02004202,8698,0.242124626,0.733272017,0.386065345,0.041518114,0.028030834
Teignbridge 003,E02004203,5744,0.322945682,0.753830084,0.447542628,0.04335713,0.023616236
Teignbridge 004,E02004204,9822,0.262981063,0.729993891,0.37235474,0.044390145,0.028979331
Teignbridge 005,E02004205,8591,0.275171691,0.740309626,0.282310569,0.055865922,0.035166579
Teignbridge 006,E02004206,6674,0.366197183,0.759814204,0.30994941,0.080185851,0.045834849
Teignbridge 007,E02004207,6720,0.269494048,0.689434524,0.323241318,0.05400982,0.029681086
Teignbridge 008,E02004208,8332,0.315410466,0.737518003,0.36474891,0.049813948,0.036534736
Teignbridge 009,E02004209,9233,0.224304127,0.681793567,0.250230354,0.053497942,0.031849913
Teignbridge 010,E02004210,6604,0.269079346,0.66399152,0.264590047,0.081363636,0.057912458
Teignbridge 011,E02004211,6598,0.377538648,0.762352228,0.386789182,0.051826034,0.026315789
Teignbridge 012,E02004212,6170,0.217828201,0.649432739,0.288631455,0.047649919,0.026774194
Teignbridge 013,E02004213,9161,0.170505403,0.635956773,0.320775173,0.032317939,0.033088235
Teignbridge 014,E02004214,6090,0.189326765,0.574384236,0.239595719,0.068495401,0.045179765
Teignbridge 015,E02004215,5827,0.236142097,0.680796293,0.292141694,0.063818837,0.034320809
Teignbridge 016,E02004216,5560,0.275179856,0.685971223,0.255427842,0.061701745,0.030835285
Teignbridge 017,E02004217,7795,0.25400898,0.634765876,0.366475955,0.059548255,0.037612428
Teignbridge 018,E02004218,6126,0.288605942,0.713352922,0.305587669,0.052098644,0.031476122
Teignbridge 019,E02004219,5587,0.324145337,0.745838554,0.369483764,0.055813953,0.027016289
Torridge 001,E02004220,5981,0.341916068,0.73532854,0.276790831,0.080073554,0.047063556
Torridge 002,E02004221,6371,0.386281588,0.733793753,0.307392306,0.065609794,0.036481557
Torridge 003,E02004222,5737,0.23984661,0.656266341,0.251857969,0.071279191,0.049924925
Torridge 004,E02004223,13016,0.196604179,0.604179471,0.231888247,0.056063282,0.045717115
Torridge 005,E02004224,6444,0.317815022,0.721756673,0.294952398,0.050573999,0.035029742
Torridge 006,E02004225,5799,0.256251078,0.658734265,0.243396226,0.062058266,0.036885246
Torridge 007,E02004226,7305,0.318275154,0.740588638,0.284629981,0.050109529,0.032547029
Torridge 008,E02004227,10188,0.274636828,0.678641539,0.238520258,0.058343974,0.040572283
Torridge 009,E02004228,7269,0.305956803,0.731599945,0.257324841,0.05722933,0.026110444
West Devon 001,E02004229,9958,0.242116891,0.687587869,0.287648054,0.054143646,0.026457214
West Devon 002,E02004230,7710,0.25304799,0.638391699,0.260876369,0.057587549,0.038170081
West Devon 003,E02004231,7088,0.277370203,0.700902935,0.387086255,0.054042613,0.039539228
West Devon 004,E02004232,6904,0.286500579,0.706402086,0.333950825,0.043163384,0.027010804
West Devon 005,E02004233,12670,0.301499605,0.724151539,0.352593565,0.0546875,0.037700635
West Devon 006,E02004234,6226,0.328140058,0.742210087,0.387940631,0.052056555,0.034675615
West Devon 007,E02004235,6546,0.320959364,0.728842041,0.397130045,0.056548984,0.02634428
"Bournemouth, Christchurch and Poole 002",E02004236,6224,0.317641388,0.69938946,0.272488756,0.048529648,0.030626781
"Bournemouth, Christchurch and Poole 014",E02004237,8142,0.252394989,0.679071481,0.314234288,0.051946457,0.038535119
"Bournemouth, Christchurch and Poole 019",E02004238,7479,0.445781522,0.765209253,0.321273733,0.059326563,0.035302861
"Bournemouth, Christchurch and Poole 018",E02004239,6245,0.352922338,0.738510809,0.310762917,0.041806824,0.032924962
"Bournemouth, Christchurch and Poole 024",E02004240,6112,0.178501309,0.58098822,0.1996337,0.083483385,0.05357785
"Bournemouth, Christchurch and Poole 031",E02004241,9470,0.27032735,0.665258712,0.315991308,0.055015839,0.041500586
"Bournemouth, Christchurch and Poole 033",E02004242,6467,0.413638472,0.755528066,0.341258741,0.048716363,0.033657745
Dorset 007,E02004243,6445,0.257253685,0.7193173,0.336044362,0.038604651,0.032339089
Dorset 010,E02004244,7684,0.277459656,0.745835502,0.286535176,0.04083225,0.023262104
Dorset 012,E02004245,7487,0.276879925,0.726459196,0.30343389,0.05235742,0.031528852
Dorset 015,E02004246,7905,0.392789374,0.776344086,0.340002879,0.046817664,0.029888712
Dorset 013,E02004247,6081,0.274461437,0.713369512,0.364451374,0.036665571,0.026907357
Dorset 016,E02004248,7402,0.433936774,0.767089976,0.255803437,0.062947454,0.037889518
Dorset 017,E02004249,6033,0.275153323,0.754351069,0.417784899,0.027538155,0.024460432
Dorset 018,E02004250,7789,0.382334061,0.732443189,0.256139306,0.066606776,0.035302105
Dorset 020,E02004251,6323,0.312035426,0.744108809,0.278036947,0.049320266,0.021679284
Dorset 021,E02004252,7984,0.281062124,0.70490982,0.348387097,0.051709027,0.032722144
Dorset 024,E02004253,9798,0.376301286,0.769034497,0.311014866,0.044693878,0.025621891
Dorset 025,E02004254,10374,0.242818585,0.711779449,0.315183246,0.03769038,0.026258206
Dorset 001,E02004255,7312,0.298823851,0.740289934,0.248145759,0.057142857,0.034431138
Dorset 002,E02004256,9180,0.275163399,0.725599129,0.326780367,0.034835619,0.024395703
Dorset 003,E02004257,9160,0.23580786,0.646943231,0.282492661,0.043340611,0.041251133
Dorset 005,E02004258,10440,0.327394636,0.736494253,0.294393567,0.054028164,0.024237178
Dorset 006,E02004259,7157,0.305016068,0.694564762,0.373114754,0.041783119,0.029993183
Dorset 009,E02004260,9027,0.218677301,0.660352277,0.319255839,0.036121884,0.024658846
Dorset 011,E02004261,10359,0.247610773,0.655951347,0.27847803,0.050965251,0.032483061
Dorset 014,E02004262,7887,0.28882972,0.74134652,0.339547857,0.045754119,0.030319292
Dorset 027,E02004263,5833,0.274301389,0.723469913,0.336558254,0.045766198,0.028867506
Dorset 028,E02004264,8648,0.247571693,0.668478261,0.239692523,0.046710602,0.037572254
Dorset 033,E02004265,8500,0.310705882,0.737529412,0.285358083,0.05516998,0.034006376
Dorset 035,E02004266,8331,0.223502581,0.659824751,0.300805861,0.04886541,0.036665852
Dorset 039,E02004267,5055,0.358259149,0.760633037,0.375864377,0.050820645,0.028251121
Dorset 042,E02004268,9428,0.355324565,0.727089521,0.315878788,0.064290261,0.048345398
Dorset 004,E02004269,10364,0.320339637,0.608645311,0.354933208,0.049126532,0.047619048
Dorset 008,E02004270,7792,0.325975359,0.874743326,0.380218465,0.041169681,0.027958204
Dorset 019,E02004271,10042,0.334096793,0.740290779,0.352642511,0.046310128,0.040269966
Dorset 022,E02004272,12205,0.286194183,0.735845965,0.386478109,0.044158611,0.027614774
Dorset 023,E02004273,7174,0.388904377,0.737385001,0.37496058,0.048654677,0.038009675
Dorset 026,E02004274,6409,0.326572008,0.715088157,0.304363636,0.064546305,0.046323529
Dorset 029,E02004275,7663,0.345034582,0.740180086,0.360162479,0.042014614,0.031566409
Dorset 030,E02004276,5548,0.375991348,0.766041817,0.317013464,0.065189987,0.044666088
Dorset 034,E02004278,8817,0.259952365,0.732108427,0.367853732,0.044799819,0.02208589
Dorset 036,E02004279,8023,0.299015331,0.75831983,0.330742153,0.046615979,0.028245519
Dorset 037,E02004280,8374,0.286243134,0.736684977,0.288823364,0.054447761,0.027642693
Dorset 038,E02004281,7668,0.20161711,0.642931664,0.26302333,0.06430994,0.043597477
Dorset 040,E02004282,8848,0.394891501,0.769100362,0.335622536,0.05255425,0.027201346
Dorset 041,E02004283,9066,0.266379881,0.678799912,0.270424403,0.05790867,0.049138804
Dorset 044,E02004284,9527,0.270704314,0.659808964,0.278204513,0.078215223,0.067888184
Dorset 043,E02004285,7703,0.233026094,0.670128521,0.237003058,0.064892927,0.044408775
Dorset 045,E02004286,5032,0.252980922,0.686804452,0.297666745,0.064375124,0.038095238
Dorset 046,E02004287,5573,0.25731204,0.676834739,0.252735464,0.04970393,0.038505968
Dorset 047,E02004288,6195,0.186602098,0.595318805,0.251471985,0.070690768,0.067047619
Dorset 048,E02004289,7362,0.258489541,0.675631622,0.230027773,0.060445531,0.0350206
County Durham 002,E02004290,5722,0.254631248,0.708668298,0.281409082,0.049283467,0.034421576
County Durham 005,E02004291,7123,0.181945809,0.620244279,0.237446809,0.079213483,0.046633635
County Durham 007,E02004292,7957,0.277240166,0.728415232,0.32767277,0.057788945,0.024725275
County Durham 011,E02004293,9614,0.192115665,0.637507801,0.23599949,0.091117121,0.05801105
County Durham 013,E02004294,7897,0.263391161,0.756236546,0.370250368,0.049746835,0.032871502
County Durham 015,E02004295,7278,0.243610882,0.691123935,0.295973706,0.064458494,0.04894015
County Durham 019,E02004296,8425,0.19810089,0.627537092,0.259678807,0.07727003,0.054331112
County Durham 001,E02004297,7934,0.225737333,0.662969498,0.305962264,0.054806602,0.040495228
County Durham 003,E02004298,9955,0.245504771,0.682672024,0.366934036,0.05735235,0.03173913
County Durham 004,E02004299,8194,0.234805956,0.638027825,0.224486804,0.071053595,0.056517036
County Durham 006,E02004300,7685,0.224853611,0.585686402,0.204469274,0.088790522,0.058989645
County Durham 008,E02004301,9597,0.164322184,0.544857768,0.178576128,0.099281175,0.060085837
County Durham 009,E02004302,7828,0.190597854,0.552887072,0.192878338,0.095438865,0.084065612
County Durham 010,E02004303,11019,0.210363917,0.651783283,0.259802871,0.079778544,0.053696212
County Durham 012,E02004304,9003,0.194379651,0.59146951,0.233195021,0.074625208,0.050047893
County Durham 014,E02004305,10186,0.168073827,0.58668761,0.271892831,0.06488662,0.048855906
County Durham 020,E02004306,5993,0.278825296,0.702986818,0.371225937,0.056232271,0.033281128
County Durham 024,E02004307,6455,0.208210689,0.651897754,0.290298646,0.078853602,0.041269841
County Durham 022,E02004308,7724,0.259192128,0.754919731,0.384305535,0.05982906,0.026976744
County Durham 023,E02004309,6194,0.216015499,0.647723603,0.400861225,0.061369509,0.043162858
County Durham 026,E02004310,7827,0.213236234,0.627187939,0.295772459,0.07487861,0.040953717
County Durham 027,E02004311,9128,0.223707274,0.647787029,0.309682477,0.074057844,0.047408785
County Durham 028,E02004312,7426,0.31470509,0.717344465,0.37844651,0.045534151,0.024336973
County Durham 029,E02004313,6744,0.141755635,0.541666667,0.311931421,0.07693448,0.084482759
County Durham 030,E02004314,12673,0.061627081,0.590862464,0.223610999,0.023446751,0.05462963
County Durham 033,E02004315,13300,0.13406015,0.621278195,0.492697787,0.02368243,0.030297069
County Durham 031,E02004316,6478,0.186168571,0.572707626,0.256410256,0.078110528,0.050830565
County Durham 038,E02004317,7319,0.238693811,0.637382156,0.249959343,0.08897089,0.063527181
County Durham 041,E02004318,6585,0.217008352,0.672133637,0.396243618,0.062262718,0.047511312
County Durham 044,E02004319,7966,0.192317349,0.665202109,0.287232428,0.072613065,0.034729316
County Durham 016,E02004320,8559,0.21544573,0.65942283,0.276643672,0.059029807,0.026799007
County Durham 017,E02004321,8167,0.201665238,0.587731113,0.210909631,0.085822723,0.059735137
County Durham 018,E02004322,8660,0.201847575,0.569284065,0.171482779,0.110854503,0.073713067
County Durham 021,E02004323,7385,0.184157075,0.613134733,0.220725899,0.071515644,0.043577982
County Durham 025,E02004324,5763,0.21221586,0.606975534,0.260869565,0.082089552,0.058444176
County Durham 032,E02004325,9012,0.165667998,0.506213937,0.161754336,0.124389703,0.074704355
County Durham 034,E02004326,6768,0.183362884,0.566046099,0.210170112,0.099615726,0.050474255
County Durham 036,E02004327,5547,0.233098972,0.580854516,0.15424275,0.128852045,0.10434372
County Durham 035,E02004328,7232,0.176714602,0.556692478,0.182321398,0.091777409,0.065119278
County Durham 037,E02004329,6451,0.242288017,0.669353589,0.241548528,0.088599752,0.050180505
County Durham 039,E02004330,5949,0.258698941,0.635064717,0.189767995,0.103668798,0.066302979
County Durham 040,E02004331,7186,0.205121069,0.595463401,0.203206751,0.101447259,0.050825921
County Durham 043,E02004332,7365,0.184521385,0.634080109,0.267886855,0.080412931,0.03877125
County Durham 047,E02004333,6690,0.284155456,0.694768311,0.262983618,0.068310912,0.030539532
County Durham 048,E02004334,7009,0.202453988,0.613354259,0.21393813,0.081382067,0.052648373
County Durham 049,E02004335,7884,0.170852359,0.555428716,0.254876879,0.079771718,0.053310887
County Durham 050,E02004336,6710,0.258420268,0.645603577,0.193743335,0.109638016,0.052784856
County Durham 052,E02004337,10502,0.190344696,0.651590173,0.265050458,0.076754595,0.044261967
County Durham 053,E02004338,7319,0.19483536,0.616887553,0.221877044,0.077427284,0.051347518
County Durham 054,E02004339,7027,0.264977942,0.748683649,0.404915254,0.051500925,0.018873668
County Durham 059,E02004340,10419,0.208753239,0.570592187,0.186669801,0.093090211,0.069938088
County Durham 060,E02004341,8715,0.227997705,0.704532415,0.325903778,0.050137678,0.028678014
County Durham 061,E02004342,5606,0.152871923,0.471637531,0.154661017,0.096325366,0.078440582
County Durham 062,E02004343,5538,0.222643554,0.606356085,0.209705753,0.083815029,0.049119935
County Durham 063,E02004344,6974,0.251505592,0.63980499,0.216643502,0.089500861,0.052231062
County Durham 064,E02004345,12564,0.274275708,0.719516078,0.296106557,0.061903246,0.035060449
County Durham 042,E02004348,7828,0.304931017,0.719724067,0.338059371,0.064400716,0.028366762
County Durham 045,E02004349,9365,0.198398292,0.554191137,0.212916112,0.087811131,0.063168366
County Durham 046,E02004350,9781,0.233616195,0.647377569,0.260821582,0.069427403,0.04390681
County Durham 051,E02004351,7238,0.210417242,0.576540481,0.20535562,0.101423242,0.067241379
County Durham 055,E02004352,8182,0.20043999,0.60633097,0.239166046,0.082151589,0.064878182
County Durham 056,E02004353,7207,0.259053698,0.704454003,0.290136671,0.067175573,0.033800244
County Durham 057,E02004354,9085,0.20143093,0.625426527,0.244839761,0.077041602,0.050239234
County Durham 058,E02004355,7038,0.194657573,0.571895425,0.166666667,0.10413411,0.064794816
Eastbourne 001,E02004356,7392,0.188582251,0.580898268,0.20400606,0.07616342,0.046553809
Eastbourne 002,E02004357,7687,0.174190191,0.550800052,0.1988002,0.070387718,0.057781649
Eastbourne 003,E02004358,8041,0.264021888,0.611366745,0.189393939,0.072752145,0.047331926
Eastbourne 004,E02004359,7750,0.278193548,0.661032258,0.252307692,0.078054445,0.051762464
Eastbourne 006,E02004361,8190,0.241758242,0.643711844,0.363857992,0.052380952,0.034061879
Eastbourne 007,E02004362,8825,0.171784703,0.597733711,0.277299054,0.049971671,0.047706845
Eastbourne 008,E02004363,6958,0.267318195,0.658235125,0.382220742,0.059330556,0.053693358
Eastbourne 009,E02004364,8198,0.265796536,0.667723835,0.379620235,0.058658537,0.047239915
Eastbourne 010,E02004365,8426,0.104438642,0.458817944,0.298422623,0.069444444,0.082905184
Eastbourne 011,E02004366,7643,0.282088185,0.597016878,0.363393652,0.060578307,0.066168009
Eastbourne 012,E02004367,6745,0.445663454,0.754484804,0.420223244,0.059285608,0.061078912
Hastings 001,E02004368,8294,0.190740294,0.629973475,0.272754402,0.051711668,0.033857316
Hastings 002,E02004369,10052,0.3247115,0.699661759,0.280055756,0.060099502,0.035788025
Hastings 003,E02004370,8105,0.158667489,0.515977791,0.187489976,0.104354262,0.070036541
Hastings 004,E02004371,7139,0.187841434,0.560162488,0.232171582,0.064312736,0.049769585
Hastings 005,E02004372,7151,0.137183611,0.46874563,0.209432903,0.093732513,0.095697074
Hastings 006,E02004373,8796,0.200204638,0.578103683,0.244622522,0.068781264,0.047665134
Hastings 007,E02004374,7294,0.210721141,0.597888676,0.343196228,0.063622652,0.054685353
Hastings 008,E02004375,8362,0.191939727,0.554532409,0.356117664,0.068627451,0.062967431
Hastings 009,E02004376,6878,0.154114568,0.507996511,0.347575449,0.071833648,0.08247709
Hastings 010,E02004377,10706,0.241640202,0.612553708,0.284325774,0.067419927,0.049790878
Hastings 011,E02004378,8221,0.17224182,0.509548717,0.364794113,0.091229777,0.091804855
Lewes 001,E02004379,7650,0.242091503,0.695816993,0.415298805,0.035555556,0.033190578
Lewes 002,E02004380,9643,0.280410661,0.695426734,0.458235367,0.039929475,0.03029628
Lewes 003,E02004381,9379,0.219106515,0.665102889,0.471064815,0.05216,0.044960904
Lewes 004,E02004382,6515,0.290253262,0.730621642,0.359273671,0.049439582,0.03223594
Lewes 005,E02004383,7340,0.217847411,0.682561308,0.52986927,0.045237771,0.042621987
Lewes 006,E02004384,7393,0.245773029,0.632084404,0.309504599,0.055330087,0.046818054
Lewes 007,E02004385,7658,0.265343432,0.653434317,0.237111801,0.063577023,0.044237813
Lewes 008,E02004386,6622,0.241165811,0.610993658,0.258801843,0.064189699,0.047464239
Lewes 009,E02004387,6071,0.140174601,0.515401087,0.22095525,0.062602965,0.05954089
Lewes 010,E02004388,7771,0.224938875,0.634667353,0.236494975,0.071630658,0.056148231
Lewes 011,E02004389,9342,0.377114108,0.758402912,0.319120177,0.056197816,0.038471743
Lewes 012,E02004390,8034,0.338187702,0.717699776,0.2954915,0.059746079,0.041575492
Lewes 013,E02004391,6491,0.320135572,0.681250963,0.332980226,0.064734895,0.049529125
Rother 001,E02004392,9277,0.250404226,0.672307858,0.362699775,0.03888829,0.040619864
Rother 002,E02004393,6346,0.348881185,0.751339426,0.299456522,0.06000945,0.048423423
Rother 003,E02004394,7908,0.28983308,0.708523015,0.35877297,0.045391326,0.026975477
Rother 004,E02004395,7621,0.316493898,0.692166382,0.280964002,0.062049062,0.056009688
Rother 005,E02004396,9241,0.360567038,0.748403852,0.309985097,0.051959299,0.032622994
Rother 006,E02004397,8135,0.267854948,0.719975415,0.362175154,0.047437631,0.040384072
Rother 007,E02004398,9321,0.192575904,0.563887995,0.212699278,0.082716447,0.060500868
Rother 008,E02004399,8050,0.348944099,0.685093168,0.24425827,0.076645963,0.042131351
Rother 009,E02004400,10531,0.448580382,0.788624062,0.305881111,0.060013294,0.034974093
Rother 010,E02004401,7714,0.436349494,0.755379829,0.281209127,0.05538262,0.048133938
Rother 011,E02004402,8959,0.306395803,0.626074339,0.269394056,0.077566964,0.06198457
Wealden 001,E02004403,6437,0.249339755,0.550877738,0.449641645,0.035281318,0.035966602
Wealden 002,E02004404,6406,0.23758976,0.696066188,0.447606483,0.026693725,0.02972802
Wealden 003,E02004405,6029,0.267540222,0.673411843,0.322829843,0.029689832,0.042576029
Wealden 004,E02004406,7287,0.329765336,0.773843831,0.370122631,0.04007686,0.028641823
Wealden 005,E02004407,8104,0.274555775,0.703232971,0.443919717,0.037023325,0.036016949
Wealden 006,E02004408,8374,0.187723907,0.640434679,0.291287768,0.038323782,0.03279849
Wealden 007,E02004409,5325,0.284131455,0.711924883,0.424648506,0.033251926,0.028549081
Wealden 008,E02004410,7989,0.286769308,0.721492052,0.395048918,0.037551633,0.022457067
Wealden 009,E02004411,8506,0.237244298,0.675758288,0.277570897,0.046063455,0.030913012
Wealden 010,E02004412,8082,0.25389755,0.663944568,0.300963677,0.041084024,0.03334169
Wealden 011,E02004413,7322,0.275198033,0.696667577,0.331341838,0.04397105,0.034811903
Wealden 012,E02004414,6530,0.181163859,0.693568147,0.331774827,0.035993261,0.030737705
Wealden 013,E02004415,6698,0.266497462,0.708868319,0.367176387,0.037755559,0.029221778
Wealden 014,E02004416,6474,0.294562867,0.717948718,0.32807971,0.041544402,0.029670688
Wealden 015,E02004417,6515,0.277973906,0.68303914,0.247481224,0.055547031,0.032562683
Wealden 016,E02004418,5790,0.266493955,0.641450777,0.226873169,0.056121568,0.045798637
Wealden 017,E02004419,6332,0.22567909,0.584017688,0.214942304,0.075963361,0.043037975
Wealden 018,E02004420,13946,0.278646207,0.666929586,0.329285219,0.043730733,0.030759474
Wealden 019,E02004421,9339,0.272513117,0.640004283,0.254023432,0.060284827,0.037529138
Wealden 020,E02004422,11105,0.264385412,0.685366952,0.271436256,0.052944354,0.036690235
Wealden 021,E02004423,7558,0.348372585,0.738025933,0.271404758,0.051600953,0.036842105
Basildon 001,E02004424,7115,0.218973999,0.693745608,0.367081944,0.021363317,0.025947522
Basildon 002,E02004425,7343,0.190113033,0.638567343,0.314300152,0.036093707,0.035125642
Basildon 003,E02004426,8100,0.205925926,0.651111111,0.33308031,0.03024318,0.038886101
Basildon 004,E02004427,8061,0.254558988,0.670760452,0.310946028,0.035838294,0.028807682
Basildon 005,E02004428,6966,0.221073787,0.611685329,0.208905897,0.052556002,0.040433636
Basildon 006,E02004429,7576,0.275211193,0.668954593,0.204779756,0.045538543,0.038373425
Basildon 007,E02004430,8440,0.181042654,0.612559242,0.232973851,0.034838251,0.031665902
Basildon 008,E02004431,9722,0.137317424,0.568092985,0.239431157,0.039909484,0.03553592
Basildon 009,E02004432,6448,0.231389578,0.654001241,0.25862069,0.040198665,0.036967419
Basildon 010,E02004433,8732,0.170522217,0.540769583,0.223950233,0.054957637,0.043557169
Basildon 011,E02004434,8546,0.161010999,0.509010063,0.19787265,0.059560028,0.046662047
Basildon 012,E02004435,9790,0.123901941,0.463329928,0.20619386,0.054335614,0.048679868
Basildon 013,E02004436,7909,0.148564926,0.444556834,0.175373761,0.088770865,0.075524044
Basildon 014,E02004437,10068,0.163289631,0.515991259,0.242862533,0.053933254,0.042201835
Basildon 015,E02004438,9610,0.138813736,0.433194589,0.218517012,0.059276206,0.066263712
Basildon 016,E02004439,9887,0.091635481,0.408111662,0.214455473,0.058787817,0.070804392
Basildon 017,E02004440,9161,0.128916057,0.498526362,0.266017499,0.048351888,0.058127018
Basildon 018,E02004441,7824,0.192740286,0.509330266,0.184971098,0.074083536,0.057774002
Basildon 019,E02004442,8617,0.124057096,0.426714634,0.184797877,0.068245125,0.085714286
Basildon 020,E02004443,10318,0.144504749,0.539736383,0.322410906,0.041690906,0.049349241
Basildon 021,E02004444,9047,0.174090859,0.613905162,0.288719967,0.037041132,0.038363171
Basildon 022,E02004445,8298,0.155097614,0.481923355,0.209100594,0.067004097,0.059045226
Braintree 001,E02004446,7021,0.236006267,0.668565731,0.289285714,0.042444096,0.032450897
Braintree 002,E02004447,5972,0.281145345,0.711319491,0.328416149,0.032992799,0.032892506
Braintree 003,E02004448,7818,0.226400614,0.619723715,0.250195221,0.041826554,0.032200811
Braintree 004,E02004449,8883,0.191827085,0.559045368,0.206304924,0.047281324,0.052848318
Braintree 005,E02004450,6285,0.259984089,0.70389817,0.30283265,0.039178213,0.023123218
Braintree 006,E02004451,9494,0.237834422,0.704128924,0.269908116,0.042342532,0.026321467
Braintree 007,E02004452,9339,0.2276475,0.654352714,0.234815689,0.048501071,0.030623485
Braintree 008,E02004453,7454,0.175342098,0.512342367,0.205656841,0.063204509,0.052706961
Braintree 009,E02004454,9442,0.178775683,0.543317094,0.243305573,0.044698655,0.044230391
Braintree 010,E02004455,7948,0.197408153,0.650226472,0.271757613,0.030451743,0.031862745
Braintree 011,E02004456,9836,0.159414396,0.519825132,0.207472584,0.051057771,0.05760505
Braintree 012,E02004457,10609,0.169573004,0.572815534,0.23528018,0.041839427,0.044320298
Braintree 013,E02004458,9538,0.183371776,0.649507234,0.284659016,0.027897221,0.031572431
Braintree 014,E02004459,10410,0.243227666,0.695677233,0.330436798,0.044384667,0.032873377
Braintree 015,E02004460,9767,0.19545408,0.611241937,0.231696485,0.047706798,0.03991727
Braintree 016,E02004461,5739,0.139048615,0.533542429,0.18989899,0.057675553,0.056459993
Braintree 017,E02004462,11584,0.179558011,0.585549033,0.279640402,0.051800052,0.043677409
Braintree 018,E02004463,8141,0.235720427,0.687507677,0.277992853,0.041897039,0.029308617
Brentwood 001,E02004464,9866,0.25957835,0.674437462,0.271159684,0.040644638,0.032313289
Brentwood 002,E02004465,6366,0.244737669,0.65425699,0.342662632,0.038491752,0.027604338
Brentwood 003,E02004466,8231,0.188433969,0.596768315,0.304499848,0.043605004,0.039910759
Brentwood 004,E02004467,8237,0.170693214,0.548379264,0.32510034,0.045162074,0.036820288
Brentwood 005,E02004468,10617,0.230573608,0.694829048,0.441865862,0.029949143,0.033825338
Brentwood 006,E02004469,7264,0.199339207,0.615776432,0.335733882,0.032226966,0.038005391
Brentwood 007,E02004470,11765,0.147386315,0.553506162,0.420966421,0.034849129,0.045501551
Brentwood 008,E02004471,8518,0.17879784,0.580065743,0.361692908,0.043789622,0.040196308
Brentwood 009,E02004472,6181,0.211454457,0.655719139,0.332232368,0.031366209,0.027457098
Castle Point 001,E02004473,7826,0.226808076,0.604395604,0.188188976,0.040910253,0.03372859
Castle Point 002,E02004474,7950,0.249937107,0.636981132,0.215110178,0.044642857,0.033481559
Castle Point 003,E02004475,6631,0.246719952,0.650429799,0.210353627,0.044377358,0.028635062
Castle Point 004,E02004476,8074,0.243002229,0.644290315,0.226773523,0.03651442,0.03121853
Castle Point 005,E02004477,6047,0.311890193,0.673887878,0.250193798,0.04598842,0.034570597
Castle Point 006,E02004478,6691,0.245105365,0.603198326,0.208273639,0.055173445,0.043021033
Castle Point 007,E02004479,8048,0.240680915,0.651466203,0.212085132,0.05619095,0.035705306
Castle Point 008,E02004480,6980,0.18982808,0.565616046,0.169617052,0.04271789,0.03765324
Castle Point 009,E02004481,6648,0.368531889,0.681407942,0.130449827,0.077929893,0.049780381
Castle Point 010,E02004482,8341,0.18055389,0.530991488,0.137171502,0.075041956,0.04933687
Castle Point 011,E02004483,7997,0.279104664,0.645617106,0.136888889,0.068258532,0.04642552
Castle Point 012,E02004484,8366,0.271336361,0.64475257,0.147029633,0.06551889,0.047669492
Chelmsford 001,E02004485,9863,0.163743283,0.622528642,0.353977646,0.031031336,0.034838178
Chelmsford 002,E02004486,8631,0.225466342,0.675587997,0.401074813,0.030359212,0.025112533
Chelmsford 003,E02004487,7628,0.194677504,0.588227583,0.312468703,0.041311475,0.043674274
Chelmsford 004,E02004488,9997,0.174852456,0.619585876,0.344105024,0.032006401,0.032551831
Chelmsford 005,E02004489,9499,0.161701232,0.622486578,0.357334406,0.033056111,0.036544149
Chelmsford 006,E02004490,7905,0.153826692,0.51827957,0.269336347,0.062349817,0.055115962
Chelmsford 007,E02004491,7477,0.185502207,0.641166243,0.36445034,0.027417413,0.029746508
Chelmsford 008,E02004492,9350,0.134010695,0.58973262,0.360132013,0.029100246,0.036532273
Chelmsford 009,E02004493,10346,0.137251112,0.575198144,0.399019491,0.038257173,0.036944046
Chelmsford 011,E02004495,8310,0.26811071,0.672081829,0.328722191,0.042740188,0.035799523
Chelmsford 012,E02004496,8220,0.178223844,0.6256691,0.420278756,0.028453307,0.034061546
Chelmsford 013,E02004497,7821,0.272855134,0.697097558,0.330693069,0.042161748,0.029419703
Chelmsford 014,E02004498,9888,0.186084142,0.578377832,0.301943574,0.046608027,0.042722513
Chelmsford 015,E02004499,6838,0.200204738,0.652091255,0.292116631,0.027789966,0.034026997
Chelmsford 016,E02004500,9248,0.255730969,0.701773356,0.335784636,0.034396971,0.032541568
Chelmsford 017,E02004501,7048,0.248155505,0.654086266,0.299115658,0.037735849,0.039806996
Chelmsford 018,E02004502,7234,0.267210395,0.707077689,0.288579748,0.038168995,0.034319899
Chelmsford 019,E02004503,8020,0.213216958,0.651620948,0.249344641,0.030435325,0.033840118
Chelmsford 020,E02004504,8007,0.191582365,0.673660547,0.283824871,0.028343114,0.031460134
Chelmsford 021,E02004505,6504,0.270602706,0.663437884,0.225055026,0.046104195,0.032405892
Colchester 001,E02004506,7152,0.241331096,0.707494407,0.35998639,0.036793509,0.025723473
Colchester 002,E02004507,9690,0.11878225,0.585758514,0.337267244,0.041799979,0.0446163
Colchester 003,E02004508,6566,0.249314651,0.71093512,0.338183828,0.037618032,0.034713376
Colchester 007,E02004512,11314,0.163160686,0.584143539,0.405567858,0.047374934,0.055821635
Colchester 008,E02004513,11354,0.105689625,0.404438964,0.220720721,0.060186817,0.075497411
Colchester 009,E02004514,5824,0.21978022,0.653674451,0.383431703,0.037959464,0.038842067
Colchester 010,E02004515,9710,0.188259526,0.654170958,0.326330713,0.026887813,0.029483037
Colchester 011,E02004516,13374,0.079632122,0.451622551,0.322519804,0.038119441,0.057843731
Colchester 012,E02004517,9611,0.213713453,0.649464156,0.291876534,0.042238868,0.027612574
Colchester 013,E02004518,8082,0.13437268,0.844345459,0.449314205,0.028949647,0.033890327
Colchester 014,E02004519,7494,0.267413931,0.68761676,0.305648904,0.037886873,0.031988042
Colchester 015,E02004520,9698,0.091874613,0.446380697,0.265574689,0.040107228,0.045614763
Colchester 016,E02004521,9444,0.170690385,0.58227446,0.272561294,0.049867655,0.044420368
Colchester 017,E02004522,8986,0.213776986,0.66191854,0.37554867,0.035281024,0.03000283
Colchester 018,E02004523,10501,0.136177507,0.524426245,0.245106488,0.054661461,0.053609445
Colchester 019,E02004524,8301,0.249367546,0.704493435,0.308654399,0.041566265,0.024408656
Colchester 020,E02004525,8088,0.278189911,0.684470821,0.222565007,0.045499505,0.031906408
Colchester 021,E02004526,7225,0.365397924,0.730519031,0.288325193,0.051218162,0.038267875
Epping Forest 001,E02004527,9283,0.210923193,0.597113002,0.274283491,0.037603706,0.036519199
Epping Forest 002,E02004528,8816,0.240471869,0.635549002,0.275278636,0.042871725,0.034336678
Epping Forest 003,E02004529,7372,0.223412914,0.629951167,0.269560991,0.04218093,0.033680175
Epping Forest 004,E02004530,7139,0.226362236,0.551197647,0.242440318,0.043289437,0.038870331
Epping Forest 005,E02004531,7156,0.206400224,0.599496926,0.350901526,0.040636783,0.042614454
Epping Forest 006,E02004532,6419,0.21109207,0.607882848,0.373258004,0.037418148,0.043530834
Epping Forest 007,E02004533,7711,0.200881857,0.502269485,0.214033963,0.060936082,0.057655698
Epping Forest 008,E02004534,9072,0.154100529,0.463844797,0.248609566,0.046957672,0.05197861
Epping Forest 009,E02004535,6068,0.2186882,0.558833223,0.260903579,0.066051721,0.04951162
Epping Forest 010,E02004536,6237,0.25380792,0.63973064,0.31972265,0.032563362,0.046416382
Epping Forest 011,E02004537,9524,0.125052499,0.472385552,0.276604172,0.056570109,0.062447786
Epping Forest 012,E02004538,9860,0.188133874,0.603245436,0.400446041,0.026766704,0.043794187
Epping Forest 013,E02004539,7921,0.155662164,0.525943694,0.318074933,0.040257446,0.057409225
Epping Forest 014,E02004540,6037,0.180553255,0.619513003,0.434000817,0.031996021,0.037790698
Epping Forest 015,E02004541,11755,0.184517227,0.616333475,0.43287037,0.031994554,0.041786744
Epping Forest 016,E02004542,6999,0.206743821,0.585797971,0.406850751,0.030437268,0.035465116
Epping Forest 017,E02004543,7600,0.165131579,0.481184211,0.398429669,0.031574793,0.053585927
Harlow 001,E02004544,11185,0.141350022,0.556191328,0.317256285,0.037378163,0.034751543
Harlow 002,E02004545,7971,0.147409359,0.47070631,0.213905469,0.061621486,0.058099974
Harlow 003,E02004546,8412,0.140989063,0.477056586,0.236470235,0.054558421,0.066046512
Harlow 004,E02004547,10060,0.116202783,0.441252485,0.288347512,0.050193818,0.057692308
Harlow 005,E02004548,8943,0.120876663,0.52398524,0.269044912,0.028957961,0.034220532
Harlow 006,E02004549,8154,0.148883983,0.48785872,0.204950339,0.057850227,0.051434224
Harlow 007,E02004550,8822,0.151666289,0.457719338,0.243526331,0.057356608,0.062202097
Harlow 008,E02004551,7606,0.16920852,0.492505916,0.20478101,0.062163228,0.051582969
Harlow 009,E02004552,6591,0.203155819,0.554847519,0.220011159,0.049150485,0.053393665
Harlow 010,E02004553,7843,0.136044881,0.469845722,0.22920825,0.054939452,0.0547238
Harlow 011,E02004554,7733,0.152592784,0.464244148,0.211582757,0.053148843,0.057495406
Maldon 001,E02004555,6492,0.265865681,0.678219347,0.262898815,0.038526738,0.029265255
Maldon 002,E02004556,7553,0.280683172,0.720640805,0.315413892,0.039194915,0.023138535
Maldon 003,E02004557,8907,0.203210958,0.63635343,0.239631969,0.046255754,0.037858423
Maldon 004,E02004558,6909,0.266464032,0.646113765,0.267755804,0.056448111,0.046649969
Maldon 005,E02004559,8028,0.252615845,0.728574988,0.268292683,0.045471534,0.039215686
Maldon 006,E02004560,9084,0.232937032,0.645200352,0.213071201,0.055482166,0.044247788
Maldon 007,E02004561,10387,0.25166073,0.689130644,0.231125678,0.0466795,0.029929577
Maldon 008,E02004562,8851,0.259518698,0.666817309,0.254459459,0.051864407,0.042771804
Rochford 001,E02004563,6594,0.32514407,0.740521686,0.180972442,0.055513423,0.040664182
Rochford 002,E02004564,7913,0.255276128,0.692657652,0.214715618,0.037144662,0.030287341
Rochford 004,E02004566,5655,0.186206897,0.564456233,0.201232937,0.058012027,0.06015596
Rochford 005,E02004567,8121,0.252431967,0.713951484,0.252679489,0.033723077,0.032592218
Rochford 006,E02004568,8863,0.158185716,0.622249803,0.244871976,0.033728144,0.0395189
Rochford 007,E02004569,8650,0.191907514,0.647514451,0.231886121,0.046705202,0.039568345
Rochford 008,E02004570,8691,0.255091474,0.657001496,0.226610644,0.048901162,0.042150429
Rochford 009,E02004571,7816,0.26432958,0.671187308,0.24336077,0.034809317,0.02875311
Rochford 010,E02004572,7930,0.217528373,0.65258512,0.202300613,0.047919294,0.043612903
Tendring 001,E02004573,6418,0.207697102,0.558273605,0.19736591,0.082450125,0.074776386
Tendring 002,E02004574,7861,0.215748632,0.578170716,0.147998709,0.063843317,0.056801196
Tendring 003,E02004575,12088,0.245615486,0.719804765,0.29851925,0.049549177,0.024222642
Tendring 004,E02004576,9139,0.285042127,0.69865412,0.210124288,0.056133056,0.036823647
Tendring 005,E02004577,6112,0.214659686,0.691917539,0.279028436,0.049115914,0.027997365
Tendring 006,E02004578,7629,0.387206711,0.696683707,0.22782503,0.08155238,0.068455854
Tendring 007,E02004579,7911,0.297939578,0.725824801,0.210565256,0.057121193,0.040645719
Tendring 008,E02004580,12286,0.405258017,0.738320039,0.202749141,0.074318274,0.055368751
Tendring 009,E02004581,8504,0.274694262,0.766815616,0.247897982,0.046790501,0.0333081
Tendring 010,E02004582,6978,0.366007452,0.695614789,0.151923709,0.102681773,0.06780303
Tendring 011,E02004583,8905,0.283099382,0.689949467,0.229516947,0.070201056,0.044764795
Tendring 012,E02004584,6585,0.46833713,0.751252847,0.16847917,0.093560146,0.053129221
Tendring 013,E02004585,9036,0.267264276,0.616312528,0.152885906,0.074795309,0.059748428
Tendring 014,E02004586,8246,0.303783653,0.624181421,0.187744459,0.084151813,0.072634597
Tendring 015,E02004587,7737,0.227349102,0.567274137,0.142439024,0.098371251,0.089496792
Tendring 016,E02004588,7208,0.219062153,0.535377358,0.154319932,0.119883447,0.100222717
Tendring 017,E02004589,7414,0.265039115,0.591178851,0.160705537,0.089131607,0.068189452
Tendring 018,E02004590,8238,0.358460791,0.686938577,0.148316151,0.131237101,0.100145138
Uttlesford 001,E02004591,7626,0.214529242,0.709284028,0.471047495,0.02281668,0.029116207
Uttlesford 002,E02004592,13126,0.21103154,0.684290721,0.392116183,0.038698865,0.031601337
Uttlesford 003,E02004593,8969,0.235589252,0.729401271,0.433024775,0.02943472,0.027890238
Uttlesford 004,E02004594,8312,0.218840231,0.760948027,0.359379616,0.030558229,0.032904149
Uttlesford 005,E02004595,14843,0.186350468,0.666913697,0.365478392,0.031268953,0.034589572
Uttlesford 006,E02004596,10621,0.158459655,0.573015724,0.314707305,0.036440678,0.040159913
Uttlesford 007,E02004597,9022,0.188539127,0.606074041,0.306793179,0.029809397,0.033796791
Uttlesford 008,E02004598,11036,0.20614353,0.639543313,0.340816787,0.032892352,0.026647198
Uttlesford 009,E02004599,7792,0.214835729,0.661832649,0.323534036,0.033102386,0.033535048
Cheltenham 001,E02004600,5562,0.201006832,0.651384394,0.299279633,0.04587156,0.030292479
Cheltenham 002,E02004601,6144,0.285644531,0.694335938,0.450871481,0.034314523,0.02243346
Cheltenham 003,E02004602,6735,0.163771344,0.557535264,0.270401494,0.052115813,0.045481747
Cheltenham 004,E02004603,8096,0.118206522,0.54076087,0.355968245,0.046813241,0.053506055
Cheltenham 005,E02004604,8314,0.121962954,0.490979071,0.250275634,0.064108732,0.058838578
Cheltenham 006,E02004605,5867,0.161070394,0.592636782,0.27167756,0.059294599,0.053826437
Cheltenham 007,E02004606,10441,0.137726271,0.619576669,0.42377876,0.044444444,0.038622304
Cheltenham 008,E02004607,9547,0.173771866,0.669948675,0.536984353,0.034677842,0.037921348
Cheltenham 009,E02004608,9913,0.185513972,0.66296782,0.538273899,0.040451932,0.03703011
Cheltenham 010,E02004609,7151,0.221647322,0.709271431,0.400436901,0.0377464,0.028126707
Cheltenham 011,E02004610,7575,0.262970297,0.723960396,0.515370427,0.027854785,0.032403494
Cheltenham 012,E02004611,12195,0.176055761,0.679622796,0.513362795,0.025662048,0.027985682
Cheltenham 013,E02004612,9342,0.23174909,0.694283879,0.382934443,0.039079229,0.025873507
Cheltenham 014,E02004613,6386,0.269025994,0.751957407,0.564946115,0.024737749,0.021512605
Cheltenham 015,E02004614,5562,0.258899676,0.739841784,0.551808843,0.035412547,0.026398739
Cotswold 001,E02004615,8701,0.318354212,0.757843926,0.409090909,0.045642676,0.030757499
Cotswold 002,E02004616,10007,0.292195463,0.757369841,0.370114674,0.042665867,0.034263439
Cotswold 003,E02004617,9510,0.242586751,0.684963197,0.391848729,0.032278414,0.023623708
Cotswold 004,E02004618,7272,0.250412541,0.732673267,0.496737357,0.02737653,0.026727862
Cotswold 005,E02004619,7193,0.275406645,0.737244543,0.445387755,0.037825059,0.027731559
Cotswold 006,E02004620,8409,0.207872518,0.717326674,0.350247886,0.033297657,0.031293788
Cotswold 007,E02004621,6131,0.291306475,0.721905073,0.360780669,0.053352912,0.042116631
Cotswold 008,E02004622,7511,0.217148183,0.646651578,0.327433628,0.043403009,0.038757632
Cotswold 009,E02004623,9266,0.270235269,0.717245845,0.395406499,0.036165389,0.029485144
Cotswold 010,E02004624,6587,0.242750873,0.745407621,0.429617426,0.033267507,0.029025359
Cotswold 011,E02004625,10260,0.253703704,0.720565302,0.412685434,0.035279213,0.026964561
Forest of Dean 001,E02004626,9967,0.256847597,0.700812682,0.342315254,0.037022173,0.026248548
Forest of Dean 002,E02004627,6373,0.250745332,0.663894555,0.31173015,0.052227102,0.036417323
Forest of Dean 003,E02004628,7905,0.243769766,0.676407337,0.26455349,0.055892767,0.036870027
Forest of Dean 004,E02004629,12959,0.219924377,0.627440389,0.218952104,0.066198596,0.046793194
Forest of Dean 005,E02004630,6585,0.281093394,0.73135915,0.341540626,0.051328778,0.027191299
Forest of Dean 006,E02004631,5102,0.29125833,0.719325755,0.372261125,0.047805643,0.04048414
Forest of Dean 007,E02004632,10856,0.25110538,0.693257185,0.241019956,0.063755298,0.038345714
Forest of Dean 008,E02004633,8324,0.261052379,0.696660259,0.27557826,0.055749129,0.034326098
Forest of Dean 009,E02004634,11309,0.237421523,0.676717659,0.2401579,0.05724144,0.04921043
Forest of Dean 010,E02004635,7620,0.255774278,0.696456693,0.376637727,0.047500328,0.033518006
Gloucester 001,E02004636,7864,0.219226857,0.714267548,0.29421588,0.033820725,0.017258629
Gloucester 002,E02004637,9328,0.186856775,0.610313036,0.331073446,0.051463493,0.043963401
Gloucester 003,E02004638,5908,0.204637779,0.664691943,0.317255717,0.043522439,0.027170311
Gloucester 004,E02004639,11552,0.136945983,0.515841413,0.309676772,0.05713791,0.056814281
Gloucester 005,E02004640,8613,0.099384651,0.411703239,0.228462709,0.058051782,0.071537678
Gloucester 006,E02004641,7381,0.299823872,0.72876304,0.293750999,0.049715524,0.025974026
Gloucester 007,E02004642,12102,0.157990415,0.607916047,0.282282282,0.045616065,0.038727302
Gloucester 008,E02004643,8241,0.108239291,0.466084213,0.219450584,0.061021473,0.0608785
Gloucester 009,E02004644,9144,0.148184602,0.557086614,0.243350699,0.054127939,0.042139037
Gloucester 010,E02004645,9062,0.197748841,0.684175679,0.313667912,0.034083388,0.028122415
Gloucester 011,E02004646,9219,0.170191995,0.536283762,0.202035483,0.070824295,0.048557354
Gloucester 012,E02004647,6173,0.231653977,0.640693342,0.223164957,0.064150332,0.040083653
Gloucester 013,E02004648,5684,0.281843772,0.651477833,0.184958921,0.054391832,0.026365348
Gloucester 014,E02004649,7313,0.120743881,0.614248598,0.296623112,0.035684988,0.027965509
Gloucester 015,E02004650,14831,0.09129526,0.518643382,0.299555878,0.035935814,0.032015066
Stroud 001,E02004651,11161,0.14998656,0.624854404,0.356465074,0.028220749,0.023018744
Stroud 002,E02004652,6675,0.326292135,0.742621723,0.529587357,0.038357806,0.032365699
Stroud 003,E02004653,7796,0.234222678,0.779374038,0.367546584,0.037568919,0.028694769
Stroud 004,E02004654,11503,0.227245067,0.679996523,0.325440067,0.04851752,0.032858136
Stroud 005,E02004655,8064,0.212177579,0.668402778,0.295597484,0.051450533,0.03099631
Stroud 006,E02004656,11341,0.195044529,0.634600123,0.397431849,0.045298317,0.040256022
Stroud 007,E02004657,6734,0.225720226,0.715325215,0.449008752,0.034615956,0.025155455
Stroud 008,E02004658,6284,0.2281986,0.748567791,0.436735474,0.033099936,0.024382716
Stroud 009,E02004659,7133,0.267489135,0.726202159,0.397334233,0.038450744,0.024644825
Stroud 010,E02004660,6673,0.328338079,0.743293871,0.481646472,0.043445693,0.030324652
Stroud 011,E02004661,8521,0.259828659,0.759887337,0.321403607,0.053638498,0.03395136
Stroud 012,E02004662,6566,0.234541578,0.714742613,0.320393658,0.040962388,0.030615249
Stroud 013,E02004663,6496,0.251385468,0.703817734,0.434171598,0.04341133,0.03101737
Stroud 014,E02004664,7461,0.189920922,0.657150516,0.347847765,0.046630042,0.027371274
Stroud 015,E02004665,8691,0.247612473,0.732596939,0.423979877,0.035566298,0.025035427
Tewkesbury 001,E02004666,12083,0.173549615,0.680129107,0.297874525,0.03591526,0.028921194
Tewkesbury 002,E02004667,10660,0.266322702,0.723921201,0.312493059,0.055045011,0.036648177
Tewkesbury 003,E02004668,9106,0.307269932,0.753569075,0.433606451,0.033717738,0.030127742
Tewkesbury 004,E02004669,7496,0.26814301,0.731056564,0.428228132,0.035747632,0.030773574
Tewkesbury 006,E02004671,7134,0.247126437,0.757218951,0.372628726,0.035884497,0.023617512
Tewkesbury 007,E02004672,12345,0.21344674,0.750830296,0.348258706,0.036692046,0.030426294
Tewkesbury 008,E02004673,7767,0.221835973,0.685335393,0.35496731,0.042599743,0.032266596
Tewkesbury 009,E02004674,12249,0.160176341,0.638174545,0.326536917,0.042197192,0.033520424
Basingstoke and Deane 001,E02004675,7727,0.199818817,0.660282128,0.285117996,0.043754045,0.029979675
Basingstoke and Deane 002,E02004676,7988,0.247496244,0.713945919,0.363190001,0.03367973,0.030810286
Basingstoke and Deane 003,E02004677,7571,0.216483952,0.690661736,0.422189494,0.029590489,0.026497085
Basingstoke and Deane 004,E02004678,7579,0.229053965,0.721467212,0.376802408,0.032990235,0.027407787
Basingstoke and Deane 005,E02004679,11111,0.162361624,0.658446584,0.424232121,0.032130321,0.028855889
Basingstoke and Deane 006,E02004680,7851,0.122022672,0.650745128,0.436832882,0.021151886,0.029645542
Basingstoke and Deane 007,E02004681,14930,0.098995311,0.524849297,0.298126814,0.043536504,0.046081232
Basingstoke and Deane 008,E02004682,8337,0.139858462,0.610291472,0.370298507,0.033693046,0.040271394
Basingstoke and Deane 009,E02004683,8162,0.140896839,0.5825778,0.321133943,0.050735294,0.048951049
Basingstoke and Deane 010,E02004684,11376,0.115066807,0.603727145,0.351825141,0.037619759,0.038004379
Basingstoke and Deane 011,E02004685,7888,0.136790061,0.599011156,0.381051381,0.042089249,0.041037636
Basingstoke and Deane 012,E02004686,8837,0.13386896,0.570668779,0.380115353,0.034982452,0.039691943
Basingstoke and Deane 013,E02004687,7691,0.12729164,0.538551554,0.251493939,0.043031721,0.055097837
Basingstoke and Deane 014,E02004688,7844,0.173763386,0.58554309,0.220056586,0.067440082,0.053285968
Basingstoke and Deane 015,E02004689,5693,0.301071491,0.749868259,0.36716792,0.032882012,0.021621622
Basingstoke and Deane 016,E02004690,8123,0.178259264,0.652222085,0.304672339,0.033115844,0.034551939
Basingstoke and Deane 017,E02004691,7951,0.270154698,0.758017859,0.402422611,0.037353792,0.02639672
Basingstoke and Deane 018,E02004692,7229,0.30488311,0.751279568,0.337124289,0.036489288,0.028173281
Basingstoke and Deane 019,E02004693,7447,0.146501947,0.573788103,0.258232527,0.045515575,0.041415663
Basingstoke and Deane 020,E02004694,7541,0.213632144,0.699774566,0.413036358,0.032099748,0.024752475
Basingstoke and Deane 021,E02004695,8754,0.094128398,0.648846242,0.391748068,0.015651777,0.030879782
Basingstoke and Deane 022,E02004696,7544,0.215402969,0.715005302,0.400654664,0.028760769,0.032715095
East Hampshire 001,E02004697,6835,0.230870519,0.711923921,0.465625561,0.027940316,0.030943627
East Hampshire 002,E02004698,6605,0.191218774,0.64330053,0.293664223,0.047078414,0.0556231
East Hampshire 003,E02004699,10712,0.249346527,0.741411501,0.378429204,0.03360717,0.027752081
East Hampshire 004,E02004700,6907,0.101201679,0.581004778,0.316448598,0.040695148,0.033511043
East Hampshire 006,E02004702,8019,0.172714802,0.639107121,0.268099375,0.044519267,0.036645683
East Hampshire 007,E02004703,12607,0.254541128,0.735940351,0.446273913,0.02600904,0.024711429
East Hampshire 008,E02004704,6205,0.215310234,0.710072522,0.339957554,0.038182697,0.029126214
East Hampshire 009,E02004705,9770,0.226816786,0.699078813,0.416276421,0.038788251,0.031977975
East Hampshire 010,E02004706,7615,0.26106369,0.732895601,0.398493881,0.035451681,0.028176796
East Hampshire 011,E02004707,11210,0.263247101,0.720160571,0.47821909,0.029975912,0.030618031
East Hampshire 012,E02004708,9623,0.216668399,0.668606464,0.375860311,0.0393889,0.041640379
East Hampshire 013,E02004709,8745,0.227672956,0.697427101,0.363814044,0.033855656,0.027070429
East Hampshire 014,E02004710,6557,0.233338417,0.706878145,0.341806876,0.034940494,0.030378177
Eastleigh 001,E02004712,8768,0.259922445,0.717951642,0.496354539,0.028516026,0.028645161
Eastleigh 002,E02004713,8029,0.246481505,0.699838087,0.330200308,0.032752179,0.029068258
Eastleigh 003,E02004714,7518,0.271082735,0.729449322,0.384264359,0.033803567,0.029193206
Eastleigh 004,E02004715,9044,0.180229987,0.623839009,0.306004936,0.044223328,0.038216561
Eastleigh 005,E02004716,8748,0.201074531,0.656721536,0.287900255,0.041371429,0.032358156
Eastleigh 006,E02004717,12989,0.124105012,0.559473401,0.291658371,0.045279532,0.043175074
Eastleigh 007,E02004718,8692,0.125517717,0.589622642,0.308713459,0.047421731,0.039626092
Eastleigh 008,E02004719,11532,0.196756851,0.726500173,0.331312487,0.026108075,0.02470954
Eastleigh 009,E02004720,11323,0.244369867,0.707409697,0.29382356,0.041162441,0.026369863
Eastleigh 010,E02004721,11784,0.092752885,0.625848608,0.397055493,0.015956544,0.019595929
Eastleigh 011,E02004722,7006,0.238081644,0.665001427,0.269545534,0.054192812,0.025610482
Eastleigh 012,E02004723,9860,0.229817444,0.677687627,0.303276669,0.038243051,0.026512852
Eastleigh 013,E02004724,9667,0.152477501,0.605565325,0.325377371,0.041774377,0.036930731
Eastleigh 014,E02004725,5444,0.252020573,0.692689199,0.287912088,0.053279441,0.041080259
Eastleigh 015,E02004726,6037,0.221301971,0.686433659,0.362350598,0.036454018,0.034072645
Fareham 001,E02004727,10250,0.149463415,0.676780488,0.407014478,0.026523647,0.028856826
Fareham 002,E02004728,9102,0.207976269,0.67963085,0.324194196,0.037590679,0.034341253
Fareham 003,E02004729,7248,0.223096026,0.647764901,0.269543568,0.050641645,0.044846797
Fareham 004,E02004730,8672,0.283095018,0.737892066,0.362919668,0.037011415,0.024532427
Fareham 005,E02004731,7577,0.247723373,0.729444371,0.378031607,0.031534503,0.027542373
Fareham 006,E02004732,8842,0.235240896,0.706514363,0.375034331,0.036178632,0.027880184
Fareham 007,E02004733,8020,0.220573566,0.682793017,0.368033649,0.034925783,0.024875622
Fareham 008,E02004734,10114,0.235020763,0.693296421,0.330693992,0.040941456,0.032707567
Fareham 009,E02004735,7479,0.302714267,0.711993582,0.319987488,0.040240642,0.023843315
Fareham 010,E02004736,8114,0.286665023,0.731698299,0.273656542,0.040192331,0.023858389
Fareham 011,E02004737,7575,0.178481848,0.584422442,0.259918367,0.05758056,0.04056902
Fareham 012,E02004738,7204,0.262076624,0.712243198,0.268715266,0.043562708,0.040372671
Fareham 013,E02004739,7224,0.320182724,1.051218162,0.324623911,0.051363699,0.02271313
Fareham 014,E02004740,7092,0.332346306,0.732092499,0.378848064,0.044679352,0.022853412
Gosport 001,E02004741,7495,0.240026684,0.660973983,0.188417487,0.061382439,0.043216943
Gosport 002,E02004742,7051,0.238547724,0.653524323,0.185551201,0.074294626,0.042501518
Gosport 003,E02004743,7317,0.199671997,0.648079814,0.2234572,0.04416792,0.035507628
Gosport 004,E02004744,9815,0.085175751,0.460723383,0.2205064,0.044306376,0.055257732
Gosport 005,E02004745,8513,0.162105016,0.592975449,0.210238712,0.055921053,0.0512
Gosport 006,E02004746,11112,0.280777538,0.716342693,0.317078457,0.047083183,0.030376671
Gosport 007,E02004747,6249,0.213794207,0.657865258,0.207983193,0.060829198,0.044122383
Gosport 008,E02004748,9392,0.18483816,0.577832198,0.23024453,0.071230835,0.071333333
Gosport 009,E02004749,7177,0.310157447,0.717988017,0.343258892,0.04543554,0.029817249
Gosport 010,E02004750,7841,0.247544956,0.646983803,0.316213795,0.046713465,0.039463698
Hart 001,E02004751,8433,0.246057156,0.744100557,0.326284417,0.037458511,0.03652423
Hart 002,E02004752,7949,0.218518053,0.734935212,0.359531515,0.025154069,0.029835903
Hart 003,E02004753,11515,0.189752497,0.681632653,0.295213319,0.03013199,0.033450704
Hart 004,E02004754,7163,0.23760994,0.688538322,0.453151912,0.03252373,0.029582367
Hart 005,E02004755,12166,0.142774947,0.665461121,0.474026645,0.021617623,0.034467456
Hart 006,E02004756,9656,0.158864954,0.686412593,0.453102641,0.0269179,0.03016151
Hart 007,E02004757,7894,0.263871295,0.772738789,0.476139163,0.027369488,0.032990806
Hart 008,E02004758,9152,0.207823427,0.717329545,0.44145484,0.028733748,0.032998885
Hart 009,E02004759,8230,0.217739976,0.702065614,0.404944972,0.029787234,0.033543996
Hart 010,E02004760,10727,0.144588422,0.653677636,0.450018353,0.025829914,0.032240536
Hart 011,E02004761,6519,0.195428747,0.766835404,0.437770665,0.027922676,0.027192982
Havant 003,E02004764,8174,0.307560558,0.740396379,0.244829042,0.054318571,0.037620064
Havant 004,E02004765,6045,0.250289495,0.697601323,0.3269081,0.03407775,0.026383526
Havant 005,E02004766,7117,0.21511873,0.628354644,0.226650701,0.06493324,0.042426053
Havant 006,E02004767,5817,0.146123431,0.515729758,0.152041507,0.069255886,0.05524239
Havant 007,E02004768,5379,0.188882692,0.625209147,0.248042377,0.058035714,0.042616822
Havant 008,E02004769,6385,0.126233359,0.514173845,0.147150908,0.067815192,0.065171689
Havant 009,E02004770,6850,0.151970803,0.535328467,0.167263138,0.072971395,0.069204152
Havant 010,E02004771,8967,0.152670904,0.525259284,0.164157706,0.074041035,0.067282001
Havant 011,E02004772,9341,0.236912536,0.673482497,0.268658614,0.044963066,0.032587859
Havant 013,E02004774,10271,0.327232012,0.748320514,0.414698163,0.044502873,0.031207598
Havant 014,E02004775,10315,0.237809016,0.698788173,0.370792992,0.045859996,0.040921732
Havant 015,E02004776,5950,0.365378151,0.771260504,0.323109164,0.047242771,0.040306328
Havant 016,E02004777,5259,0.379349686,0.733219243,0.285032538,0.072474796,0.049235182
Havant 017,E02004778,6184,0.365620957,0.749353169,0.25187901,0.071001132,0.053009167
New Forest 001,E02004779,10922,0.303882073,0.749587988,0.353191943,0.045945451,0.030120482
New Forest 002,E02004780,5876,0.223281144,0.656228727,0.20872983,0.061106383,0.034303534
New Forest 003,E02004781,8006,0.181363977,0.680864352,0.27588848,0.038341451,0.029300567
New Forest 004,E02004782,7736,0.22737849,0.670630817,0.235561121,0.05532575,0.043108036
New Forest 005,E02004783,7032,0.185295791,0.686717861,0.284867503,0.035536603,0.025020178
New Forest 006,E02004784,5644,0.32919915,0.779234585,0.342105263,0.04676705,0.028762805
New Forest 007,E02004785,5496,0.326783115,0.758915575,0.397605285,0.043707886,0.032155617
New Forest 008,E02004786,8244,0.191169335,0.643740902,0.306213679,0.039291778,0.032714617
New Forest 009,E02004787,7276,0.344694887,0.784496976,0.314103586,0.047003848,0.031032299
New Forest 010,E02004788,7226,0.268336562,0.727926931,0.364102564,0.043616727,0.036097852
New Forest 011,E02004789,10436,0.245304714,0.68014565,0.264444444,0.054623862,0.036144578
New Forest 012,E02004790,8105,0.251449722,0.670943862,0.293136817,0.047495682,0.030442568
New Forest 013,E02004791,5557,0.201547598,0.63361526,0.180789656,0.060104373,0.048712871
New Forest 014,E02004792,8458,0.301016789,0.722984157,0.240658115,0.046588625,0.032215474
New Forest 015,E02004793,7389,0.343212884,0.772770334,0.451129007,0.046137194,0.033762058
New Forest 016,E02004794,6892,0.30034823,0.728816019,0.386516854,0.036714555,0.024365482
New Forest 017,E02004795,8514,0.340145642,0.739018088,0.416021724,0.045806906,0.027755102
New Forest 018,E02004796,9633,0.368836292,0.765805045,0.297377477,0.043518903,0.030534351
New Forest 019,E02004797,8128,0.242002953,0.684670276,0.300519673,0.048005908,0.042721924
New Forest 020,E02004798,6146,0.236576635,0.680930687,0.239754504,0.07047526,0.046691176
New Forest 021,E02004799,7943,0.35276344,0.739141382,0.254028161,0.060682362,0.036046861
New Forest 022,E02004800,7404,0.504321988,0.830902215,0.309624653,0.05645597,0.027494108
New Forest 023,E02004801,7729,0.458920947,0.818605253,0.403333333,0.036088475,0.036541245
Rushmoor 001,E02004802,6751,0.177158939,0.622426307,0.228644129,0.052148148,0.047672779
Rushmoor 002,E02004803,7488,0.13928953,0.599225427,0.205270225,0.0535452,0.055540932
Rushmoor 003,E02004804,7155,0.184067086,0.669461915,0.272804054,0.032983927,0.036175057
Rushmoor 004,E02004805,8565,0.190309399,0.684063047,0.429432376,0.025557241,0.032896151
Rushmoor 005,E02004806,8033,0.153118387,0.670857712,0.347718484,0.029001743,0.034592626
Rushmoor 006,E02004807,9462,0.174381737,0.632001691,0.299908604,0.0397337,0.041932907
Rushmoor 007,E02004808,12118,0.114292788,0.553969302,0.360268675,0.03201056,0.035267349
Rushmoor 008,E02004809,10914,0.084203775,0.725123694,0.282629559,0.02528862,0.042297111
Rushmoor 009,E02004810,8083,0.114066559,0.605220834,0.260307692,0.037101163,0.040282837
Rushmoor 010,E02004811,7972,0.200075263,0.652910186,0.28232503,0.046931861,0.040141677
Rushmoor 011,E02004812,6741,0.17000445,0.669040202,0.322702025,0.02670227,0.037175715
Rushmoor 012,E02004813,6465,0.168909513,0.60154679,0.213127266,0.063737624,0.037777084
Test Valley 001,E02004814,7039,0.203580054,0.692996164,0.342634872,0.029119318,0.019530219
Test Valley 002,E02004815,7370,0.108412483,0.519131615,0.182694023,0.058320901,0.056710775
Test Valley 004,E02004817,7493,0.19645002,0.649939944,0.252645079,0.047256708,0.029573935
Test Valley 005,E02004818,10243,0.232744313,0.659767646,0.33263574,0.03602812,0.031998503
Test Valley 006,E02004819,7796,0.222550026,0.705618266,0.304672044,0.043885538,0.027677497
Test Valley 007,E02004820,7285,0.21592313,0.680851064,0.365743829,0.038018117,0.029139073
Test Valley 008,E02004821,5224,0.274885145,0.709992343,0.446753853,0.033677765,0.027269027
Test Valley 009,E02004822,8029,0.25943455,0.730477021,0.440497336,0.03277667,0.027210884
Test Valley 010,E02004823,8654,0.273168477,0.727524844,0.393256874,0.035227535,0.027527406
Test Valley 011,E02004824,5857,0.354959877,0.733310569,0.358373669,0.060099027,0.038915094
Test Valley 012,E02004825,10903,0.266990736,0.719618454,0.366304829,0.042293578,0.02716864
Test Valley 013,E02004826,9764,0.225522327,0.722859484,0.43968234,0.031749283,0.023597599
Test Valley 014,E02004827,7362,0.154305895,0.706465634,0.483071135,0.020241815,0.020005065
Test Valley 015,E02004828,7249,0.24472341,0.735549731,0.372189153,0.036694717,0.028325465
Winchester 001,E02004829,5918,0.211388983,0.664751605,0.478380089,0.028218993,0.023722018
Winchester 002,E02004830,6944,0.208525346,0.83453341,0.494263019,0.027217742,0.029770343
Winchester 003,E02004831,10490,0.22392755,0.683603432,0.524890623,0.034029168,0.026337449
Winchester 004,E02004832,8475,0.298171091,0.752212389,0.440821424,0.034096272,0.031829574
Winchester 005,E02004833,10080,0.174900794,0.697420635,0.482291793,0.03452381,0.038964069
Winchester 006,E02004834,7644,0.170722135,0.62244898,0.379104478,0.054559728,0.047201809
Winchester 007,E02004835,10701,0.17512382,0.656480703,0.551869522,0.032242991,0.034843907
Winchester 008,E02004836,6765,0.109682188,0.53495935,0.258019768,0.042713568,0.064574807
Winchester 009,E02004837,8235,0.215421979,0.705160899,0.532327908,0.026846453,0.026971487
Winchester 010,E02004838,9750,0.228615385,0.722974359,0.489929442,0.028307692,0.02462845
Winchester 011,E02004839,8962,0.253068511,0.720486499,0.478714751,0.027672395,0.025888444
Winchester 012,E02004840,10203,0.254238949,0.743800843,0.40628693,0.038518083,0.031118249
Winchester 013,E02004841,11745,0.180332056,0.724648787,0.399582899,0.029536942,0.029392869
Winchester 014,E02004842,11535,0.202774166,0.668313827,0.353098576,0.042038658,0.025413403
Broxbourne 001,E02004843,7231,0.223205642,0.635181856,0.238249319,0.036780973,0.03614115
Broxbourne 002,E02004844,7457,0.146171383,0.541906933,0.226823135,0.043845535,0.039321511
Broxbourne 003,E02004845,7893,0.192955784,0.589129609,0.26368005,0.046225937,0.044029851
Broxbourne 004,E02004846,6398,0.234448265,0.683025946,0.344309098,0.026570803,0.028920308
Broxbourne 005,E02004847,10355,0.149203283,0.489811685,0.267175573,0.038628682,0.051532305
Broxbourne 006,E02004848,7715,0.167595593,0.520803629,0.263243684,0.037833636,0.048498845
Broxbourne 007,E02004849,6851,0.195737848,0.617720041,0.317980514,0.031090352,0.036195286
Broxbourne 008,E02004850,7449,0.170895422,0.514162975,0.253202462,0.049402604,0.053417125
Broxbourne 009,E02004851,5937,0.180899444,0.520128011,0.246056782,0.054413747,0.042991961
Broxbourne 010,E02004852,8067,0.174538242,0.507623652,0.288083062,0.042136572,0.0488228
Broxbourne 011,E02004853,6985,0.171224052,0.493772369,0.257832193,0.058932914,0.047251114
Broxbourne 012,E02004854,8075,0.173003096,0.469473684,0.291558935,0.047188506,0.051313528
Broxbourne 013,E02004855,8580,0.113869464,0.367832168,0.292596424,0.05571745,0.0673258
Dacorum 001,E02004856,5800,0.181551724,0.646896552,0.405532919,0.030339597,0.029014177
Dacorum 002,E02004857,6032,0.205404509,0.720490716,0.442096709,0.032605098,0.031630972
Dacorum 003,E02004858,5029,0.181149334,0.656392921,0.369353631,0.035813768,0.036328125
Dacorum 004,E02004859,5319,0.230682459,0.700695619,0.500231267,0.023308271,0.029946929
Dacorum 005,E02004860,5833,0.122749871,0.503000171,0.316589557,0.036522634,0.040836328
Dacorum 006,E02004861,5531,0.275176279,0.745977219,0.467819615,0.037418655,0.030579825
Dacorum 007,E02004862,7785,0.168657675,0.500192678,0.254930966,0.057311745,0.0584
Dacorum 008,E02004863,7933,0.146350687,0.493886298,0.255343637,0.062137635,0.049369466
Dacorum 009,E02004864,6371,0.222727986,0.721707738,0.557167398,0.027625177,0.030759766
Dacorum 010,E02004865,5513,0.148920733,0.576818429,0.31426017,0.04206709,0.04319946
Dacorum 011,E02004866,6770,0.164992614,0.555686854,0.293325855,0.049778434,0.037719551
Dacorum 012,E02004867,6534,0.179675543,0.653045608,0.530554999,0.02906532,0.033033996
Dacorum 013,E02004868,7801,0.13741828,0.49750032,0.300763359,0.045658587,0.04014504
Dacorum 014,E02004869,5874,0.169731018,0.665134491,0.531661984,0.026907357,0.035179153
Dacorum 015,E02004870,11614,0.135956604,0.549681419,0.338438309,0.038825758,0.050106088
Dacorum 016,E02004871,5024,0.167993631,0.621019108,0.320547945,0.040207006,0.042113323
Dacorum 017,E02004872,7424,0.215382543,0.62109375,0.33684739,0.038922559,0.036839145
Dacorum 018,E02004873,11666,0.148465627,0.611006343,0.445265491,0.03060962,0.032052256
Dacorum 019,E02004874,5999,0.157026171,0.568428071,0.318200578,0.045,0.046226415
Dacorum 020,E02004875,10441,0.131883919,0.522076429,0.315944882,0.042620439,0.042352506
Dacorum 021,E02004876,9495,0.211585045,0.660242233,0.377554859,0.036011372,0.049340609
Dacorum 022,E02004877,5286,0.215096481,0.680098373,0.416090364,0.037632375,0.028227324
East Hertfordshire 001,E02004878,9316,0.198690425,0.629025333,0.30799458,0.033805538,0.029077394
East Hertfordshire 003,E02004880,10833,0.161081879,0.683559494,0.428321066,0.024838412,0.03257387
East Hertfordshire 004,E02004881,6865,0.181791697,0.655207575,0.435778175,0.031163536,0.037170596
East Hertfordshire 005,E02004882,8460,0.15070922,0.617612293,0.418816162,0.033687943,0.040737369
East Hertfordshire 006,E02004883,6245,0.195036029,0.658606886,0.319356121,0.029618956,0.029129222
East Hertfordshire 007,E02004884,10376,0.147552043,0.5884734,0.372943112,0.041064199,0.045179159
East Hertfordshire 008,E02004885,8582,0.155208576,0.682474948,0.405437007,0.019811211,0.031868132
East Hertfordshire 009,E02004886,6665,0.202250563,0.636609152,0.357036762,0.036625638,0.033303058
East Hertfordshire 010,E02004887,7526,0.226282222,0.692133936,0.405431464,0.0336034,0.027284768
East Hertfordshire 011,E02004888,8747,0.230593346,0.692465988,0.354707451,0.034766697,0.035067075
East Hertfordshire 012,E02004889,11238,0.18357359,0.633920626,0.346606034,0.042719829,0.039555864
East Hertfordshire 013,E02004890,8390,0.185816448,0.66102503,0.373531939,0.029920134,0.029518717
East Hertfordshire 014,E02004891,7898,0.206634591,0.68586984,0.466708741,0.033050526,0.036683417
East Hertfordshire 015,E02004892,5914,0.147446737,0.593506933,0.36947618,0.043287115,0.039735099
East Hertfordshire 016,E02004893,5978,0.105720977,0.600033456,0.419181034,0.028781794,0.030860534
East Hertfordshire 017,E02004894,9630,0.172481828,0.618380062,0.465292705,0.030630256,0.035906977
East Hertfordshire 018,E02004895,9387,0.19377863,0.642803878,0.326406353,0.033663577,0.029788173
Hertsmere 001,E02004896,7981,0.264879088,0.680992357,0.388588149,0.036716792,0.046100241
Hertsmere 002,E02004897,6811,0.199676993,0.617090001,0.366587635,0.035394331,0.034599938
Hertsmere 003,E02004898,7749,0.191895728,0.559297974,0.328043168,0.057662539,0.058255108
Hertsmere 004,E02004899,5388,0.180586488,0.657572383,0.381096145,0.041736227,0.037715123
Hertsmere 005,E02004900,8184,0.210654936,0.713220919,0.529491833,0.024923641,0.033724706
Hertsmere 006,E02004901,10213,0.122099285,0.476353667,0.319175672,0.050807636,0.056734851
Hertsmere 007,E02004902,8128,0.134350394,0.529158465,0.361831572,0.041205412,0.053721995
Hertsmere 008,E02004903,7516,0.138371474,0.598190527,0.400236526,0.038062284,0.042129749
Hertsmere 009,E02004904,6876,0.125945317,0.496945899,0.329734675,0.041636337,0.056268779
Hertsmere 010,E02004905,6541,0.194007033,0.659837945,0.476788432,0.032563828,0.038138138
Hertsmere 011,E02004906,11113,0.121839287,0.528750112,0.410923881,0.036897048,0.044735031
Hertsmere 012,E02004907,10779,0.188329159,0.629835792,0.417457745,0.03359317,0.040212027
Hertsmere 013,E02004908,10552,0.24459818,0.683756634,0.425002918,0.034306293,0.03796729
North Hertfordshire 001,E02004909,5816,0.161795048,0.613651994,0.353905086,0.03955288,0.025832555
North Hertfordshire 002,E02004910,11634,0.214457624,0.689444731,0.408862787,0.0285395,0.027722444
North Hertfordshire 003,E02004911,6807,0.193771118,0.586748935,0.295882891,0.055963572,0.040717107
North Hertfordshire 004,E02004912,10616,0.186134137,0.650056518,0.377459954,0.038715147,0.034622144
North Hertfordshire 006,E02004914,8078,0.160683337,0.593216143,0.389677218,0.040990712,0.053727009
North Hertfordshire 007,E02004915,5632,0.176491477,0.567116477,0.328561991,0.051323033,0.053043788
North Hertfordshire 008,E02004916,7414,0.245346641,0.680604262,0.468285431,0.040981397,0.039300057
North Hertfordshire 009,E02004917,6395,0.240969507,0.631430805,0.327179292,0.05350438,0.04951162
North Hertfordshire 010,E02004918,8159,0.126608653,0.637333006,0.527593486,0.032720588,0.036280234
North Hertfordshire 011,E02004919,7707,0.158686908,0.63345011,0.425497229,0.035422343,0.038630807
North Hertfordshire 012,E02004920,11486,0.212258402,0.660804458,0.441034962,0.040578196,0.041161796
North Hertfordshire 013,E02004921,7869,0.188333969,0.677722709,0.525483304,0.024787085,0.032839506
North Hertfordshire 014,E02004922,10133,0.218395342,0.690812198,0.40675085,0.042838812,0.027469198
North Hertfordshire 015,E02004923,10387,0.227977279,0.694136902,0.449108818,0.039098613,0.030718702
St Albans 001,E02004924,7729,0.157458921,0.661922629,0.607056382,0.024191462,0.024080087
St Albans 002,E02004925,7878,0.1458492,0.651942117,0.557427259,0.029068291,0.036918138
St Albans 003,E02004926,8101,0.199975312,0.70781385,0.660274848,0.019380323,0.032765051
St Albans 004,E02004927,6717,0.215572428,0.659073991,0.48374761,0.028448019,0.034007058
St Albans 005,E02004928,6868,0.205445545,0.732236459,0.590680336,0.022555297,0.03414787
St Albans 006,E02004929,6407,0.238333073,0.681130014,0.469283611,0.037332084,0.024821489
St Albans 007,E02004930,6999,0.177311044,0.659808544,0.488166215,0.030553969,0.031881583
St Albans 008,E02004931,6974,0.176369372,0.67206768,0.509310987,0.028534557,0.029682398
St Albans 009,E02004932,7744,0.13713843,0.61053719,0.489073353,0.040418388,0.046235139
St Albans 010,E02004933,6941,0.163809249,0.69889065,0.669433962,0.016275385,0.030115146
St Albans 011,E02004934,7802,0.117021277,0.624711612,0.654939759,0.032427583,0.03520327
St Albans 012,E02004935,9049,0.100784617,0.620731573,0.667466667,0.027621257,0.037835926
St Albans 013,E02004936,6540,0.118654434,0.640978593,0.578296146,0.02171918,0.034068136
St Albans 014,E02004937,7298,0.243080296,0.717319814,0.626526459,0.026878771,0.030285549
St Albans 016,E02004939,6690,0.169656203,0.595665172,0.465898175,0.037086885,0.038390093
St Albans 017,E02004940,7714,0.13222712,0.570132227,0.487780041,0.036321183,0.041258381
St Albans 018,E02004941,9801,0.152535456,0.559738802,0.350561511,0.035495716,0.04264099
St Albans 019,E02004942,6432,0.220149254,0.662002488,0.395500865,0.037773978,0.037512023
St Albans 020,E02004943,8215,0.247108947,0.716737675,0.415052491,0.033819951,0.033316633
Stevenage 001,E02004944,8141,0.104532613,0.51111657,0.310895884,0.042132416,0.041224971
Stevenage 002,E02004945,12232,0.161216481,0.611510791,0.373795761,0.03777905,0.039224806
Stevenage 003,E02004946,6427,0.153726466,0.547378248,0.258247121,0.056351183,0.046602526
Stevenage 005,E02004948,6079,0.186050337,0.573778582,0.303679741,0.052813425,0.049757674
Stevenage 006,E02004949,8795,0.176009096,0.566913019,0.286276162,0.054677731,0.048291572
Stevenage 007,E02004950,6825,0.142710623,0.541538462,0.252403393,0.039701143,0.044184721
Stevenage 008,E02004951,8057,0.122129825,0.496090356,0.300187911,0.054748603,0.059305689
Stevenage 009,E02004952,6884,0.149331784,0.565368972,0.280711305,0.04734931,0.03589456
Stevenage 010,E02004953,6477,0.129689671,0.513972518,0.247856431,0.050973123,0.048780488
Stevenage 011,E02004954,7130,0.15259467,0.53828892,0.269810317,0.051612903,0.042280415
Stevenage 012,E02004955,6019,0.172287755,0.560392092,0.269262807,0.042864263,0.034921671
Three Rivers 001,E02004956,9036,0.199203187,0.640327579,0.389421131,0.036631253,0.037278854
Three Rivers 002,E02004957,10815,0.134905224,0.59112344,0.374143115,0.03162567,0.041471331
Three Rivers 003,E02004958,7859,0.204478941,0.666115282,0.424199175,0.029396793,0.030972328
Three Rivers 004,E02004959,6185,0.234599838,0.718189167,0.543934681,0.026205112,0.031797534
Three Rivers 005,E02004960,5709,0.205465055,0.700998424,0.568101933,0.02206655,0.035340786
Three Rivers 006,E02004961,9710,0.181359423,0.669721936,0.449908925,0.025841656,0.032406481
Three Rivers 007,E02004962,9024,0.164339539,0.64339539,0.47272979,0.029252078,0.043605258
Three Rivers 008,E02004963,7563,0.148882718,0.552029618,0.347420231,0.040586991,0.045653856
Three Rivers 009,E02004964,5739,0.158215717,0.568740199,0.334885784,0.046119039,0.049202579
Three Rivers 010,E02004965,6950,0.227625899,0.617985612,0.332388879,0.04720783,0.04167916
Three Rivers 011,E02004966,7299,0.236333744,0.864775997,0.61237785,0.026982605,0.021750663
Three Rivers 012,E02004967,7875,0.113396825,0.499174603,0.308265802,0.062198528,0.060912454
Watford 001,E02004968,7704,0.143691589,0.534267913,0.316464125,0.044911734,0.047128509
Watford 002,E02004969,7252,0.155681191,0.569498069,0.335699446,0.036669424,0.040116897
Watford 003,E02004970,8399,0.151089415,0.529467794,0.31410158,0.049291582,0.05567503
Watford 004,E02004971,8666,0.114701131,0.492268636,0.346862363,0.042008078,0.048563611
Watford 005,E02004972,6172,0.173687622,0.623136747,0.409373122,0.032399158,0.036547912
Watford 006,E02004973,8702,0.07446564,0.483681912,0.401634559,0.030215993,0.048166062
Watford 007,E02004974,9073,0.172489805,0.619089607,0.525488588,0.036930879,0.04005059
Watford 008,E02004975,8229,0.168671771,0.627415239,0.546970624,0.025644142,0.045860188
Watford 009,E02004976,11414,0.072542492,0.484142281,0.45961271,0.037059751,0.062212324
Watford 010,E02004977,9155,0.076024031,0.482250137,0.399214476,0.029912664,0.050925005
Watford 011,E02004978,10295,0.099660029,0.479941719,0.378226009,0.044010493,0.05884608
Watford 012,E02004979,7179,0.163253935,0.614013094,0.458754931,0.035803845,0.049674902
Welwyn Hatfield 001,E02004980,6206,0.246535611,0.72703835,0.474792351,0.030796517,0.025918635
Welwyn Hatfield 002,E02004981,8139,0.183683499,0.61776631,0.426247122,0.033800393,0.035988484
Welwyn Hatfield 003,E02004982,5969,0.189478975,0.629418663,0.430490405,0.03683858,0.03614889
Welwyn Hatfield 004,E02004983,6120,0.179575163,0.585294118,0.32327408,0.050335022,0.046003263
Welwyn Hatfield 005,E02004984,6287,0.197391443,0.618896135,0.348539798,0.04596787,0.037351959
Welwyn Hatfield 006,E02004985,6931,0.252344539,0.675804357,0.475917232,0.046149409,0.031221304
Welwyn Hatfield 007,E02004986,8788,0.090691853,0.498179335,0.339301438,0.046882112,0.046624473
Welwyn Hatfield 008,E02004987,7795,0.129826812,0.552405388,0.338674679,0.036690186,0.038565463
Welwyn Hatfield 009,E02004988,7852,0.124808966,0.514136526,0.351077944,0.042547771,0.042728636
Welwyn Hatfield 010,E02004989,12557,0.095325317,0.397387911,0.343941248,0.031541219,0.040257649
Welwyn Hatfield 011,E02004990,7285,0.163761153,0.518188058,0.41560166,0.043376802,0.040729966
Welwyn Hatfield 012,E02004991,8232,0.09159378,0.422011662,0.361605795,0.042527339,0.047594142
Welwyn Hatfield 013,E02004992,10404,0.073817762,0.348231449,0.30151893,0.032292167,0.059383754
Welwyn Hatfield 015,E02004994,6149,0.21987315,0.657180029,0.428939544,0.023569571,0.036486486
Welwyn Hatfield 016,E02004995,5640,0.250531915,0.632978723,0.37789094,0.030491048,0.03702346
Ashford 001,E02004996,8429,0.21983628,0.656661526,0.394479074,0.042022792,0.03362391
Ashford 002,E02004997,8194,0.270807908,0.732975348,0.334787033,0.052496643,0.036373221
Ashford 003,E02004998,6799,0.229739668,0.65921459,0.306642729,0.043676471,0.02732576
Ashford 005,E02005000,12105,0.118876497,0.505493598,0.290992113,0.04626952,0.059318002
Ashford 006,E02005001,9562,0.20027191,0.66555114,0.294757282,0.048535565,0.030372853
Ashford 007,E02005002,10040,0.148306773,0.510756972,0.217106951,0.048207171,0.051313629
Ashford 008,E02005003,9251,0.115230786,0.523294779,0.202826149,0.051919957,0.058488848
Ashford 009,E02005004,11800,0.119237288,0.575254237,0.290273884,0.041352428,0.038443433
Ashford 010,E02005005,10399,0.195788057,0.664583133,0.358577305,0.032320123,0.026552053
Ashford 011,E02005006,6208,0.265625,0.730831186,0.302154085,0.047680412,0.030389703
Ashford 012,E02005007,9365,0.230859584,0.672397224,0.298414349,0.043886813,0.031661093
Ashford 013,E02005008,8769,0.350325009,0.72197514,0.317063492,0.052229445,0.040490144
Ashford 014,E02005009,5962,0.273398189,0.717376719,0.312237132,0.045629928,0.038109198
Canterbury 001,E02005010,7597,0.231143873,0.624193761,0.267781107,0.075595944,0.064822818
Canterbury 002,E02005011,7482,0.368618017,0.766907244,0.246019596,0.057738573,0.036630037
Canterbury 003,E02005012,8961,0.258230108,0.675817431,0.228671235,0.066629464,0.04392425
Canterbury 004,E02005013,8213,0.290880312,0.693778157,0.221344441,0.078899306,0.044258027
Canterbury 005,E02005014,8438,0.35577151,0.782294383,0.327205378,0.051558611,0.036353145
Canterbury 006,E02005015,9648,0.209473466,0.681384743,0.267576348,0.047559838,0.03264946
Canterbury 007,E02005016,7808,0.257556352,0.699026639,0.340776101,0.050973361,0.047686631
Canterbury 008,E02005017,6640,0.245783133,0.711746988,0.403764205,0.042489076,0.048502994
Canterbury 009,E02005018,8732,0.274507558,0.726981219,0.295710751,0.051655022,0.039123631
Canterbury 010,E02005019,6527,0.240232879,0.688218171,0.366079703,0.049655172,0.043937892
Canterbury 011,E02005020,7522,0.223078968,0.628157405,0.286765909,0.063306291,0.044139141
Canterbury 012,E02005021,11033,0.160609082,0.526692649,0.308003234,0.0275562,0.033203815
Canterbury 013,E02005022,8062,0.123294468,0.469238402,0.322807521,0.044033739,0.066451873
Canterbury 014,E02005023,9727,0.094376478,0.433946746,0.296556043,0.062095199,0.08910589
Canterbury 016,E02005025,9896,0.170169766,0.548605497,0.444097944,0.030826764,0.043046358
Canterbury 017,E02005026,8078,0.196335727,0.647189898,0.416884918,0.040846639,0.039857832
Canterbury 018,E02005027,5519,0.273237905,0.722957057,0.415790603,0.043501903,0.033360129
Dartford 001,E02005028,14366,0.066963664,0.386259223,0.396382226,0.037165924,0.050932368
Dartford 002,E02005029,14923,0.063727133,0.45748174,0.406812912,0.021909548,0.039165995
Dartford 003,E02005030,12202,0.103917391,0.495246681,0.374235071,0.030074572,0.043727382
Dartford 004,E02005031,8137,0.115030109,0.468600221,0.268222963,0.048537724,0.054827175
Dartford 005,E02005032,9727,0.102703814,0.45481649,0.314863445,0.03484428,0.045316648
Dartford 006,E02005033,7602,0.117205998,0.475664299,0.289291152,0.049579169,0.044636252
Dartford 007,E02005034,7727,0.183900608,0.626116216,0.321216974,0.028597308,0.035462777
Dartford 008,E02005035,8542,0.167408101,0.572465465,0.302172285,0.028691884,0.04178273
Dartford 009,E02005036,6734,0.134244134,0.482922483,0.248638132,0.057040998,0.062461348
Dartford 010,E02005037,7090,0.236107193,0.644287729,0.300085837,0.035981374,0.032500752
Dartford 011,E02005038,6002,0.237254249,0.629956681,0.27366714,0.040173362,0.035578584
Dartford 012,E02005039,6873,0.190891896,0.564964353,0.24249634,0.04699549,0.042882668
Dartford 013,E02005040,6833,0.272793795,0.697058393,0.296995108,0.055929722,0.025191327
Dover 001,E02005041,7246,0.25807342,0.691277946,0.35847819,0.05230472,0.035609182
Dover 002,E02005042,8921,0.306243695,0.718529313,0.324655038,0.058289429,0.047225806
Dover 003,E02005043,7127,0.296899116,0.694822506,0.267036192,0.062438614,0.04842848
Dover 004,E02005044,6057,0.326564306,0.708106323,0.362104093,0.058969277,0.06022769
Dover 005,E02005045,9352,0.210222412,0.595166809,0.24848973,0.065012831,0.04038282
Dover 006,E02005046,8964,0.154506917,0.554997769,0.264621147,0.060129407,0.038470506
Dover 007,E02005047,7713,0.280824582,0.669648645,0.236380714,0.074251652,0.05136044
Dover 008,E02005048,6592,0.292930825,0.708889563,0.293215859,0.051873199,0.037147595
Dover 009,E02005049,6934,0.385347563,0.745457168,0.375677006,0.055579616,0.030192797
Dover 010,E02005050,9701,0.262034842,0.694876817,0.261819528,0.050798557,0.030712263
Dover 011,E02005051,13604,0.127977066,0.478388709,0.17723934,0.070042628,0.074276527
Dover 012,E02005052,8355,0.18791143,0.499700778,0.235163205,0.071488444,0.070065431
Dover 013,E02005053,9157,0.143605984,0.453314404,0.210875882,0.073706049,0.085774059
Dover 014,E02005054,6687,0.287124271,0.702258113,0.251617416,0.051600359,0.041324921
Gravesham 001,E02005055,8395,0.094103633,0.402858845,0.244246353,0.047290054,0.074505829
Gravesham 002,E02005056,10159,0.132001181,0.448666207,0.290455426,0.057075379,0.084660194
Gravesham 003,E02005057,11586,0.123683756,0.457707578,0.275699888,0.043241844,0.058238884
Gravesham 004,E02005058,8007,0.137130011,0.474709629,0.235756385,0.049956288,0.061181984
Gravesham 005,E02005059,9645,0.186417833,0.593882841,0.324009619,0.041364296,0.047742709
Gravesham 006,E02005060,8646,0.169211196,0.537820958,0.266461358,0.048819991,0.046340304
Gravesham 007,E02005061,7498,0.164977327,0.492264604,0.224761905,0.065519082,0.071942446
Gravesham 008,E02005062,7086,0.193621225,0.567598081,0.231816553,0.044318984,0.041383388
Gravesham 009,E02005063,7328,0.174672489,0.601664847,0.262215267,0.047397896,0.044860875
Gravesham 010,E02005064,6563,0.270455584,0.701813195,0.286573146,0.044796587,0.037710883
Gravesham 011,E02005065,8310,0.138387485,0.471359807,0.218339921,0.057294174,0.060590232
Gravesham 012,E02005066,7743,0.288647811,0.720780059,0.283267054,0.04117723,0.030540768
Gravesham 013,E02005067,5933,0.242204618,0.699477499,0.301832994,0.039271869,0.031089853
Maidstone 001,E02005068,7177,0.170405462,0.64567368,0.307692308,0.029948461,0.024496045
Maidstone 002,E02005069,9084,0.197930427,0.608212241,0.312220263,0.03632361,0.033089815
Maidstone 003,E02005070,9752,0.271534044,0.704675964,0.302020077,0.042042658,0.027360989
Maidstone 004,E02005071,12294,0.103221083,0.475841874,0.28065764,0.046127563,0.066108418
Maidstone 005,E02005072,8039,0.232989178,0.687896505,0.351251158,0.027608506,0.031290743
Maidstone 006,E02005073,12368,0.117884864,0.491591203,0.343920055,0.040119712,0.04831813
Maidstone 007,E02005074,8033,0.262293041,0.710568903,0.320385426,0.035345364,0.026595745
Maidstone 008,E02005075,11061,0.133351415,0.558719826,0.324838561,0.042593597,0.043910089
Maidstone 009,E02005076,10011,0.109979023,0.477774448,0.262555626,0.043851763,0.049560501
Maidstone 010,E02005077,8101,0.190593754,0.566349833,0.236870476,0.052969502,0.049433574
Maidstone 011,E02005078,9763,0.254225136,0.690463997,0.280211666,0.041376485,0.025722117
Maidstone 012,E02005079,9054,0.234702894,0.647669538,0.30802036,0.037675395,0.025425706
Maidstone 013,E02005080,12183,0.152507593,0.469835016,0.182067302,0.067071669,0.055827068
Maidstone 014,E02005081,6972,0.281267929,0.735226621,0.312870951,0.046922084,0.028
Maidstone 015,E02005082,11972,0.176996325,0.633645172,0.29540412,0.043274854,0.024951076
Maidstone 016,E02005083,7851,0.23219972,0.664373965,0.289918597,0.039358044,0.028813995
Maidstone 017,E02005084,7506,0.22435385,0.706235012,0.338220919,0.039840107,0.035464954
Maidstone 018,E02005085,7879,0.184795025,0.688666074,0.358192447,0.041116751,0.030478589
Maidstone 019,E02005086,6691,0.227768644,0.720819011,0.322341004,0.042581802,0.031507656
Sevenoaks 001,E02005087,7144,0.238521837,0.626259798,0.281287247,0.041170704,0.040266512
Sevenoaks 002,E02005088,9909,0.167726309,0.528812191,0.226485788,0.073438919,0.058969724
Sevenoaks 003,E02005089,6853,0.202247191,0.595943382,0.291621912,0.034125711,0.04138322
Sevenoaks 004,E02005090,5931,0.320687911,0.713033215,0.305054509,0.052258935,0.030243519
Sevenoaks 005,E02005091,6771,0.243833998,0.639491951,0.30979621,0.039427053,0.035522388
Sevenoaks 007,E02005093,6023,0.293873485,0.667939565,0.243211565,0.054291881,0.036271309
Sevenoaks 008,E02005094,9723,0.19047619,0.625424252,0.403436779,0.031352796,0.028503563
Sevenoaks 009,E02005095,7567,0.227831373,0.676754328,0.407894737,0.031985197,0.034482759
Sevenoaks 010,E02005096,9853,0.173652695,0.611894854,0.438228744,0.041522843,0.034518611
Sevenoaks 011,E02005097,9641,0.186184006,0.670781039,0.570090884,0.025108944,0.031045752
Sevenoaks 012,E02005098,10107,0.212427031,0.688829524,0.557045313,0.026821061,0.038536904
Sevenoaks 013,E02005099,7971,0.222305859,0.654497554,0.401018361,0.036418435,0.030357143
Sevenoaks 014,E02005100,9881,0.200080963,0.633134298,0.30990578,0.042602712,0.038939857
Sevenoaks 015,E02005101,7071,0.216235327,0.683778815,0.438384898,0.031391403,0.025408879
Folkestone and Hythe 001,E02005102,6092,0.337655942,0.771831911,0.34536567,0.053392476,0.03323486
Folkestone and Hythe 002,E02005103,10086,0.177870315,0.629387269,0.262580967,0.052349792,0.036939314
Folkestone and Hythe 003,E02005104,7996,0.206728364,0.572161081,0.22248207,0.069927446,0.058152794
Folkestone and Hythe 004,E02005105,7656,0.123432602,0.493599791,0.233750643,0.067267503,0.071468768
Folkestone and Hythe 005,E02005106,10007,0.167782552,0.594883581,0.229685942,0.059552358,0.050092383
Folkestone and Hythe 006,E02005107,13097,0.231961518,0.691074292,0.333609882,0.049316742,0.046451194
Folkestone and Hythe 008,E02005109,6685,0.38474196,0.785639491,0.383330493,0.046018228,0.037694013
Folkestone and Hythe 009,E02005110,7107,0.280427747,0.740256086,0.28740223,0.056563951,0.036751081
Folkestone and Hythe 010,E02005111,7186,0.357918174,0.714027275,0.274566014,0.082927508,0.055477032
Folkestone and Hythe 011,E02005112,7055,0.33253012,0.725726435,0.205232369,0.085884354,0.044204664
Folkestone and Hythe 012,E02005113,7251,0.336781134,0.722245208,0.210155374,0.072669608,0.04558011
Folkestone and Hythe 013,E02005114,6344,0.271752837,0.63761034,0.178672717,0.073817035,0.049438202
Swale 001,E02005115,6705,0.105741984,0.410738255,0.157507661,0.069777844,0.100035474
Swale 002,E02005116,6544,0.157090465,0.477536675,0.117162379,0.0950489,0.083598726
Swale 003,E02005117,6591,0.283568503,0.681231983,0.185449358,0.07728515,0.034922767
Swale 004,E02005118,10857,0.169475914,0.582849774,0.191340782,0.053523722,0.046216921
Swale 005,E02005119,6576,0.215784672,0.59169708,0.161850803,0.065104959,0.055311973
Swale 006,E02005120,9624,0.209995844,0.574709061,0.171876857,0.090418354,0.099594046
Swale 007,E02005121,14035,0.118845743,0.55033844,0.247217879,0.042031773,0.04028211
Swale 008,E02005122,7809,0.221411192,0.64361634,0.278106509,0.048393292,0.028985507
Swale 009,E02005123,12752,0.162013802,0.596377039,0.250521921,0.044920038,0.04076851
Swale 010,E02005124,8818,0.15695169,0.502948514,0.188215103,0.071193742,0.058580457
Swale 011,E02005125,8553,0.159359289,0.529287969,0.204010856,0.046889616,0.04512722
Swale 012,E02005126,8163,0.237412716,0.615460002,0.231499623,0.049491608,0.039016569
Swale 013,E02005127,8883,0.231678487,0.692333671,0.300164699,0.037132891,0.027991603
Swale 014,E02005128,8972,0.209986625,0.73328132,0.308764665,0.048144433,0.04355069
Swale 015,E02005129,11464,0.220952547,0.666608514,0.315538608,0.057227602,0.045629467
Swale 016,E02005130,9521,0.209326751,0.632286525,0.292629687,0.050834996,0.03934496
Swale 017,E02005131,5797,0.243229257,0.717785061,0.349029327,0.048120041,0.04069356
Thanet 001,E02005132,10632,0.145786305,0.410741159,0.27198658,0.090464548,0.108662448
Thanet 002,E02005133,8634,0.34086171,0.701181376,0.298038162,0.05963409,0.034434095
Thanet 003,E02005134,7996,0.122186093,0.472486243,0.277471228,0.077558169,0.077399381
Thanet 004,E02005135,7880,0.172335025,0.519923858,0.254892525,0.073965998,0.068918177
Thanet 005,E02005136,8047,0.2321362,0.614266186,0.246672716,0.068481233,0.046473926
Thanet 006,E02005137,7724,0.176462973,0.51903159,0.197499578,0.08873057,0.080100915
Thanet 007,E02005138,9048,0.269783378,0.641467728,0.251547478,0.084005748,0.05873494
Thanet 008,E02005139,8865,0.410152284,0.723181049,0.251953375,0.072427798,0.043330238
Thanet 009,E02005140,7558,0.329452236,0.690923525,0.32970451,0.050416832,0.033898305
Thanet 010,E02005141,7065,0.288747346,0.644444444,0.348778856,0.051521585,0.049638396
Thanet 011,E02005142,7294,0.288319166,0.661502605,0.220863896,0.07868403,0.046344648
Thanet 012,E02005143,8207,0.204946996,0.592055562,0.268189381,0.057261209,0.055983019
Thanet 013,E02005144,8928,0.154009857,0.499439964,0.160789435,0.100268877,0.07358132
Thanet 014,E02005145,8058,0.249689749,0.683792504,0.256383455,0.058976906,0.040614423
Thanet 015,E02005146,8141,0.144699668,0.515784302,0.275516594,0.056142506,0.052935273
Thanet 016,E02005147,8707,0.205696566,0.532445159,0.297375292,0.085582998,0.083756345
Thanet 017,E02005148,7817,0.314570807,0.715747729,0.264859228,0.063876088,0.03567217
Tonbridge and Malling 001,E02005149,12101,0.170481778,0.611189158,0.293314309,0.036599471,0.032791863
Tonbridge and Malling 002,E02005150,11830,0.155790363,0.547337278,0.221901092,0.04818666,0.0340537
Tonbridge and Malling 003,E02005151,12719,0.199779857,0.632361035,0.252184156,0.043956908,0.026357076
Tonbridge and Malling 005,E02005153,9442,0.209171786,0.606121584,0.255826413,0.049343499,0.032588879
Tonbridge and Malling 006,E02005154,11751,0.217343205,0.682495107,0.391907761,0.034465152,0.035308953
Tonbridge and Malling 007,E02005155,12555,0.142493031,0.643170052,0.388877252,0.021896648,0.029022484
Tonbridge and Malling 008,E02005156,7211,0.244210234,0.671612814,0.302631579,0.046563193,0.047363718
Tonbridge and Malling 009,E02005157,6730,0.235661218,0.624368499,0.246457867,0.063763377,0.048975339
Tonbridge and Malling 010,E02005158,6615,0.236281179,0.712773998,0.410308895,0.036891442,0.031209363
Tonbridge and Malling 011,E02005159,7729,0.251261483,0.688446112,0.314707771,0.045154612,0.031750655
Tonbridge and Malling 012,E02005160,12508,0.150223857,0.601455069,0.398210516,0.038055644,0.038348991
Tonbridge and Malling 013,E02005161,8602,0.138339921,0.628923506,0.412760987,0.031504301,0.034920635
Tunbridge Wells 001,E02005162,10508,0.215835554,0.686048725,0.291980968,0.040334855,0.031202435
Tunbridge Wells 002,E02005163,8080,0.165965347,0.636757426,0.405153335,0.041207771,0.039073806
Tunbridge Wells 003,E02005164,8923,0.153087527,0.612238037,0.381183179,0.037535014,0.039283402
Tunbridge Wells 004,E02005165,7516,0.245210218,0.697046301,0.366226658,0.046687949,0.032590529
Tunbridge Wells 005,E02005166,6911,0.135291564,0.526696571,0.285794288,0.059887169,0.046301864
Tunbridge Wells 006,E02005167,7660,0.234856397,0.694125326,0.477683756,0.029618998,0.034630796
Tunbridge Wells 007,E02005168,7575,0.181122112,0.669570957,0.53356655,0.029846804,0.032433835
Tunbridge Wells 008,E02005169,9095,0.120175921,0.553161078,0.484578029,0.033307684,0.052186696
Tunbridge Wells 009,E02005170,9849,0.18336887,0.63163773,0.468117798,0.028638164,0.032219332
Tunbridge Wells 010,E02005171,6199,0.176157445,0.538473947,0.330961578,0.061612903,0.038422649
Tunbridge Wells 011,E02005172,8262,0.211086904,0.702372307,0.439377925,0.027586207,0.03329995
Tunbridge Wells 012,E02005173,8430,0.218030842,0.701660735,0.549693967,0.025029656,0.037617555
Tunbridge Wells 013,E02005174,7576,0.242476241,0.678590285,0.37029703,0.041974657,0.028267477
Tunbridge Wells 014,E02005175,8719,0.233742402,0.673242344,0.354616048,0.039908257,0.033682062
Burnley 001,E02005176,9114,0.198705289,0.540706605,0.268654665,0.057500274,0.040777165
Burnley 002,E02005177,6703,0.178875131,0.403103088,0.214899713,0.074306177,0.062360802
Burnley 003,E02005178,11817,0.070237793,0.230007616,0.200469208,0.056951849,0.111189469
Burnley 004,E02005179,9326,0.185502895,0.480162985,0.226978126,0.078176944,0.064413422
Burnley 005,E02005180,7080,0.238983051,0.641384181,0.296277409,0.055681176,0.02676978
Burnley 006,E02005181,6648,0.176444043,0.493531889,0.227255709,0.074330424,0.052867671
Burnley 007,E02005182,6310,0.167194929,0.422820919,0.199516324,0.091312619,0.076923077
Burnley 008,E02005183,6028,0.229263437,0.585600531,0.232484076,0.084619214,0.048595292
Burnley 009,E02005184,5078,0.298148878,0.675659709,0.338863636,0.051625616,0.030902349
Burnley 010,E02005185,9618,0.133395716,0.394364733,0.190405805,0.09356482,0.070184171
Burnley 011,E02005186,6194,0.192605747,0.596383597,0.301776303,0.05491843,0.032318795
Chorley 001,E02005189,5328,0.196696697,0.533220721,0.25624854,0.085757178,0.048582996
Chorley 002,E02005190,5973,0.248786205,0.70651264,0.420681551,0.037527224,0.023886378
Chorley 003,E02005191,9733,0.208157814,0.654988185,0.387173995,0.043960559,0.026110197
Chorley 004,E02005192,8852,0.158382286,0.645842747,0.444101557,0.033570702,0.027896082
Chorley 005,E02005193,8717,0.2485947,0.679132729,0.352290024,0.042001377,0.025265643
Chorley 006,E02005194,7986,0.216629101,0.587528174,0.295640327,0.059103431,0.034064516
Chorley 007,E02005195,7884,0.20738204,0.644216134,0.351830161,0.061659477,0.051266766
Chorley 008,E02005196,11323,0.201448379,0.600194295,0.390282132,0.043174996,0.029326575
Chorley 009,E02005197,7239,0.163834784,0.507943086,0.2496535,0.065736777,0.044023324
Chorley 010,E02005198,9679,0.180597169,0.572269863,0.294034998,0.060239719,0.041692595
Chorley 011,E02005199,7564,0.27194606,0.69209413,0.349211356,0.040201005,0.016348774
Chorley 012,E02005200,9134,0.13739873,0.534377053,0.297124601,0.059003831,0.037276449
Chorley 013,E02005201,8300,0.209759036,0.614698795,0.262013226,0.059156627,0.030998291
Chorley 014,E02005202,10023,0.235159134,0.664172403,0.341935484,0.047680798,0.030797101
Fylde 001,E02005203,8513,0.235052273,0.721954658,0.351032028,0.047932331,0.030673376
Fylde 002,E02005204,12577,0.202035462,0.62264451,0.331884898,0.050254453,0.03003101
Fylde 003,E02005205,6671,0.231749363,0.649228002,0.326190898,0.047669015,0.038283828
Fylde 004,E02005206,7567,0.255319149,0.6396194,0.293377905,0.064976228,0.046650718
Fylde 005,E02005207,8526,0.332277739,0.737156932,0.354485777,0.058878724,0.035755479
Fylde 006,E02005208,10053,0.305779369,0.682980205,0.341652614,0.080696517,0.065674463
Fylde 007,E02005209,8766,0.265685603,0.701574264,0.302312999,0.060011409,0.037100317
Fylde 008,E02005210,10213,0.36042299,0.750905708,0.394970248,0.059796438,0.028676471
Fylde 009,E02005211,8485,0.319033589,0.728579847,0.389666308,0.048556276,0.039814562
Hyndburn 001,E02005212,11018,0.20575422,0.527137412,0.271574733,0.066902687,0.044354839
Hyndburn 002,E02005213,11482,0.188904372,0.527782616,0.274134199,0.062973609,0.037591241
Hyndburn 003,E02005214,6659,0.200780898,0.542874305,0.270482809,0.067748235,0.051273885
Hyndburn 004,E02005215,12510,0.180175859,0.468105516,0.233280096,0.070183853,0.057793029
Hyndburn 005,E02005216,5338,0.170475834,0.466092169,0.222038697,0.082787039,0.060041408
Hyndburn 006,E02005217,13416,0.094588551,0.251565295,0.188568432,0.077754585,0.093238587
Hyndburn 007,E02005218,7290,0.199314129,0.527297668,0.243425489,0.0787488,0.040678958
Hyndburn 008,E02005219,8639,0.199791643,0.538835513,0.294232649,0.060676239,0.048371648
Hyndburn 009,E02005220,5892,0.275118805,0.61065852,0.283987317,0.064674928,0.028264758
Lancaster 001,E02005221,9942,0.283443975,0.708408771,0.351486326,0.056818182,0.023637557
Lancaster 002,E02005222,5994,0.302802803,0.762762763,0.430691136,0.044537114,0.019621834
Lancaster 003,E02005223,7243,0.320585393,0.765980947,0.373397436,0.043358188,0.019547954
Lancaster 004,E02005224,5159,0.408412483,0.763907734,0.308919983,0.079697499,0.041624365
Lancaster 005,E02005225,6026,0.255559243,0.705111185,0.408735724,0.041002656,0.011305242
Lancaster 006,E02005226,7465,0.188479571,0.532886805,0.205620057,0.08585588,0.079013906
Lancaster 008,E02005228,5774,0.196397645,0.586421891,0.208945549,0.066458982,0.044412607
Lancaster 009,E02005229,5744,0.145020891,0.5,0.232743745,0.090893261,0.080015314
Lancaster 010,E02005230,6587,0.257476848,0.604827691,0.18728175,0.092716237,0.055993987
Lancaster 011,E02005231,8282,0.150929727,0.519922724,0.256383298,0.069186187,0.048907388
Lancaster 013,E02005233,8042,0.128823676,0.583809998,0.423142022,0.051237408,0.035984355
Lancaster 014,E02005234,9087,0.088918235,0.484868493,0.38686844,0.039299868,0.050744249
Lancaster 015,E02005235,5103,0.094258279,0.522829708,0.378791185,0.041699295,0.047594937
Lancaster 016,E02005236,13421,0.219208703,0.631547575,0.269450064,0.057670814,0.033771999
Lancaster 017,E02005237,10341,0.168939174,0.61464075,0.447652582,0.047858455,0.036467116
Lancaster 018,E02005238,5616,0.194978632,0.625534188,0.383245383,0.03772242,0.027101335
Lancaster 019,E02005239,10902,0.138965327,0.696477711,0.298481606,0.025673941,0.019937695
Pendle 001,E02005240,5559,0.199676201,0.550098939,0.246535539,0.053616409,0.032390171
Pendle 002,E02005241,5612,0.21935139,0.564504633,0.243876235,0.054357512,0.038845727
Pendle 003,E02005242,6191,0.229365208,0.577774188,0.274613427,0.05280155,0.031708945
Pendle 006,E02005245,6931,0.234453903,0.639013129,0.335919986,0.03635839,0.022547914
Pendle 007,E02005246,5424,0.169063422,0.503871681,0.231771429,0.075774336,0.064792176
Pendle 008,E02005247,9881,0.270013157,0.663293189,0.375390907,0.040194391,0.026759376
Pendle 009,E02005248,7707,0.115090178,0.313611003,0.176024011,0.0716232,0.083743842
Pendle 010,E02005249,10468,0.120940008,0.317539167,0.17533051,0.066787693,0.085917641
Pendle 011,E02005250,9518,0.091931078,0.277369195,0.198771391,0.056629544,0.088669951
Pendle 012,E02005251,7309,0.190176495,0.447393624,0.245057881,0.063885089,0.047018739
Pendle 013,E02005252,10396,0.16669873,0.396787226,0.274805325,0.058308477,0.055412371
Preston 001,E02005253,7169,0.215929697,0.735946436,0.38640246,0.032514653,0.017781541
Preston 002,E02005254,9754,0.183411934,0.715808899,0.470840927,0.027584085,0.012771133
Preston 003,E02005255,9550,0.22104712,0.642408377,0.419271171,0.038429319,0.022111913
Preston 004,E02005256,6864,0.186188811,0.658799534,0.418059012,0.041405453,0.019275029
Preston 005,E02005257,5778,0.20768432,0.537383178,0.235899635,0.09527109,0.061825726
Preston 006,E02005258,8373,0.218320793,0.580078825,0.403107593,0.053417782,0.02548853
Preston 007,E02005259,10544,0.160185888,0.456183612,0.235192498,0.071509863,0.048432432
Preston 008,E02005260,6677,0.225400629,0.628126404,0.316341287,0.04494382,0.033519553
Preston 009,E02005261,10275,0.122627737,0.402530414,0.185175519,0.079805353,0.062078586
Preston 010,E02005262,7375,0.134372881,0.620881356,0.418200067,0.036067797,0.024274274
Preston 011,E02005263,7155,0.088749126,0.355136268,0.274032569,0.05520615,0.066893039
Preston 012,E02005264,12440,0.085771704,0.412299035,0.308087536,0.048556958,0.052091555
Preston 013,E02005265,10811,0.166127093,0.535010637,0.27863563,0.071481413,0.044698142
Preston 014,E02005266,8987,0.079670635,0.325692667,0.205424633,0.062889581,0.081882481
Preston 015,E02005267,6378,0.070398244,0.320790216,0.232129421,0.06336261,0.081266491
Preston 016,E02005268,9351,0.110469469,0.351513207,0.228709083,0.061062988,0.069299363
Preston 017,E02005269,10381,0.088334457,0.425103555,0.365764367,0.061934117,0.078335915
Ribble Valley 001,E02005270,7413,0.260218535,0.710778362,0.39731286,0.031835964,0.023068371
Ribble Valley 002,E02005271,8160,0.228308824,0.681372549,0.396681973,0.040073529,0.027120316
Ribble Valley 003,E02005272,8978,0.203942972,0.621630653,0.343754266,0.050011138,0.034821429
Ribble Valley 004,E02005273,5916,0.25811359,0.699628127,0.390122967,0.042089249,0.012044162
Ribble Valley 005,E02005274,7811,0.236973499,0.704775317,0.427217125,0.034950711,0.01728024
Ribble Valley 006,E02005275,5742,0.237025427,0.658655521,0.321376128,0.04231238,0.028621291
Ribble Valley 007,E02005276,8813,0.23045501,0.719618745,0.428319065,0.031203903,0.023755656
Ribble Valley 008,E02005277,8727,0.281540048,0.707345021,0.448196986,0.030483612,0.021684945
Rossendale 001,E02005278,7882,0.194240041,0.626363867,0.374728682,0.048344119,0.025993134
Rossendale 002,E02005279,10341,0.168939174,0.498984624,0.275613628,0.062475822,0.050884002
Rossendale 003,E02005280,11135,0.16389762,0.506061967,0.264036592,0.065822557,0.043842928
Rossendale 004,E02005281,8951,0.1748408,0.538599039,0.328567424,0.056529997,0.046960667
Rossendale 007,E02005284,6092,0.247866054,0.659717663,0.360365732,0.048744461,0.024575978
Rossendale 008,E02005285,6294,0.234032412,0.655386082,0.380618244,0.051159835,0.029606299
Rossendale 009,E02005286,7796,0.203052848,0.557465367,0.276266417,0.066812003,0.037735849
South Ribble 001,E02005287,5332,0.235933983,0.698424606,0.421653723,0.034864105,0.019349845
South Ribble 002,E02005288,5962,0.265011741,0.650452868,0.327017959,0.039926187,0.031036835
South Ribble 003,E02005289,5890,0.275721562,0.738879457,0.394578313,0.039225675,0.024336283
South Ribble 004,E02005290,7126,0.186219478,0.62349144,0.35495283,0.039276196,0.026342975
South Ribble 005,E02005291,5679,0.207430886,0.625286142,0.323949669,0.051575427,0.032970887
South Ribble 006,E02005292,5658,0.206079887,0.584128667,0.279172171,0.067880502,0.031502113
South Ribble 007,E02005293,5460,0.236630037,0.58021978,0.245702953,0.066177819,0.04828119
South Ribble 008,E02005294,7050,0.165106383,0.580992908,0.276779422,0.051311127,0.037944026
South Ribble 009,E02005295,7531,0.200106228,0.62833621,0.306845381,0.048599124,0.026883084
South Ribble 010,E02005296,6117,0.273827039,0.707699853,0.390248717,0.04332189,0.02741189
South Ribble 011,E02005297,8316,0.279100529,0.721260221,0.334843551,0.042693927,0.020299416
South Ribble 012,E02005298,8367,0.190151787,0.623281941,0.322627951,0.045193687,0.023954802
South Ribble 013,E02005299,7360,0.151222826,0.582744565,0.290878939,0.047567274,0.035157217
South Ribble 014,E02005300,5050,0.212475248,0.601386139,0.314720812,0.049108911,0.029532404
South Ribble 015,E02005301,6119,0.222748815,0.600588331,0.257501471,0.071708592,0.036086051
South Ribble 016,E02005302,7678,0.211383173,0.648345923,0.364455892,0.037654723,0.026206539
South Ribble 017,E02005303,6336,0.186395202,0.550978535,0.217738714,0.075441919,0.042847025
West Lancashire 001,E02005304,9018,0.256043469,0.691727656,0.321621979,0.043569845,0.02692394
West Lancashire 002,E02005305,7971,0.27725505,0.718103124,0.310702292,0.06384847,0.030157459
West Lancashire 003,E02005306,7504,0.280517058,0.697627932,0.30894435,0.050772921,0.027956388
West Lancashire 004,E02005307,9621,0.218896165,0.681218169,0.334974126,0.050727651,0.029923599
West Lancashire 005,E02005308,6505,0.285626441,0.731437356,0.435661433,0.039987696,0.025196335
West Lancashire 006,E02005309,8815,0.234940442,0.671695973,0.361182694,0.046851957,0.026666667
West Lancashire 007,E02005310,10140,0.170414201,0.475542406,0.264140701,0.050788955,0.032703978
West Lancashire 008,E02005311,6798,0.22889085,0.602677258,0.322025484,0.037658135,0.031626506
West Lancashire 009,E02005312,6273,0.2064403,0.599075403,0.277662582,0.060895903,0.029528158
West Lancashire 010,E02005313,8879,0.135037729,0.429102376,0.18467355,0.080198243,0.060944642
West Lancashire 011,E02005314,6415,0.190023383,0.524395947,0.210328638,0.075003898,0.050398724
West Lancashire 012,E02005315,8036,0.300024888,0.736560478,0.418707583,0.046795271,0.030045351
West Lancashire 013,E02005316,6586,0.142271485,0.45505618,0.200078385,0.066231202,0.064181524
West Lancashire 014,E02005317,7306,0.1285245,0.391322201,0.172450425,0.082158017,0.080442125
West Lancashire 015,E02005318,7570,0.235402906,0.657595773,0.331332912,0.058520476,0.034463744
Wyre 001,E02005319,8170,0.202937576,0.505997552,0.194276442,0.106841268,0.097589312
Wyre 002,E02005320,5873,0.235824962,0.573982632,0.205068638,0.067438692,0.056777289
Wyre 003,E02005321,6123,0.295280091,0.588110403,0.196403873,0.098529412,0.078403756
Wyre 004,E02005322,10292,0.353381267,0.73872911,0.268621503,0.074189163,0.033020005
Wyre 005,E02005323,7535,0.204512276,0.566290644,0.223209877,0.080987785,0.05692837
Wyre 006,E02005324,7271,0.235868519,0.695777747,0.373517465,0.042635126,0.025997046
Wyre 007,E02005325,9365,0.333048585,0.779818473,0.326464344,0.052963161,0.018984221
Wyre 008,E02005326,8281,0.320613452,0.662480377,0.230140025,0.091062802,0.067511792
Wyre 009,E02005327,6712,0.256555423,0.728545888,0.342316616,0.049627422,0.025277435
Wyre 010,E02005328,7568,0.325317125,0.746960888,0.285083714,0.073296355,0.031937984
Wyre 011,E02005329,9343,0.209033501,0.598951086,0.261738787,0.062198908,0.038470294
Wyre 012,E02005330,8796,0.296271032,0.719758981,0.302090268,0.058897101,0.029381707
Wyre 013,E02005331,8315,0.27925436,0.70499098,0.35935052,0.065528436,0.035647779
Wyre 014,E02005332,8297,0.291551163,0.737013378,0.35243714,0.048704039,0.032978447
Blaby 002,E02005334,6067,0.173397066,0.606889731,0.338382805,0.031641397,0.027179007
Blaby 003,E02005335,7552,0.246027542,0.687897246,0.383239323,0.04739211,0.02328844
Blaby 004,E02005336,7280,0.124862637,0.506730769,0.296069869,0.038736264,0.043027082
Blaby 005,E02005337,9987,0.190747972,0.562931811,0.259432799,0.048067294,0.047370534
Blaby 006,E02005338,11381,0.17845532,0.634566383,0.303855369,0.044376098,0.033220911
Blaby 007,E02005339,8678,0.200967965,0.653606822,0.318610212,0.035019007,0.022727273
Blaby 008,E02005340,8898,0.233648011,0.648572713,0.267001493,0.048314607,0.03652968
Blaby 009,E02005341,7617,0.16725745,0.631482211,0.287839163,0.04015748,0.030111705
Blaby 010,E02005342,7432,0.227798708,0.64383746,0.288840988,0.041997577,0.030435975
Blaby 011,E02005343,7967,0.236600979,0.67767039,0.298518976,0.037539234,0.025076766
Blaby 012,E02005344,9249,0.220023786,0.635311926,0.312948684,0.038058168,0.023030564
Charnwood 001,E02005345,6413,0.218306565,0.653360362,0.334767159,0.040374123,0.031073446
Charnwood 002,E02005346,12652,0.106860575,0.477157762,0.317066183,0.063675146,0.064663951
Charnwood 003,E02005347,11227,0.097443663,0.447225439,0.275757871,0.044511707,0.052759459
Charnwood 004,E02005348,5517,0.276237085,0.673010694,0.335201328,0.052173913,0.037441498
Charnwood 005,E02005349,7922,0.214592275,0.662206514,0.267508081,0.044548208,0.027553084
Charnwood 006,E02005350,6945,0.225485961,0.6550036,0.270423018,0.044917938,0.037676158
Charnwood 007,E02005351,11272,0.088183109,0.534865153,0.214910127,0.02864491,0.057178631
Charnwood 008,E02005352,6287,0.230634643,0.701765548,0.42640568,0.031821798,0.015559157
Charnwood 009,E02005353,10686,0.137750328,0.544076362,0.337624342,0.049789424,0.051639344
Charnwood 010,E02005354,10203,0.220817407,0.667156719,0.468420429,0.031853376,0.030258458
Charnwood 011,E02005355,7353,0.219774242,0.686114511,0.368534841,0.042810546,0.02832244
Charnwood 012,E02005356,7256,0.239801544,0.72216097,0.451356717,0.037332966,0.028708134
Charnwood 013,E02005357,8416,0.161359316,0.599453422,0.278720238,0.043473097,0.033295583
Charnwood 014,E02005358,12258,0.170500897,0.638358623,0.363747454,0.034918822,0.027386541
Charnwood 015,E02005359,7718,0.216895569,0.636952578,0.318819777,0.03057787,0.026776519
Charnwood 016,E02005360,6374,0.272670223,0.705365548,0.440208295,0.030906809,0.016249154
Charnwood 017,E02005361,6326,0.209136895,0.640689219,0.303379271,0.043773704,0.033272283
Charnwood 018,E02005362,7291,0.209984913,0.626114388,0.260521384,0.050466264,0.034021194
Charnwood 019,E02005363,9058,0.217376904,0.615919629,0.350386755,0.039403974,0.033664709
Charnwood 020,E02005364,5261,0.190077932,0.6304885,0.301011029,0.038030044,0.035369775
Charnwood 021,E02005365,9816,0.220558272,0.604319478,0.255250803,0.057457213,0.039186296
Charnwood 022,E02005366,7696,0.209849272,0.611616424,0.30587484,0.037027413,0.025515464
Harborough 002,E02005368,6404,0.2532792,0.728138663,0.440273669,0.034202717,0.023824068
Harborough 003,E02005369,12764,0.217643372,0.65269508,0.429364229,0.033612787,0.029974076
Harborough 004,E02005370,9654,0.181686348,0.651543402,0.309660909,0.031602943,0.020977675
Harborough 005,E02005371,10787,0.221748401,0.711226476,0.368227014,0.033552693,0.02785265
Harborough 006,E02005372,10228,0.230250293,0.723797419,0.386522346,0.030397811,0.021751466
Harborough 007,E02005373,12176,0.217887648,0.75468134,0.41697964,0.034983986,0.026572486
Harborough 008,E02005374,6552,0.237179487,0.643467643,0.291538322,0.066697192,0.030872056
Harborough 009,E02005375,9381,0.220125786,0.69726042,0.389294087,0.035813259,0.030945316
Harborough 010,E02005376,10830,0.216805171,0.675530933,0.324333484,0.041366574,0.030297363
Hinckley and Bosworth 001,E02005377,9064,0.238857017,0.649382171,0.306458137,0.046226831,0.027681661
Hinckley and Bosworth 002,E02005378,5325,0.231924883,0.670234742,0.315777369,0.033621337,0.024136651
Hinckley and Bosworth 003,E02005379,6063,0.239815273,0.678377041,0.296784502,0.043879908,0.031175873
Hinckley and Bosworth 004,E02005380,8677,0.270485191,0.727786101,0.361202636,0.044024432,0.020427782
Hinckley and Bosworth 005,E02005381,8871,0.257468155,0.701837448,0.32957669,0.05115493,0.025889185
Hinckley and Bosworth 006,E02005382,10632,0.20579383,0.620297216,0.230698949,0.056726246,0.040890072
Hinckley and Bosworth 007,E02005383,9155,0.210049153,0.625341344,0.218131433,0.059440559,0.035908596
Hinckley and Bosworth 008,E02005384,7408,0.226106911,0.691819654,0.322162862,0.04226303,0.025915041
Hinckley and Bosworth 009,E02005385,6640,0.251807229,0.674096386,0.328640171,0.039307229,0.028431672
Hinckley and Bosworth 010,E02005386,9117,0.172096084,0.582099375,0.25541694,0.05122299,0.048835309
Hinckley and Bosworth 011,E02005387,9956,0.167838489,0.61209321,0.264709526,0.044495781,0.031232254
Hinckley and Bosworth 012,E02005388,6227,0.182431347,0.584069375,0.259033778,0.048482903,0.038641321
Hinckley and Bosworth 013,E02005389,6050,0.274380165,0.659173554,0.279281059,0.062159035,0.036350418
Hinckley and Bosworth 014,E02005390,10460,0.233078394,0.671128107,0.364985507,0.034133282,0.018181818
Melton 001,E02005391,9720,0.258539095,0.749176955,0.387381858,0.038580247,0.026199028
Melton 002,E02005392,9286,0.230992893,0.688994185,0.293112445,0.033286653,0.02546544
Melton 003,E02005393,7434,0.227737423,0.686978746,0.324306899,0.036733046,0.024960589
Melton 004,E02005394,9623,0.199521979,0.574872701,0.221077344,0.043437597,0.038009823
Melton 005,E02005395,8824,0.227221215,0.631233001,0.26763037,0.047829536,0.039881495
Melton 006,E02005396,6872,0.275029104,0.751746217,0.385560676,0.038422355,0.027826087
North West Leicestershire 001,E02005397,9260,0.209719222,0.715766739,0.338668043,0.046976242,0.029943855
North West Leicestershire 002,E02005398,6863,0.210257905,0.664432464,0.36882323,0.034814275,0.02996134
North West Leicestershire 003,E02005399,8321,0.180867684,0.667948564,0.40432513,0.038937628,0.026729191
North West Leicestershire 004,E02005400,5831,0.267535586,0.656319671,0.243243243,0.054345963,0.03
North West Leicestershire 005,E02005401,6461,0.228602384,0.70159418,0.377109998,0.035101283,0.027405793
North West Leicestershire 006,E02005402,6799,0.249448448,0.70466245,0.399677824,0.048529412,0.033312183
North West Leicestershire 007,E02005403,6557,0.242488943,0.656397743,0.251828072,0.057182068,0.031334739
North West Leicestershire 008,E02005404,8717,0.187564529,0.649650109,0.284692016,0.050429799,0.033235361
North West Leicestershire 009,E02005405,7200,0.223333333,0.603611111,0.22971819,0.074572976,0.0506248
North West Leicestershire 010,E02005406,7904,0.137019231,0.526189271,0.194620253,0.056307731,0.043281807
North West Leicestershire 011,E02005407,10936,0.148774689,0.65298098,0.288608735,0.03722334,0.026384365
North West Leicestershire 012,E02005408,7839,0.205128205,0.653527236,0.294463347,0.047697998,0.036381759
North West Leicestershire 013,E02005409,12006,0.185490588,0.632683658,0.244694004,0.048900367,0.031633312
Oadby and Wigston 003,E02005412,8825,0.240906516,0.595240793,0.397513773,0.051796441,0.04398827
Oadby and Wigston 005,E02005414,8231,0.209573563,0.559713279,0.23470925,0.069258809,0.048891264
Oadby and Wigston 006,E02005415,8117,0.185906123,0.566095848,0.21948231,0.056931608,0.049570056
Oadby and Wigston 007,E02005416,8965,0.272615728,0.705521472,0.286938184,0.043046727,0.036094401
Boston 001,E02005417,7561,0.279195874,0.681523608,0.183730281,0.07140968,0.038997214
Boston 002,E02005418,11011,0.12987013,0.344746163,0.15080561,0.065019978,0.051245038
Boston 003,E02005419,8733,0.117370892,0.381312264,0.195286195,0.045579478,0.046463816
Boston 004,E02005420,8860,0.18476298,0.481489842,0.162591343,0.059494242,0.049596309
Boston 006,E02005422,6689,0.25085962,0.684855733,0.198424069,0.065162158,0.037864078
Boston 007,E02005423,10453,0.232373481,0.601358462,0.191451784,0.061429528,0.035840066
East Lindsey 001,E02005424,10199,0.298852829,0.708206687,0.276532479,0.051769781,0.030065066
East Lindsey 002,E02005425,6515,0.302839601,0.702532617,0.244883303,0.066451811,0.034433795
East Lindsey 003,E02005426,10478,0.23525482,0.659095247,0.236339931,0.076056876,0.050652859
East Lindsey 004,E02005427,6897,0.270117442,0.677250979,0.292333901,0.055684455,0.051043339
East Lindsey 005,E02005428,8452,0.352224326,0.706105064,0.156467221,0.125532418,0.09796067
East Lindsey 006,E02005429,6239,0.501843244,0.782817759,0.165305058,0.130365151,0.090399002
East Lindsey 007,E02005430,7055,0.322182849,0.730120482,0.281081962,0.06746988,0.03902439
East Lindsey 008,E02005431,8841,0.323832146,0.703879652,0.198291721,0.082230517,0.051201373
East Lindsey 009,E02005432,7771,0.315403423,0.743018916,0.294379356,0.06036813,0.03897965
East Lindsey 010,E02005433,7005,0.395431834,0.749750178,0.127416799,0.130583702,0.104221636
East Lindsey 011,E02005434,7557,0.268360461,0.703321424,0.238472508,0.069111611,0.037752945
East Lindsey 012,E02005435,7859,0.293294312,0.682911312,0.156516534,0.097607534,0.080898876
East Lindsey 013,E02005436,8176,0.304794521,0.704500978,0.20698652,0.069366283,0.0474617
East Lindsey 014,E02005437,6244,0.215086483,0.597053171,0.161444402,0.09529148,0.10745938
East Lindsey 015,E02005438,7022,0.273996013,0.633722586,0.143729287,0.106034728,0.089334908
East Lindsey 016,E02005439,11948,0.274857717,0.746652159,0.244635193,0.058336123,0.032999629
East Lindsey 017,E02005440,5555,0.290729073,0.673267327,0.168010182,0.092152628,0.074482759
East Lindsey 018,E02005441,8478,0.298773296,0.705708894,0.222769568,0.072077386,0.03839957
Lincoln 001,E02005442,6648,0.137033694,0.477737665,0.193153083,0.085968082,0.065224974
Lincoln 002,E02005443,7504,0.191497868,0.582889126,0.29109982,0.059717409,0.051605819
Lincoln 003,E02005444,13622,0.16590809,0.565262076,0.394834886,0.045140928,0.041853752
Lincoln 004,E02005445,12717,0.09247464,0.427537941,0.26284196,0.064166077,0.070303236
Lincoln 005,E02005446,10444,0.065587897,0.4730946,0.242262862,0.032838679,0.052870091
Lincoln 006,E02005447,8310,0.080746089,0.377015644,0.231269007,0.051960548,0.056548348
Lincoln 007,E02005448,7321,0.143559623,0.533806857,0.219730156,0.067886901,0.049552239
Lincoln 008,E02005449,9410,0.12848034,0.505100956,0.253416301,0.041865902,0.046535677
Lincoln 009,E02005450,8432,0.251185958,0.665203985,0.272740014,0.049946613,0.025547445
Lincoln 010,E02005451,8052,0.127794337,0.505464481,0.194865253,0.06965483,0.061630761
Lincoln 011,E02005452,11346,0.216199542,0.650273224,0.241209789,0.049519781,0.036503011
North Kesteven 001,E02005453,10721,0.274041601,0.740509281,0.331943835,0.038899254,0.02481923
North Kesteven 003,E02005455,14462,0.203637118,0.663946895,0.341817256,0.039549194,0.022861754
North Kesteven 004,E02005456,10936,0.19815289,0.772860278,0.297568115,0.049835406,0.027632292
North Kesteven 005,E02005457,8737,0.251688223,0.685818931,0.303992237,0.051505093,0.028862479
North Kesteven 006,E02005458,6738,0.296230335,0.764321757,0.369060007,0.043033091,0.022272434
North Kesteven 007,E02005459,8499,0.246852571,0.697611484,0.243093923,0.067553254,0.042728238
North Kesteven 008,E02005460,6380,0.175862069,0.731504702,0.322902922,0.039184953,0.027412907
North Kesteven 009,E02005461,6346,0.322565396,0.77986133,0.301040545,0.058647328,0.029567054
North Kesteven 010,E02005462,9835,0.199186579,0.627554652,0.22701618,0.064565328,0.045211056
North Kesteven 011,E02005463,9977,0.177307808,0.642377468,0.299800797,0.038692863,0.027152832
North Kesteven 012,E02005464,8601,0.303569352,0.736193466,0.261179957,0.059172286,0.039113429
South Holland 001,E02005465,8807,0.274440786,0.690246395,0.203882177,0.056211674,0.038557214
South Holland 002,E02005466,6767,0.285059849,0.668981824,0.180865922,0.067375887,0.045098039
South Holland 003,E02005467,7744,0.252453512,0.638042355,0.171157141,0.064841126,0.039096916
South Holland 004,E02005468,7633,0.266605529,0.689244072,0.204616344,0.056151832,0.037047592
South Holland 005,E02005469,7989,0.223807736,0.637000876,0.224193302,0.046843687,0.038817931
South Holland 006,E02005470,12926,0.174531951,0.485997215,0.22346263,0.041534535,0.029787234
South Holland 007,E02005471,9125,0.213917808,0.52109589,0.191960732,0.058965366,0.042800702
South Holland 008,E02005472,9980,0.280360721,0.630160321,0.168744008,0.075705988,0.049448022
South Holland 009,E02005473,9802,0.211793512,0.549581718,0.206400397,0.048051418,0.033575496
South Holland 010,E02005474,7168,0.276785714,0.699916295,0.188540646,0.068238906,0.039180229
South Holland 011,E02005475,7175,0.208641115,0.67902439,0.239891267,0.049491147,0.032231405
South Kesteven 001,E02005476,7195,0.258929812,0.750243224,0.35322235,0.044620517,0.030862417
South Kesteven 002,E02005477,9069,0.314808689,0.779689051,0.328402751,0.053600971,0.028585884
South Kesteven 003,E02005478,10031,0.241650882,0.654471139,0.247815922,0.070616397,0.054047942
South Kesteven 004,E02005479,9860,0.215314402,0.689858012,0.301104294,0.040052728,0.040394089
South Kesteven 005,E02005480,7442,0.13974738,0.512765386,0.179104478,0.058594275,0.067146283
South Kesteven 006,E02005481,12265,0.153607827,0.577741541,0.249849367,0.048178039,0.053149002
South Kesteven 007,E02005482,9601,0.251640454,0.716175398,0.307396853,0.042205085,0.028064383
South Kesteven 008,E02005483,7884,0.260020294,0.717148656,0.301606365,0.054674616,0.033790919
South Kesteven 009,E02005484,7177,0.242998467,0.706144629,0.312552092,0.049735302,0.029394977
South Kesteven 010,E02005485,8429,0.215683948,0.687507415,0.287533314,0.036782155,0.026704816
South Kesteven 011,E02005486,9558,0.221489851,0.647415777,0.271335927,0.051359833,0.031553923
South Kesteven 012,E02005487,9788,0.269002861,0.744687372,0.35430303,0.037597058,0.03331891
South Kesteven 013,E02005488,7104,0.25365991,0.690737613,0.294788828,0.050942865,0.028807846
South Kesteven 014,E02005489,7254,0.228012131,0.701681831,0.299933533,0.038180565,0.034050667
South Kesteven 015,E02005490,9243,0.214757113,0.636265282,0.302758348,0.053013091,0.041903099
South Kesteven 016,E02005491,11509,0.235641672,0.658962551,0.396683807,0.035202086,0.03060322
West Lindsey 001,E02005492,9841,0.267757342,0.701351489,0.319043594,0.053359081,0.02675737
West Lindsey 002,E02005493,10139,0.243909656,0.689910248,0.288500177,0.052470658,0.034395973
West Lindsey 003,E02005494,9727,0.285493986,0.699393441,0.284206696,0.062609232,0.042763158
West Lindsey 004,E02005495,10499,0.179445661,0.549385656,0.182245186,0.082857143,0.089500861
West Lindsey 005,E02005496,6282,0.255651067,0.723177332,0.320627803,0.053937947,0.032601464
West Lindsey 006,E02005497,7477,0.17640765,0.529624181,0.17088163,0.074495118,0.083804456
West Lindsey 007,E02005498,7416,0.334951456,0.76092233,0.294573643,0.055555556,0.033166458
West Lindsey 008,E02005499,8554,0.234627075,0.723988777,0.349564472,0.042553191,0.02967581
West Lindsey 009,E02005500,7334,0.248704663,0.728388328,0.341918867,0.037622683,0.028800886
West Lindsey 010,E02005501,8111,0.284551843,0.758599433,0.397873283,0.034648582,0.021397616
West Lindsey 011,E02005502,9769,0.273006449,0.698638551,0.290116636,0.057836012,0.025273988
Breckland 001,E02005503,7485,0.271609886,0.699265197,0.267508794,0.04464047,0.029850746
Breckland 002,E02005504,9247,0.300854331,0.711582135,0.26531652,0.064250946,0.030199708
Breckland 003,E02005505,7651,0.257482682,0.667886551,0.239619651,0.059315391,0.03974284
Breckland 004,E02005506,7013,0.280764295,0.701269072,0.234060545,0.05675984,0.036313702
Breckland 005,E02005507,11602,0.242199621,0.656007585,0.187786578,0.058245735,0.04444038
Breckland 006,E02005508,7249,0.286246379,0.727548627,0.281341108,0.048,0.029717253
Breckland 007,E02005509,8563,0.32582039,0.711082565,0.219649993,0.066900175,0.050852355
Breckland 008,E02005510,7327,0.326190801,0.724170875,0.22278481,0.058285558,0.028213166
Breckland 009,E02005511,8969,0.291559817,0.638644219,0.179976474,0.058101929,0.035036496
Breckland 010,E02005512,10107,0.200356189,0.642228159,0.256104754,0.053444181,0.043622767
Breckland 011,E02005513,10591,0.22962893,0.656595222,0.226780627,0.051553206,0.027493364
Breckland 012,E02005514,6877,0.275847026,0.675585284,0.235162567,0.059610352,0.033166458
Breckland 013,E02005515,6470,0.242503864,0.701700155,0.295042545,0.044478764,0.038329698
Breckland 014,E02005516,7065,0.276999292,0.709978769,0.293948614,0.044026048,0.025648673
Breckland 015,E02005517,5931,0.128477491,0.491822627,0.159026102,0.062847515,0.050672182
Breckland 016,E02005518,10691,0.180057993,0.583387896,0.205026605,0.040033673,0.031228899
Breckland 017,E02005519,8636,0.150532654,0.497220936,0.183718861,0.058264798,0.052518501
Broadland 001,E02005520,8940,0.299552573,0.718120805,0.289424364,0.049228015,0.037701508
Broadland 002,E02005521,8649,0.269395306,0.716036536,0.306200492,0.04658421,0.026717557
Broadland 003,E02005522,5501,0.263770224,0.722595892,0.284763948,0.046207022,0.032222222
Broadland 004,E02005523,8611,0.202415515,0.69794449,0.237201365,0.036249564,0.02620784
Broadland 005,E02005524,5332,0.275693923,0.736684171,0.223966394,0.046895517,0.024912417
Broadland 006,E02005525,9837,0.230863068,0.700518451,0.277777778,0.043305886,0.029465556
Broadland 007,E02005526,5394,0.249721913,0.712643678,0.267278014,0.042663699,0.032220944
Broadland 008,E02005527,9156,0.249890782,0.711664482,0.301746956,0.044332824,0.022268136
Broadland 009,E02005528,8497,0.249382135,0.703189361,0.260425413,0.043432203,0.030812989
Broadland 010,E02005529,5684,0.323539761,0.747009148,0.206861344,0.059486096,0.032232392
Broadland 011,E02005530,5442,0.262219772,0.698640206,0.235729847,0.047960309,0.027361319
Broadland 012,E02005531,5345,0.242656688,0.691487371,0.233400402,0.047342814,0.030787217
Broadland 013,E02005532,9532,0.249055812,0.700797314,0.24774323,0.042187008,0.026059322
Broadland 014,E02005533,9054,0.277225536,0.735917826,0.292165899,0.049607778,0.030728285
Broadland 015,E02005534,7365,0.269925322,0.726544467,0.269899506,0.046978955,0.034601087
Broadland 016,E02005535,7161,0.199832426,0.676581483,0.369103774,0.035050971,0.029931973
Broadland 017,E02005536,6213,0.291163689,0.755512635,0.331248816,0.052462182,0.026822558
Broadland 018,E02005537,6020,0.283222591,0.731893688,0.259714899,0.054771784,0.040014684
Great Yarmouth 001,E02005538,9678,0.324860508,0.734759248,0.185512367,0.069702602,0.050500122
Great Yarmouth 002,E02005539,8016,0.289545908,0.722929142,0.230837004,0.060137243,0.041689828
Great Yarmouth 003,E02005540,8803,0.336362604,0.718959446,0.167948885,0.069756873,0.052646318
Great Yarmouth 004,E02005541,5901,0.244704287,0.600406711,0.158035898,0.078983051,0.080948487
Great Yarmouth 005,E02005542,7211,0.150048537,0.479267785,0.154085334,0.082108183,0.103568045
Great Yarmouth 006,E02005543,9344,0.126070205,0.426904966,0.143407652,0.095054592,0.122496749
Great Yarmouth 007,E02005544,7157,0.141400028,0.468492385,0.143291049,0.071977638,0.085749922
Great Yarmouth 008,E02005545,6478,0.293763507,0.696048163,0.19649699,0.057107578,0.040609137
Great Yarmouth 009,E02005546,7925,0.206940063,0.573123028,0.159418047,0.090094637,0.07959608
Great Yarmouth 010,E02005547,8507,0.245092277,0.633008111,0.243311388,0.057841524,0.063774852
Great Yarmouth 011,E02005548,7419,0.215527699,0.575279687,0.190057491,0.080614721,0.071124222
Great Yarmouth 012,E02005549,5583,0.288912771,0.701235895,0.18951529,0.068360773,0.052191235
Great Yarmouth 013,E02005550,7726,0.252782811,0.696738286,0.19804287,0.057460852,0.044826614
King's Lynn and West Norfolk 001,E02005551,5231,0.441406997,0.745173007,0.239475354,0.079908239,0.059824369
King's Lynn and West Norfolk 002,E02005552,6540,0.364678899,0.721865443,0.313067785,0.056099052,0.040422433
King's Lynn and West Norfolk 003,E02005553,8718,0.417297545,0.763019041,0.232108317,0.069250172,0.037480799
King's Lynn and West Norfolk 004,E02005554,7047,0.370796083,0.720164609,0.242721623,0.060175986,0.043828892
King's Lynn and West Norfolk 005,E02005555,6840,0.302046784,0.729093567,0.314374892,0.043872477,0.023465124
King's Lynn and West Norfolk 006,E02005556,7770,0.21981982,0.645817246,0.203556387,0.048758523,0.022565923
King's Lynn and West Norfolk 007,E02005557,6873,0.115524516,0.397933944,0.156452227,0.075312591,0.0625
King's Lynn and West Norfolk 008,E02005558,7356,0.273382273,0.701196302,0.193005181,0.06757308,0.033065237
King's Lynn and West Norfolk 009,E02005559,7356,0.187601958,0.553561718,0.213891213,0.061157923,0.040401226
King's Lynn and West Norfolk 010,E02005560,9088,0.128080986,0.51056338,0.275142045,0.046869843,0.049828179
King's Lynn and West Norfolk 011,E02005561,10883,0.164292934,0.487641275,0.21632285,0.062006247,0.053473991
King's Lynn and West Norfolk 012,E02005562,7459,0.282343478,0.709344416,0.25660915,0.057380346,0.03528374
King's Lynn and West Norfolk 013,E02005563,8055,0.242085661,0.687150838,0.199256506,0.063795457,0.032342887
King's Lynn and West Norfolk 014,E02005564,9650,0.247357513,0.771813472,0.254134782,0.049865229,0.02849905
King's Lynn and West Norfolk 015,E02005565,7351,0.23534213,0.665759761,0.222999349,0.059319728,0.034974818
King's Lynn and West Norfolk 016,E02005566,10418,0.244864657,0.663083125,0.204020678,0.066436252,0.037375415
King's Lynn and West Norfolk 017,E02005567,11351,0.299180689,0.658356092,0.238160387,0.057626223,0.043255433
King's Lynn and West Norfolk 018,E02005568,7596,0.275671406,0.684044234,0.244334058,0.057018699,0.036007939
King's Lynn and West Norfolk 019,E02005569,8741,0.213819929,0.584029287,0.218469731,0.053324179,0.034448328
North Norfolk 001,E02005570,7087,0.401439255,0.741216312,0.288557214,0.058831828,0.036736272
North Norfolk 002,E02005571,5835,0.37412168,0.732133676,0.341831732,0.051251286,0.0351844
North Norfolk 003,E02005572,7544,0.371818664,0.720837752,0.251922207,0.073180432,0.050935551
North Norfolk 004,E02005573,5750,0.416173913,0.750434783,0.3092,0.062065369,0.049689441
North Norfolk 005,E02005574,6953,0.352941176,0.734215447,0.278849297,0.060261758,0.03470255
North Norfolk 006,E02005575,6982,0.335290748,0.725866514,0.315304948,0.047277937,0.035491291
North Norfolk 007,E02005576,6663,0.362899595,0.739606784,0.250086237,0.076091851,0.049141031
North Norfolk 008,E02005577,5973,0.305206764,0.703499079,0.28702439,0.053882195,0.027622247
North Norfolk 009,E02005578,5917,0.25333784,0.670103093,0.246440746,0.05119973,0.034348442
North Norfolk 011,E02005580,8013,0.299638088,0.694371646,0.205279457,0.056026953,0.041981528
North Norfolk 012,E02005581,7846,0.266250319,0.726102473,0.268155598,0.056844252,0.049375709
North Norfolk 013,E02005582,6804,0.311287478,0.706643151,0.215187713,0.065412318,0.045755968
North Norfolk 014,E02005583,8602,0.38514299,0.79028133,0.273418053,0.063691306,0.040834313
Norwich 001,E02005584,11177,0.143866869,0.535743044,0.248153949,0.057797262,0.052489664
Norwich 002,E02005585,11202,0.121317622,0.486877343,0.24946358,0.065166934,0.063293503
Norwich 003,E02005586,10354,0.107591269,0.584218659,0.37461477,0.047715638,0.044877083
Norwich 004,E02005587,10333,0.173715281,0.571760379,0.204419222,0.071718931,0.06469542
Norwich 005,E02005588,13030,0.129547199,0.508058327,0.251428027,0.058313512,0.057741241
Norwich 006,E02005589,12267,0.121382571,0.505991685,0.270029674,0.060013046,0.059100726
Norwich 009,E02005592,9183,0.136556681,0.65817271,0.583836858,0.027439024,0.039771525
Norwich 010,E02005593,10871,0.098518995,0.562413761,0.225587467,0.04343425,0.060668593
Norwich 011,E02005594,10938,0.185774365,0.652130188,0.481946625,0.052491998,0.051823061
Norwich 012,E02005595,9378,0.281296652,0.706440606,0.476172514,0.043283582,0.031200839
Norwich 013,E02005596,9970,0.175225677,0.561985958,0.277540241,0.063383813,0.051170859
South Norfolk 002,E02005598,9952,0.215032154,0.722367363,0.444375156,0.031140131,0.021453864
South Norfolk 003,E02005599,7201,0.235522844,0.711567838,0.359310345,0.039438967,0.029798422
South Norfolk 004,E02005600,6408,0.251404494,0.701935081,0.325477211,0.049321055,0.027306273
South Norfolk 005,E02005601,5462,0.320212376,0.7429513,0.304439301,0.057111477,0.036976171
South Norfolk 006,E02005602,12707,0.251514913,0.721885575,0.372614187,0.038243626,0.026251823
South Norfolk 007,E02005603,12819,0.16491146,0.698026367,0.348257212,0.033078483,0.024393962
South Norfolk 008,E02005604,8849,0.270991072,0.712509888,0.332261522,0.04588089,0.0315999
South Norfolk 009,E02005605,10688,0.250187126,0.716223802,0.349238809,0.041717332,0.025502318
South Norfolk 010,E02005606,5838,0.266529633,0.720280918,0.312112112,0.043336759,0.031466113
South Norfolk 011,E02005607,11552,0.236842105,0.691481994,0.29118015,0.043530939,0.030334911
South Norfolk 012,E02005608,7624,0.297612802,0.741605456,0.290224188,0.048780488,0.034327518
South Norfolk 013,E02005609,7546,0.292737874,0.689106812,0.248413706,0.050874404,0.036613943
South Norfolk 014,E02005610,8090,0.286897404,0.726946848,0.272896394,0.049567367,0.029351184
South Norfolk 015,E02005611,10921,0.265726582,0.652687483,0.231940395,0.050457875,0.034833365
North Northamptonshire 002,E02005612,7316,0.197648989,0.577091307,0.262545696,0.055039607,0.031763122
North Northamptonshire 003,E02005613,9333,0.157612772,0.484838744,0.176533191,0.059667916,0.036326109
North Northamptonshire 006,E02005614,13797,0.114807567,0.488874393,0.298876404,0.037689353,0.024206349
North Northamptonshire 004,E02005615,9397,0.190592742,0.495583697,0.179177074,0.06853251,0.044019755
North Northamptonshire 005,E02005616,5868,0.132242672,0.445126108,0.18085557,0.072634271,0.048821549
North Northamptonshire 007,E02005617,11188,0.130139435,0.404987487,0.168819294,0.069883825,0.056227106
West Northamptonshire 001,E02005619,6331,0.230769231,0.723582372,0.421936945,0.032222398,0.015868172
West Northamptonshire 002,E02005620,8654,0.199792004,0.66766813,0.371959943,0.033391103,0.024104528
West Northamptonshire 004,E02005621,9056,0.234761484,0.679991166,0.351095171,0.047682119,0.045227386
West Northamptonshire 005,E02005622,9891,0.214134061,0.703366697,0.410056832,0.03255814,0.028290766
West Northamptonshire 003,E02005623,11575,0.197408207,0.685442765,0.376489533,0.03430102,0.026244497
West Northamptonshire 010,E02005624,11520,0.13828125,0.570746528,0.304779372,0.037843937,0.029379591
West Northamptonshire 016,E02005625,9426,0.215680034,0.560577127,0.23623263,0.056870027,0.038335875
West Northamptonshire 022,E02005626,7183,0.137268551,0.452596408,0.21942959,0.057536918,0.043803715
West Northamptonshire 027,E02005627,7650,0.237777778,0.696862745,0.344723936,0.046797386,0.034946932
West Northamptonshire 042,E02005628,8500,0.214588235,0.671647059,0.347157568,0.040955631,0.032882883
North Northamptonshire 001,E02005629,6476,0.253705991,0.729308215,0.400743494,0.041660238,0.028366482
North Northamptonshire 010,E02005630,10582,0.245416745,0.643545644,0.420137674,0.038828531,0.029580762
North Northamptonshire 011,E02005631,11123,0.197968174,0.672480446,0.323715847,0.035881295,0.030333842
North Northamptonshire 024,E02005632,6522,0.255596443,0.666819994,0.32708563,0.049057182,0.02532447
North Northamptonshire 025,E02005633,9876,0.211320373,0.592243823,0.241199154,0.050420168,0.031931773
North Northamptonshire 027,E02005634,9308,0.174581006,0.58326171,0.227169711,0.051981527,0.032462057
North Northamptonshire 035,E02005635,9445,0.19671784,0.624457385,0.276735337,0.044886725,0.028342575
North Northamptonshire 034,E02005636,12349,0.187140659,0.570167625,0.2293885,0.04430226,0.040244688
North Northamptonshire 037,E02005637,9358,0.166916008,0.525219064,0.218395355,0.060916961,0.047249055
North Northamptonshire 039,E02005638,9982,0.229813665,0.662191946,0.252532562,0.040068116,0.028491731
North Northamptonshire 012,E02005639,5612,0.267818959,0.723271561,0.366073298,0.045819219,0.02628736
North Northamptonshire 013,E02005640,11899,0.201613581,0.605092865,0.269452299,0.043529412,0.02368065
North Northamptonshire 014,E02005641,8623,0.205960803,0.613591557,0.262115165,0.051850133,0.033641317
North Northamptonshire 015,E02005642,8438,0.200876985,0.635814174,0.275936599,0.03991945,0.025190663
North Northamptonshire 016,E02005643,8742,0.127545184,0.451040952,0.178539088,0.068291009,0.056455696
North Northamptonshire 017,E02005644,9200,0.083043478,0.419456522,0.238767123,0.046407999,0.051677067
North Northamptonshire 018,E02005645,12631,0.178133164,0.563771673,0.333722514,0.051468842,0.043350364
North Northamptonshire 019,E02005646,6501,0.260421474,0.638978619,0.244806289,0.045846154,0.027624309
North Northamptonshire 022,E02005647,7621,0.191575909,0.546516205,0.252681183,0.060482813,0.048479869
North Northamptonshire 021,E02005648,9708,0.190049444,0.657911001,0.338102604,0.029569339,0.030413625
West Northamptonshire 006,E02005650,6971,0.181179171,0.547697604,0.267025712,0.041732396,0.036526946
West Northamptonshire 007,E02005651,6389,0.267647519,0.680231648,0.26986755,0.04553278,0.02683928
West Northamptonshire 008,E02005652,6754,0.249629849,0.620669233,0.242256043,0.042493337,0.030754893
West Northamptonshire 011,E02005653,8982,0.104097083,0.386996215,0.239766955,0.047407078,0.054529067
West Northamptonshire 009,E02005654,8717,0.117930481,0.423196054,0.258298129,0.050470291,0.05005848
West Northamptonshire 012,E02005655,6388,0.252974327,0.620225423,0.278782112,0.051041177,0.037652646
West Northamptonshire 014,E02005656,6670,0.117091454,0.387556222,0.223293173,0.059079322,0.073031826
West Northamptonshire 013,E02005657,6604,0.225166566,0.595548153,0.288752704,0.041035736,0.033847084
West Northamptonshire 015,E02005658,6966,0.098334769,0.390755096,0.246368715,0.052397359,0.059133489
West Northamptonshire 018,E02005659,6013,0.210710128,0.564111093,0.283603829,0.047215295,0.035602094
West Northamptonshire 026,E02005660,6642,0.161698284,0.553447757,0.240307102,0.059151114,0.057318653
West Northamptonshire 017,E02005661,6984,0.112542955,0.422823597,0.262504701,0.04797365,0.056838366
West Northamptonshire 019,E02005662,6800,0.156470588,0.554117647,0.313318777,0.044552272,0.043370166
West Northamptonshire 023,E02005663,5543,0.208731734,0.628720909,0.28867554,0.033748421,0.027588556
West Northamptonshire 025,E02005664,6194,0.147077817,0.489021634,0.30739525,0.051985793,0.039888683
West Northamptonshire 024,E02005665,8511,0.161908119,0.510398308,0.303323699,0.037563094,0.039093736
West Northamptonshire 021,E02005666,9143,0.088701739,0.364322432,0.202778599,0.060715458,0.074922453
West Northamptonshire 020,E02005667,6778,0.197845972,0.559752139,0.265237651,0.053695235,0.044444444
West Northamptonshire 028,E02005668,6571,0.242885406,0.6431289,0.262748007,0.048721072,0.028580502
West Northamptonshire 029,E02005669,6056,0.24009247,0.684114927,0.413876078,0.027892391,0.026004728
West Northamptonshire 032,E02005670,9657,0.061923993,0.314590453,0.285751062,0.049202403,0.080181245
West Northamptonshire 030,E02005671,7898,0.106102811,0.450747025,0.345895636,0.033033793,0.042957269
West Northamptonshire 031,E02005672,8568,0.054855275,0.311157796,0.317779339,0.03722287,0.059821983
West Northamptonshire 033,E02005673,7760,0.146649485,0.453608247,0.279266573,0.044324185,0.0448517
West Northamptonshire 034,E02005674,9285,0.119547658,0.394076467,0.338609599,0.048680668,0.055200341
West Northamptonshire 036,E02005675,6435,0.111732712,0.444910645,0.260492041,0.053024413,0.045610747
West Northamptonshire 038,E02005676,6249,0.130580893,0.497039526,0.265123833,0.052505202,0.040375587
West Northamptonshire 037,E02005677,9982,0.118713685,0.454417952,0.303144349,0.032064128,0.040289256
West Northamptonshire 041,E02005679,9052,0.138753867,0.571254971,0.340255811,0.025187804,0.024437548
West Northamptonshire 044,E02005680,8735,0.120663995,0.63548941,0.397514598,0.028051294,0.029176572
West Northamptonshire 040,E02005681,8610,0.252380952,0.68989547,0.325985587,0.043675224,0.026936027
West Northamptonshire 043,E02005682,7561,0.223912181,0.689988097,0.372864812,0.033730159,0.032603026
West Northamptonshire 046,E02005683,15034,0.172209658,0.640614607,0.35053187,0.034849694,0.030261001
West Northamptonshire 045,E02005684,8688,0.23572744,0.728936464,0.392413889,0.031660143,0.028687599
West Northamptonshire 047,E02005685,10048,0.178742038,0.707205414,0.351054749,0.037822235,0.031210307
West Northamptonshire 048,E02005686,8010,0.240699126,0.71298377,0.355767796,0.038576779,0.024390244
West Northamptonshire 049,E02005687,6664,0.209333733,0.721938776,0.397833935,0.025929257,0.021733073
West Northamptonshire 050,E02005688,9747,0.195239561,0.650866933,0.340906206,0.036022167,0.02993894
West Northamptonshire 051,E02005689,10687,0.144287452,0.697950781,0.353945819,0.02620496,0.019960733
West Northamptonshire 053,E02005690,5498,0.193888687,0.678974172,0.295464553,0.043628431,0.035175879
West Northamptonshire 052,E02005691,6734,0.230620731,0.674933175,0.354709069,0.03874128,0.024348324
North Northamptonshire 026,E02005692,6985,0.242949177,0.698926271,0.273669896,0.054704282,0.038139266
North Northamptonshire 028,E02005693,8710,0.156027555,0.490929966,0.240088757,0.043847567,0.04725537
North Northamptonshire 029,E02005694,7550,0.225165563,0.673907285,0.295974743,0.038644786,0.026322515
North Northamptonshire 030,E02005695,10074,0.106611078,0.432598769,0.25266551,0.040103236,0.043799472
North Northamptonshire 031,E02005696,6421,0.145771687,0.446192182,0.186614658,0.060436137,0.055648676
North Northamptonshire 032,E02005697,7298,0.182789805,0.483831187,0.23587385,0.072241261,0.056314469
North Northamptonshire 033,E02005698,6046,0.203274892,0.527290771,0.211326254,0.058560794,0.060847519
North Northamptonshire 036,E02005699,8613,0.124811332,0.516544758,0.23827534,0.053285349,0.049040512
North Northamptonshire 038,E02005700,10209,0.253403859,0.700264473,0.318325342,0.039467241,0.024346793
North Northamptonshire 040,E02005701,11193,0.235504333,0.662378272,0.28051415,0.050920136,0.02765308
Northumberland 004,E02005702,6694,0.310128473,0.799073797,0.4121328,0.042724828,0.034083388
Northumberland 005,E02005703,6804,0.276455026,0.694591417,0.288109495,0.056462285,0.061257739
Northumberland 006,E02005704,12644,0.286934514,0.7485764,0.320007352,0.062574163,0.045511111
Northumberland 007,E02005705,7596,0.327935756,0.765271195,0.404355058,0.050657895,0.042149006
Northumberland 001,E02005706,9195,0.256334965,0.595106036,0.22435813,0.066884176,0.060131997
Northumberland 002,E02005707,7029,0.328923033,0.685446009,0.301390025,0.05986917,0.035014456
Northumberland 003,E02005708,10022,0.352624227,0.69626821,0.310207789,0.06117154,0.040635641
Northumberland 022,E02005709,6850,0.166861314,0.523649635,0.14906015,0.11651336,0.112139156
Northumberland 023,E02005710,9379,0.205139141,0.621174965,0.245070423,0.077087109,0.063250231
Northumberland 024,E02005711,7818,0.218853927,0.586722947,0.160006368,0.091025313,0.073524869
Northumberland 025,E02005712,9404,0.146001701,0.599000425,0.254385965,0.054315476,0.054313766
Northumberland 026,E02005713,6273,0.266857963,0.724214889,0.284238212,0.041932398,0.01903172
Northumberland 029,E02005715,9260,0.202699784,0.644924406,0.225611395,0.074190065,0.07435653
Northumberland 030,E02005717,7375,0.298440678,0.726508475,0.284792191,0.063728814,0.045316302
Northumberland 031,E02005718,6269,0.340724198,0.754984846,0.252475248,0.059198979,0.039194139
Northumberland 032,E02005719,8153,0.218937814,0.644670673,0.272201331,0.075159392,0.056004036
Northumberland 008,E02005720,12139,0.2365928,0.662410413,0.242485162,0.076447813,0.057165231
Northumberland 011,E02005721,5445,0.234894399,0.739393939,0.373706232,0.060216633,0.038110361
Northumberland 015,E02005722,9476,0.226994512,0.760341916,0.461518987,0.033037788,0.021980322
Northumberland 016,E02005723,6032,0.303547745,0.713030504,0.327188046,0.074485733,0.056868242
Northumberland 018,E02005724,6632,0.305036188,0.764927624,0.489643895,0.031810644,0.035701661
Northumberland 033,E02005725,7019,0.309730731,0.766775894,0.45085724,0.043577328,0.030182421
Northumberland 034,E02005726,7920,0.27790404,0.764393939,0.485232068,0.033825571,0.024472574
Northumberland 019,E02005727,6065,0.286892003,0.730915087,0.348627376,0.047485573,0.021512605
Northumberland 037,E02005728,6715,0.295160089,0.691586001,0.273296245,0.0544805,0.038107753
Northumberland 036,E02005729,5578,0.271244174,0.743097885,0.45930479,0.046987088,0.039785769
Northumberland 035,E02005730,12642,0.292358804,0.73255814,0.419300855,0.05448794,0.03962536
Northumberland 038,E02005731,10736,0.211345007,0.665890462,0.287230439,0.055798789,0.036206218
Northumberland 040,E02005733,8279,0.286024882,0.722430245,0.402303754,0.045059193,0.030656195
Northumberland 009,E02005734,5951,0.258107881,0.623088557,0.207978939,0.096806723,0.078969595
Northumberland 010,E02005735,7142,0.163539625,0.565107813,0.177589852,0.095771493,0.108341642
Northumberland 013,E02005736,8706,0.18584884,0.597059499,0.218370884,0.085858586,0.073411154
Northumberland 017,E02005739,9007,0.250804929,0.660486288,0.222207587,0.076068851,0.062331288
Northumberland 020,E02005740,10093,0.20152581,0.583473695,0.206422018,0.078683976,0.062932381
Northumberland 021,E02005741,8477,0.246785419,0.702489088,0.295932679,0.061460422,0.035705368
Craven 001,E02005742,7425,0.300740741,0.74020202,0.371276262,0.043911638,0.023313905
Craven 003,E02005744,7878,0.322670729,0.739654735,0.362699565,0.045691078,0.019618679
Craven 005,E02005746,6677,0.251160701,0.707952673,0.356242231,0.044181519,0.030965392
Craven 006,E02005747,6912,0.198640046,0.596209491,0.31356819,0.051656779,0.044737597
Craven 007,E02005748,7842,0.239989799,0.682989033,0.404284621,0.03275137,0.023938224
Craven 008,E02005749,10031,0.263184129,0.698036088,0.345038351,0.045554226,0.024436486
Hambleton 001,E02005750,7678,0.307241469,0.738082834,0.387650602,0.055078125,0.038968825
Hambleton 002,E02005751,8576,0.351912313,0.796991604,0.466445623,0.036709008,0.030109246
Hambleton 003,E02005752,6918,0.265105522,0.749349523,0.40738255,0.040751445,0.021606648
Hambleton 005,E02005754,7436,0.326923077,0.765196342,0.363537794,0.037246201,0.01979346
Hambleton 006,E02005755,6758,0.267534774,0.715004439,0.317634746,0.049408284,0.027027027
Hambleton 007,E02005756,6329,0.230368147,0.815136672,0.369544859,0.031442566,0.019128899
Hambleton 008,E02005757,8628,0.264719518,0.705841446,0.348677106,0.040338472,0.024620341
Hambleton 009,E02005758,9530,0.234732424,0.696537251,0.331508593,0.044285864,0.02412468
Hambleton 010,E02005759,9307,0.297195659,0.750295477,0.395466633,0.045464316,0.023986959
Hambleton 011,E02005760,6183,0.218017144,0.735403526,0.407727797,0.04059518,0.025030902
Harrogate 001,E02005761,5492,0.282228696,0.725236708,0.407752274,0.034947215,0.020841087
Harrogate 002,E02005762,6256,0.233535806,0.631393862,0.373819163,0.037895747,0.028905489
Harrogate 003,E02005763,6495,0.244649731,0.859276366,0.37743994,0.038343086,0.024976584
Harrogate 004,E02005764,10336,0.257159443,0.691369969,0.278578844,0.055904826,0.033493783
Harrogate 005,E02005765,7142,0.260431252,0.807756931,0.354352863,0.041719166,0.021206279
Harrogate 006,E02005766,6013,0.28504906,0.715948778,0.385169327,0.038244097,0.024846835
Harrogate 007,E02005767,7392,0.252705628,0.762581169,0.465215958,0.024350649,0.020974889
Harrogate 008,E02005768,8026,0.167081984,0.629578869,0.343679712,0.026414154,0.02432283
Harrogate 009,E02005769,6996,0.246426529,0.66995426,0.317612759,0.05460263,0.036632201
Harrogate 010,E02005770,9029,0.230147303,0.664082401,0.31281574,0.041772853,0.024777637
Harrogate 011,E02005771,7670,0.164928292,0.610430248,0.320078227,0.046420655,0.035139817
Harrogate 012,E02005772,5889,0.292919002,0.838512481,0.421189666,0.032082838,0.02108768
Harrogate 013,E02005773,8987,0.17925893,0.622565929,0.351886291,0.068869604,0.044794953
Harrogate 014,E02005774,9388,0.197273115,0.666595654,0.329438952,0.045144804,0.035369775
Harrogate 015,E02005775,9213,0.201454467,0.651362206,0.479296446,0.037776813,0.040285274
Harrogate 016,E02005776,9371,0.204353858,0.695123253,0.429013176,0.029028815,0.020720721
Harrogate 017,E02005777,8298,0.24186551,0.705591709,0.458718331,0.032440907,0.024555249
Harrogate 018,E02005778,6135,0.261776691,0.773431133,0.460546574,0.026903636,0.015309446
Harrogate 019,E02005779,7372,0.263429192,0.715545307,0.529197658,0.033902902,0.03030303
Harrogate 020,E02005780,11052,0.247014115,0.718783931,0.514205817,0.026596707,0.027845036
Harrogate 021,E02005781,6114,0.274124959,0.735034347,0.510408327,0.026991657,0.017680339
Richmondshire 001,E02005782,7497,0.296651994,0.775510204,0.407515337,0.03868214,0.018361195
Richmondshire 002,E02005783,8069,0.284917586,0.699591027,0.372153735,0.052866163,0.03825431
Richmondshire 003,E02005784,5818,0.23135098,0.638535579,0.302201193,0.043500688,0.025067751
Richmondshire 004,E02005785,14086,0.089521511,0.669884992,0.224749773,0.032796195,0.033948245
Richmondshire 005,E02005786,5747,0.325039151,0.800591613,0.386057411,0.040716896,0.026059764
Richmondshire 006,E02005787,8552,0.310336763,0.735734331,0.348565211,0.03822773,0.028242939
Ryedale 001,E02005788,6347,0.311958406,0.745233969,0.343863471,0.041745432,0.027639028
Ryedale 002,E02005789,10614,0.346335029,0.776050499,0.321065166,0.055021669,0.029812054
Ryedale 003,E02005790,7098,0.290504367,0.727951536,0.376286948,0.041279234,0.022792023
Ryedale 004,E02005791,6849,0.241349102,0.711636735,0.296030775,0.05286215,0.024919378
Ryedale 007,E02005794,9295,0.278752017,0.737278107,0.406691919,0.035068847,0.027205101
Scarborough 001,E02005795,6908,0.298494499,0.729299363,0.239907346,0.071707953,0.045771144
Scarborough 002,E02005796,6525,0.30559387,0.740229885,0.341901408,0.052260536,0.023079573
Scarborough 003,E02005797,6223,0.249076008,0.651132894,0.233282091,0.061676839,0.045712261
Scarborough 004,E02005798,8195,0.33471629,0.736424649,0.356661046,0.056037114,0.021580717
Scarborough 005,E02005799,9364,0.327851346,0.728428022,0.315849343,0.053935704,0.030977983
Scarborough 006,E02005800,7406,0.2010532,0.564677289,0.245307031,0.08599973,0.08374817
Scarborough 007,E02005801,5565,0.207726864,0.568553459,0.222070535,0.084501978,0.071524966
Scarborough 008,E02005802,7765,0.168190599,0.566258854,0.248570521,0.055484037,0.049052686
Scarborough 009,E02005803,9202,0.261899587,0.673549228,0.282885431,0.072290466,0.042860642
Scarborough 010,E02005804,7621,0.290906705,0.641516861,0.328565298,0.085706786,0.073352436
Scarborough 011,E02005805,7685,0.305270007,0.736239427,0.254090909,0.06727391,0.031079137
Scarborough 012,E02005806,8209,0.167011816,0.585454988,0.205156951,0.073013164,0.050028425
Scarborough 013,E02005807,6534,0.300428528,0.770890725,0.31372906,0.053582364,0.027854195
Scarborough 014,E02005808,11549,0.362975149,0.729154039,0.244192972,0.079646784,0.04715704
Selby 001,E02005809,7511,0.236186926,0.695646385,0.300384492,0.045127796,0.03202171
Selby 002,E02005810,9408,0.201530612,0.704613095,0.428254341,0.02954932,0.024096386
Selby 003,E02005811,9867,0.2127293,0.718658153,0.3673293,0.03668795,0.022530678
Selby 004,E02005812,11362,0.170128499,0.67444112,0.347674545,0.038194139,0.027932961
Selby 005,E02005813,13298,0.12919236,0.540833208,0.242453009,0.063388225,0.051973871
Selby 006,E02005814,7003,0.24860774,0.679280308,0.274043433,0.049372146,0.03505029
Selby 007,E02005815,8643,0.249913225,0.737822515,0.311046512,0.03923157,0.022453321
Selby 008,E02005816,8649,0.211932015,0.692218754,0.300735192,0.039222492,0.024581006
Selby 009,E02005817,7411,0.236405343,0.703683713,0.324096581,0.047079455,0.034300056
Selby 010,E02005818,8833,0.211479678,0.668402581,0.316322342,0.041992077,0.03047153
Ashfield 001,E02005819,6310,0.234231379,0.618383518,0.207525437,0.081577697,0.049583786
Ashfield 002,E02005820,5529,0.263338759,0.676975945,0.1985138,0.066051393,0.032736962
Ashfield 003,E02005821,6699,0.184803702,0.556053142,0.187185696,0.081230402,0.05266559
Ashfield 004,E02005822,10280,0.136478599,0.519844358,0.200517624,0.073937153,0.053571429
Ashfield 005,E02005823,7733,0.195267037,0.533040217,0.151234568,0.113080606,0.070404587
Ashfield 006,E02005824,9779,0.20288373,0.646589631,0.224953903,0.061355967,0.04109589
Ashfield 007,E02005825,7798,0.205693768,0.594896127,0.200637959,0.076962545,0.045812664
Ashfield 008,E02005826,6163,0.162420899,0.517118287,0.163975676,0.094388583,0.06780924
Ashfield 009,E02005827,9430,0.183775186,0.606680806,0.248639544,0.056521739,0.025376522
Ashfield 010,E02005828,7699,0.229120665,0.616573581,0.2302147,0.070546966,0.034445349
Ashfield 011,E02005829,6583,0.237885463,0.637247456,0.205989774,0.070018226,0.040209219
Ashfield 012,E02005830,5873,0.258130427,0.686701856,0.222332211,0.067721627,0.039887046
Ashfield 013,E02005831,10628,0.174727136,0.589951073,0.284288398,0.052611765,0.034827714
Ashfield 014,E02005832,9298,0.164551516,0.546031405,0.225437327,0.066673836,0.053038437
Ashfield 015,E02005833,7631,0.234831608,0.637924256,0.227287066,0.050818599,0.039420756
Ashfield 016,E02005834,8875,0.163380282,0.565859155,0.216277746,0.069424096,0.060197448
Bassetlaw 001,E02005835,11187,0.206221507,0.626977742,0.228330042,0.066940745,0.040658094
Bassetlaw 002,E02005836,9230,0.272156013,0.712351029,0.298957126,0.04907909,0.027145158
Bassetlaw 003,E02005837,7817,0.24331585,0.680056288,0.333677991,0.054510557,0.041999408
Bassetlaw 004,E02005838,8267,0.249909278,0.657433168,0.220132256,0.078039927,0.035840348
Bassetlaw 005,E02005839,6351,0.272083137,0.696740671,0.232980894,0.076208471,0.039195283
Bassetlaw 006,E02005840,9682,0.145734352,0.635612477,0.271845915,0.045116663,0.026855937
Bassetlaw 008,E02005842,8821,0.233760345,0.652420361,0.260145825,0.060083891,0.045731707
Bassetlaw 009,E02005843,7060,0.159631728,0.644334278,0.27032735,0.051445578,0.03415978
Bassetlaw 010,E02005844,8795,0.188971006,0.614326322,0.26150361,0.052990675,0.042666052
Bassetlaw 012,E02005846,6752,0.141439573,0.468009479,0.159744409,0.085887754,0.064732143
Bassetlaw 013,E02005847,6950,0.216546763,0.611079137,0.2659702,0.061852704,0.036172695
Bassetlaw 014,E02005848,6409,0.253237635,0.682321735,0.233667409,0.063650546,0.027553763
Bassetlaw 015,E02005849,9392,0.256601363,0.698892675,0.297256481,0.056424997,0.029884537
Broxtowe 001,E02005850,6682,0.263843161,0.675546244,0.221530249,0.063931726,0.032886335
Broxtowe 002,E02005851,6226,0.206231931,0.592515259,0.190228274,0.085181614,0.061065877
Broxtowe 003,E02005852,8275,0.274803625,0.708761329,0.245868946,0.053178632,0.02593068
Broxtowe 004,E02005853,9153,0.230525511,0.651589643,0.291090933,0.056550218,0.036334913
Broxtowe 007,E02005856,7248,0.286285872,0.71950883,0.489183874,0.037548316,0.02617801
Broxtowe 008,E02005857,6195,0.196287328,0.562711864,0.251361711,0.058776037,0.04404842
Broxtowe 009,E02005858,8113,0.153827191,0.61456921,0.429697766,0.045482559,0.047328688
Broxtowe 010,E02005859,9257,0.187533758,0.617262612,0.29189907,0.056917594,0.049272846
Broxtowe 011,E02005860,9083,0.164923483,0.65771221,0.463438858,0.054301134,0.050472402
Broxtowe 012,E02005861,5373,0.170295924,0.697561883,0.404955054,0.046139535,0.034015967
Broxtowe 013,E02005862,7587,0.219058917,0.629893238,0.328953771,0.056646028,0.050318103
Broxtowe 014,E02005863,7441,0.260180083,0.736863325,0.430292323,0.03939231,0.033142857
Broxtowe 015,E02005864,8064,0.204117063,0.694568452,0.399577805,0.033106014,0.02545018
Gedling 001,E02005865,8611,0.272326095,0.708163976,0.405225125,0.0455655,0.024579885
Gedling 002,E02005866,9229,0.256690866,0.686206523,0.289276808,0.053207629,0.029262673
Gedling 004,E02005868,7291,0.213825264,0.621176793,0.283867719,0.052227553,0.036100057
Gedling 005,E02005869,5879,0.176390543,0.550944038,0.228472523,0.070456093,0.057398435
Gedling 006,E02005870,6682,0.163124813,0.533822209,0.255710306,0.06588799,0.054037644
Gedling 007,E02005871,7062,0.258566978,0.673746814,0.306519189,0.047740473,0.038777908
Gedling 008,E02005872,6597,0.272699712,0.703653176,0.399194287,0.032605399,0.025136964
Gedling 009,E02005873,10025,0.257955112,0.686583541,0.439630341,0.040394973,0.028074586
Gedling 010,E02005874,8428,0.215590888,0.663383958,0.409789414,0.045093153,0.031185031
Gedling 011,E02005875,8187,0.180041529,0.575302309,0.293236496,0.048863914,0.035849953
Gedling 012,E02005876,8829,0.20829086,0.619775739,0.293311176,0.051761241,0.040750916
Gedling 013,E02005877,7389,0.182162674,0.552984166,0.274045674,0.056585894,0.037786775
Gedling 014,E02005878,9661,0.206914398,0.580064176,0.271831506,0.070822116,0.045744681
Gedling 015,E02005879,7324,0.134898962,0.53427089,0.272144424,0.071272529,0.046281851
Mansfield 001,E02005880,6410,0.197659906,0.555850234,0.173802042,0.096084854,0.045553936
Mansfield 002,E02005881,6232,0.196726573,0.603016688,0.189658575,0.087116958,0.045217391
Mansfield 003,E02005882,7833,0.256989659,0.662070726,0.22541673,0.067543412,0.019284516
Mansfield 004,E02005883,8316,0.164502165,0.537518038,0.198308413,0.081068078,0.050167224
Mansfield 005,E02005884,6091,0.219668363,0.612707273,0.212873207,0.069950739,0.038203753
Mansfield 006,E02005885,8909,0.212257268,0.571893591,0.187542779,0.081854929,0.043371723
Mansfield 007,E02005886,11428,0.198109905,0.613143157,0.230910465,0.061695983,0.034835698
Mansfield 008,E02005887,10181,0.138689716,0.439249583,0.188487315,0.068572551,0.054442932
Mansfield 009,E02005888,8436,0.13940256,0.457088668,0.177888856,0.091631105,0.065627357
Mansfield 010,E02005889,10685,0.198408985,0.551614413,0.207948244,0.074878323,0.045056065
Mansfield 011,E02005890,6567,0.233592203,0.654332267,0.235432076,0.056638246,0.022468544
Mansfield 012,E02005891,6357,0.157464213,0.495831367,0.18842877,0.1084527,0.076544146
Mansfield 013,E02005892,13047,0.207174063,0.658542194,0.356529851,0.038325924,0.023504909
Newark and Sherwood 001,E02005893,11273,0.195511399,0.600283864,0.187920191,0.075496806,0.04122166
Newark and Sherwood 002,E02005894,11766,0.188849227,0.6227265,0.254787853,0.064417439,0.034458385
Newark and Sherwood 003,E02005895,8061,0.293636025,0.723483439,0.344967415,0.0452966,0.022192513
Newark and Sherwood 004,E02005896,7583,0.310035606,0.746142688,0.371792902,0.046965699,0.031764706
Newark and Sherwood 005,E02005897,9287,0.250888339,0.690642834,0.340679284,0.057290545,0.027206219
Newark and Sherwood 006,E02005898,11363,0.184546335,0.606705976,0.22071636,0.079894413,0.032807918
Newark and Sherwood 007,E02005899,11689,0.161091625,0.503122594,0.238440054,0.057761424,0.047087777
Newark and Sherwood 008,E02005900,7558,0.300211696,0.710505425,0.425974426,0.041418552,0.03477098
Newark and Sherwood 009,E02005901,9662,0.184019872,0.567791348,0.286151883,0.046268502,0.043181818
Newark and Sherwood 010,E02005902,8218,0.218544658,0.550377221,0.220563847,0.071932814,0.045506583
Newark and Sherwood 011,E02005903,10348,0.244008504,0.642056436,0.235144214,0.059727457,0.030151757
Newark and Sherwood 012,E02005904,9455,0.224960338,0.690745637,0.377504848,0.042332522,0.025335643
Newark and Sherwood 013,E02005905,6711,0.257189689,0.718074803,0.379421769,0.045766249,0.061
Rushcliffe 001,E02005906,7276,0.257559098,0.729659153,0.399391708,0.046872852,0.029832194
Rushcliffe 002,E02005907,10110,0.214243323,0.657467854,0.398362892,0.041143309,0.030402629
Rushcliffe 003,E02005908,9251,0.281158794,0.716354989,0.428645496,0.039995676,0.029453015
Rushcliffe 004,E02005909,8337,0.144176562,0.657670625,0.594213875,0.02603167,0.025851939
Rushcliffe 005,E02005910,8956,0.125502456,0.621594462,0.549812533,0.031365108,0.040446927
Rushcliffe 006,E02005911,8509,0.17698907,0.665413092,0.538853318,0.03807733,0.031716847
Rushcliffe 007,E02005912,9337,0.214094463,0.686944415,0.503203033,0.041015207,0.033628319
Rushcliffe 008,E02005913,8589,0.196763302,0.711840727,0.535519929,0.038201724,0.033718927
Rushcliffe 009,E02005914,8205,0.182449726,0.607800122,0.306676783,0.049963441,0.034983341
Rushcliffe 010,E02005915,5710,0.27530648,0.730998249,0.413074861,0.037646647,0.027292576
Rushcliffe 011,E02005916,7677,0.208545005,0.706786505,0.42354271,0.039874902,0.026329375
Rushcliffe 012,E02005917,5935,0.325189553,0.777085088,0.464867011,0.037386325,0.018373729
Rushcliffe 013,E02005918,5083,0.289002558,0.703128074,0.361900326,0.048012593,0.032541777
Rushcliffe 014,E02005919,7315,0.187696514,0.665755297,0.375163827,0.033643326,0.0299511
Rushcliffe 015,E02005920,8789,0.24314484,0.731368756,0.43610996,0.034926052,0.019099269
Cherwell 001,E02005921,6896,0.221867749,0.741589327,0.42332463,0.035202086,0.022855606
Cherwell 002,E02005922,8838,0.121068115,0.570717357,0.278911565,0.034841629,0.031777557
Cherwell 003,E02005923,6016,0.138630319,0.502160904,0.232641829,0.057689111,0.048669695
Cherwell 004,E02005924,12603,0.11092597,0.494802825,0.298845043,0.040152357,0.045199251
Cherwell 005,E02005925,8884,0.137550653,0.490207114,0.183734046,0.059657812,0.053506869
Cherwell 006,E02005926,9024,0.249224291,0.686391844,0.306883868,0.049872548,0.031050228
Cherwell 007,E02005927,5652,0.195859873,0.641719745,0.335114341,0.034891959,0.03318299
Cherwell 008,E02005928,11107,0.194922121,0.669307644,0.409804146,0.028182964,0.023230686
Cherwell 009,E02005929,7346,0.244622924,0.720255922,0.416405347,0.033369654,0.025210084
Cherwell 010,E02005930,9465,0.199471738,0.68441627,0.439336056,0.028106509,0.02838297
Cherwell 011,E02005931,11252,0.142641308,0.63233203,0.404283802,0.029845443,0.024548622
Cherwell 012,E02005932,6726,0.101100208,0.627564674,0.372530921,0.019625335,0.030212977
Cherwell 013,E02005933,7709,0.160721235,0.64457128,0.284247116,0.03900985,0.033702678
Cherwell 014,E02005934,8847,0.195659546,0.664292981,0.263403904,0.044421838,0.033967979
Cherwell 015,E02005935,8583,0.123383432,0.652802051,0.403623912,0.02960028,0.0331828
Cherwell 016,E02005936,13063,0.16052974,0.677792238,0.442792314,0.030771586,0.030361091
Cherwell 017,E02005937,6542,0.263680832,0.733567716,0.39298433,0.047706422,0.034069982
Cherwell 018,E02005938,5683,0.197782861,0.66303009,0.335402397,0.034488826,0.034185197
Cherwell 019,E02005939,6783,0.223794781,0.677871148,0.375022206,0.038779121,0.032040472
Oxford 001,E02005940,6152,0.221553966,0.702210663,0.635197434,0.038836529,0.034190928
Oxford 002,E02005941,7083,0.179584922,0.632076804,0.66369751,0.026821005,0.038910506
Oxford 003,E02005942,6247,0.185849208,0.690411397,0.708894368,0.02064,0.024082116
Oxford 004,E02005943,7334,0.158712844,0.56926643,0.523769528,0.028376535,0.042202348
Oxford 005,E02005944,8390,0.108104887,0.533015495,0.382142313,0.043846062,0.048467569
Oxford 006,E02005945,11117,0.139426104,0.587388684,0.577441253,0.026273169,0.032094251
Oxford 007,E02005946,8469,0.155036014,0.648482702,0.542058781,0.030943664,0.027716674
Oxford 008,E02005947,18478,0.039560559,0.697045135,0.407285892,0.013477673,0.033574007
Oxford 009,E02005948,6618,0.114687217,0.610607434,0.66101108,0.026443034,0.036573311
Oxford 010,E02005949,7622,0.089346628,0.495801627,0.396270396,0.037527883,0.054551221
Oxford 011,E02005950,11136,0.084590517,0.506196121,0.511659674,0.027296399,0.038268357
Oxford 012,E02005951,5577,0.139142908,0.626860319,0.641737288,0.037827178,0.041979522
Oxford 014,E02005953,6014,0.102760226,0.537080146,0.60285604,0.030428999,0.026171244
Oxford 015,E02005954,10483,0.147476867,0.547743966,0.44458584,0.03548941,0.041576283
Oxford 016,E02005955,11231,0.112634672,0.512955213,0.330797184,0.051464696,0.053034348
Oxford 017,E02005956,6560,0.125762195,0.49054878,0.222135922,0.057343297,0.054965646
Oxford 018,E02005957,6910,0.091027496,0.474240232,0.285229202,0.0552822,0.054125219
South Oxfordshire 001,E02005958,5379,0.208217141,0.710726901,0.384632616,0.028810409,0.032786885
South Oxfordshire 002,E02005959,5895,0.230025445,0.705852417,0.452967299,0.034599729,0.030794702
South Oxfordshire 003,E02005960,7890,0.217997465,0.678073511,0.434782609,0.035868188,0.028556458
South Oxfordshire 004,E02005961,6737,0.245806739,0.739498293,0.436627188,0.03518931,0.025589419
South Oxfordshire 005,E02005962,10165,0.212788982,0.694933596,0.389832565,0.028917085,0.031173709
South Oxfordshire 006,E02005963,8032,0.231822709,0.712773904,0.388706304,0.045431914,0.02791381
South Oxfordshire 007,E02005964,7299,0.244554048,0.746677627,0.416653035,0.031643836,0.025938935
South Oxfordshire 008,E02005965,5520,0.235869565,0.737137681,0.461131909,0.033158181,0.030249736
South Oxfordshire 009,E02005966,8113,0.081967213,0.642425736,0.429867733,0.019470117,0.024696198
South Oxfordshire 010,E02005967,9537,0.123938345,0.579846912,0.386768448,0.031145134,0.031789783
South Oxfordshire 011,E02005968,8009,0.174054189,0.732426021,0.450771605,0.024588118,0.034499055
South Oxfordshire 012,E02005969,9697,0.222646179,0.716097762,0.4432651,0.039698907,0.027558257
South Oxfordshire 013,E02005970,5515,0.123118767,0.596010879,0.340953625,0.048059485,0.041614907
South Oxfordshire 014,E02005971,6358,0.185750236,0.624882038,0.311256999,0.044989775,0.024687686
South Oxfordshire 015,E02005972,12012,0.173160173,0.672327672,0.489081567,0.025308025,0.027290137
South Oxfordshire 016,E02005973,5910,0.268527919,0.743824027,0.470328789,0.036867918,0.044001375
South Oxfordshire 017,E02005974,6274,0.226330889,0.73716927,0.539213806,0.030138734,0.036323437
South Oxfordshire 018,E02005975,8234,0.255040078,0.736094243,0.505892884,0.029022465,0.029350649
South Oxfordshire 019,E02005976,6340,0.245268139,0.767981073,0.532410079,0.025867508,0.024298426
South Oxfordshire 020,E02005977,6158,0.261286132,0.721825268,0.434704473,0.030681818,0.032718413
Vale of White Horse 001,E02005978,7601,0.247335877,0.698855414,0.530743828,0.030793525,0.034691196
Vale of White Horse 002,E02005979,10277,0.190425221,0.643767636,0.515842394,0.031146584,0.028840716
Vale of White Horse 003,E02005980,11761,0.20117337,0.660403027,0.411271241,0.031026862,0.028842643
Vale of White Horse 004,E02005981,8553,0.203320472,0.723956506,0.46450333,0.021276596,0.022915341
Vale of White Horse 005,E02005982,5742,0.206722396,0.67816092,0.451847107,0.03065668,0.025460637
Vale of White Horse 006,E02005983,10981,0.183043439,0.66751662,0.475241017,0.037519352,0.035540654
Vale of White Horse 007,E02005984,9152,0.200284091,0.729785839,0.476550885,0.025021853,0.025894737
Vale of White Horse 008,E02005985,7903,0.21371631,0.652030874,0.34591488,0.044649633,0.041731066
Vale of White Horse 009,E02005986,9685,0.205369128,0.696747548,0.39028433,0.039112487,0.030107092
Vale of White Horse 010,E02005987,10297,0.174613965,0.671846169,0.412380015,0.031562591,0.029329348
Vale of White Horse 011,E02005988,9126,0.179925488,0.663708087,0.342039801,0.031777339,0.027870216
Vale of White Horse 014,E02005991,10071,0.219938437,0.715619104,0.392398993,0.038442436,0.032581928
Vale of White Horse 015,E02005992,13913,0.175375548,0.668367714,0.477591422,0.031840725,0.026527778
West Oxfordshire 001,E02005993,7250,0.245655172,0.722896552,0.373705312,0.043580196,0.030637593
West Oxfordshire 002,E02005994,6269,0.23608231,0.67841761,0.414368932,0.040197799,0.02581864
West Oxfordshire 003,E02005995,6372,0.283113622,0.761770245,0.437302031,0.031544256,0.025153176
West Oxfordshire 004,E02005996,8934,0.233378106,0.702372957,0.498839907,0.027202508,0.028410323
West Oxfordshire 005,E02005997,5958,0.268378651,0.740684794,0.451277955,0.041645676,0.036769759
West Oxfordshire 006,E02005998,7029,0.24953763,0.715891307,0.451798812,0.032579314,0.023938444
West Oxfordshire 007,E02005999,6543,0.248815528,0.773804065,0.359585304,0.039731051,0.022511848
West Oxfordshire 008,E02006000,11771,0.1979441,0.678107213,0.386823972,0.035586886,0.026817447
West Oxfordshire 009,E02006001,7088,0.151523702,0.694977427,0.337084673,0.032740615,0.02621334
West Oxfordshire 010,E02006002,10769,0.224161946,0.669607206,0.326379691,0.045593834,0.031880403
West Oxfordshire 011,E02006003,5931,0.231158321,0.713876243,0.390298813,0.040633957,0.033377837
West Oxfordshire 012,E02006004,7336,0.208015267,1.052480916,0.375647262,0.028894644,0.021970234
West Oxfordshire 013,E02006005,10034,0.098863863,0.527107833,0.29434954,0.025520885,0.025287757
West Oxfordshire 014,E02006006,5651,0.201026367,0.612281012,0.245682211,0.043539823,0.032225914
West Oxfordshire 015,E02006007,7308,0.243979201,0.737958402,0.413770165,0.031750376,0.027314941
Shropshire 025,E02006008,10457,0.197475375,0.647030697,0.355692954,0.040921694,0.038790748
Shropshire 027,E02006009,7933,0.222992563,0.637841926,0.311305847,0.052306529,0.030398833
Shropshire 029,E02006010,11877,0.270017681,0.672139429,0.319927609,0.050938789,0.035688406
Shropshire 031,E02006011,5656,0.306930693,0.728606789,0.323328503,0.053022269,0.04494829
Shropshire 033,E02006012,6194,0.309170165,0.724249273,0.302692665,0.065062964,0.042413793
Shropshire 034,E02006013,7874,0.295529591,0.70510541,0.326263073,0.053693831,0.037397946
Shropshire 035,E02006014,9913,0.301018864,0.678099465,0.302747966,0.051564077,0.033376963
Shropshire 001,E02006015,10144,0.243789432,0.666896688,0.271900826,0.057779531,0.041675221
Shropshire 002,E02006016,8145,0.27145488,0.727071823,0.337403045,0.055344214,0.031977488
Shropshire 004,E02006017,8066,0.278576742,0.679518969,0.325489043,0.051927129,0.036157582
Shropshire 005,E02006018,12587,0.237387781,0.62421546,0.249975693,0.054178583,0.039444349
Shropshire 008,E02006019,6284,0.266709102,0.649267982,0.250982594,0.064618813,0.042717087
Shropshire 009,E02006020,7745,0.197288573,0.586959329,0.292419869,0.050503746,0.031848853
Shropshire 010,E02006021,8764,0.2355089,0.711090826,0.369711078,0.037075063,0.030206677
Shropshire 013,E02006022,6062,0.229297262,0.794292313,0.334984152,0.039590894,0.03125
Shropshire 003,E02006023,10043,0.243652295,0.652892562,0.291511138,0.053480729,0.032216216
Shropshire 006,E02006024,9918,0.211131276,0.606573906,0.226443019,0.059280169,0.041837572
Shropshire 007,E02006025,9569,0.236910858,0.608527537,0.31563494,0.047872896,0.048661283
Shropshire 011,E02006026,7373,0.253763733,0.713006917,0.341352406,0.04217521,0.025345622
Shropshire 012,E02006027,5453,0.287548139,0.707500458,0.346798453,0.04127683,0.031238095
Shropshire 014,E02006028,9810,0.262691131,0.672680938,0.334098598,0.049133537,0.023188406
Shropshire 015,E02006029,8183,0.172308444,0.534889405,0.185658613,0.062324331,0.050457516
Shropshire 016,E02006030,9092,0.14650242,0.525406951,0.231321061,0.049373213,0.077121375
Shropshire 017,E02006031,7956,0.182755153,0.589869281,0.353158205,0.061078296,0.035563875
Shropshire 018,E02006032,8654,0.196440952,0.629419921,0.269048644,0.059503177,0.047850376
Shropshire 019,E02006033,8482,0.254185334,0.676491394,0.449209327,0.042309959,0.038505096
Shropshire 020,E02006034,10663,0.206227141,0.674200506,0.43632808,0.037141249,0.030274361
Shropshire 021,E02006035,5862,0.322756738,0.772262027,0.375398089,0.050324121,0.057805741
Shropshire 022,E02006036,6575,0.236197719,0.768973384,0.377054976,0.047916033,0.040564374
Shropshire 023,E02006037,9968,0.224117175,0.668439005,0.401990906,0.040320963,0.039868565
Shropshire 024,E02006038,8421,0.256739105,0.700510628,0.346695402,0.048812352,0.03393999
Shropshire 026,E02006039,8233,0.283493259,0.70484635,0.352590221,0.053558416,0.029862579
Shropshire 028,E02006040,7781,0.259349698,0.688985992,0.393608966,0.041382856,0.020621248
Shropshire 030,E02006041,5646,0.296670209,0.693057032,0.348199673,0.047770701,0.029520295
Shropshire 032,E02006042,5752,0.405945758,0.776251739,0.417560976,0.053198887,0.032938076
Shropshire 036,E02006043,6719,0.283375502,0.700550677,0.318325158,0.051824274,0.032357473
Shropshire 037,E02006044,6109,0.35750532,0.726632837,0.368774482,0.040943334,0.018989609
Shropshire 038,E02006045,10717,0.322758235,0.71867127,0.290020677,0.066735113,0.041666667
Shropshire 039,E02006046,8916,0.300246747,0.736092418,0.314263116,0.052371874,0.027551509
Mendip 001,E02006047,8759,0.257563649,0.710240895,0.423927889,0.036762187,0.030090973
Mendip 002,E02006048,7186,0.232952964,0.67297523,0.29403771,0.047479811,0.031979257
Mendip 003,E02006049,7213,0.284070428,0.71703868,0.316092901,0.041863044,0.023613087
Mendip 004,E02006050,8797,0.183812663,0.584062749,0.367905789,0.055599773,0.040348464
Mendip 005,E02006051,8478,0.274593064,0.709719273,0.394985209,0.035882908,0.034366925
Mendip 006,E02006052,7746,0.259617867,0.715595146,0.37425652,0.047643641,0.033513792
Mendip 007,E02006053,11149,0.175172661,0.6033725,0.328376987,0.049874417,0.033267752
Mendip 008,E02006054,8324,0.304781355,0.696179721,0.372729813,0.05350487,0.039784946
Mendip 009,E02006055,9089,0.179887776,0.587963472,0.25683726,0.042386877,0.039561777
Mendip 010,E02006056,7791,0.250160442,0.668463612,0.336723686,0.042233633,0.029758851
Mendip 011,E02006057,7638,0.258051846,0.581434931,0.337164751,0.061641146,0.05023079
Mendip 012,E02006058,8794,0.219581533,0.60302479,0.276838546,0.04322111,0.033562166
Mendip 013,E02006059,6929,0.279116756,0.685235965,0.412212449,0.035049762,0.021693908
Mendip 014,E02006060,8216,0.215555015,0.618427459,0.264653641,0.06365628,0.037487335
Sedgemoor 001,E02006061,9367,0.26529305,0.692324117,0.367942645,0.045595302,0.028310502
Sedgemoor 002,E02006062,11059,0.31512795,0.759200651,0.262771426,0.052531646,0.034670429
Sedgemoor 003,E02006063,6908,0.292993631,0.750434279,0.402322404,0.033285094,0.017641597
Sedgemoor 004,E02006064,7778,0.359346876,0.69645153,0.229288215,0.086632391,0.044126787
Sedgemoor 005,E02006065,8876,0.234452456,0.63305543,0.197818885,0.080770531,0.054336735
Sedgemoor 006,E02006066,8514,0.279891943,0.671364811,0.240128366,0.057787174,0.028848609
Sedgemoor 007,E02006067,7130,0.291584853,0.700981767,0.322607536,0.048780488,0.026608911
Sedgemoor 008,E02006068,7868,0.15480427,0.513472293,0.145383742,0.074596518,0.054500413
Sedgemoor 009,E02006069,10570,0.146357616,0.502081362,0.202258845,0.061832278,0.052715655
Sedgemoor 010,E02006070,8827,0.173784978,0.579132208,0.206722689,0.043847723,0.020670745
Sedgemoor 011,E02006071,9574,0.216941717,0.656569877,0.277940614,0.043646236,0.019551348
Sedgemoor 012,E02006072,9364,0.295600171,0.733660829,0.318215613,0.047095258,0.026067416
Sedgemoor 013,E02006073,7827,0.15702057,0.501852562,0.188495288,0.071419446,0.067990209
Sedgemoor 014,E02006074,11664,0.180126886,0.599451303,0.285559996,0.043120446,0.031946755
South Somerset 001,E02006075,5344,0.235404192,0.615269461,0.389444315,0.034050514,0.033239888
South Somerset 002,E02006076,9088,0.308538732,0.756272007,0.363985164,0.046764965,0.031663516
South Somerset 003,E02006077,6237,0.299342633,0.719416386,0.30773661,0.054816477,0.026977088
South Somerset 004,E02006078,6273,0.303363622,0.711780647,0.325512104,0.050167224,0.028483185
South Somerset 005,E02006079,8370,0.244802867,0.671206691,0.288750723,0.047340108,0.029419036
South Somerset 006,E02006080,6922,0.208754695,0.862900896,0.338577172,0.037705865,0.026395381
South Somerset 007,E02006081,5767,0.294260447,0.7272412,0.342462932,0.04595907,0.031508468
South Somerset 008,E02006082,7085,0.265208186,0.690331687,0.309202663,0.046006209,0.038046735
South Somerset 009,E02006083,5606,0.289867999,0.738672851,0.295943709,0.051757987,0.027905199
South Somerset 010,E02006084,7465,0.326456798,0.743067649,0.351761942,0.047957133,0.025733094
South Somerset 011,E02006085,7745,0.201420271,0.593544222,0.262938632,0.043124597,0.027827419
South Somerset 012,E02006086,7726,0.192337561,0.635128139,0.293031471,0.044395548,0.029854621
South Somerset 013,E02006087,6008,0.174434088,0.557756325,0.239530988,0.052412646,0.033197832
South Somerset 014,E02006088,7864,0.168234995,0.534333672,0.236216653,0.060633024,0.045896328
South Somerset 015,E02006089,7216,0.15174612,0.500970067,0.265451533,0.055293792,0.054143366
South Somerset 016,E02006090,7202,0.201194113,0.620522077,0.269727891,0.051659492,0.024417314
South Somerset 017,E02006091,9962,0.300642441,0.715920498,0.324782302,0.050275966,0.032620674
South Somerset 018,E02006092,6482,0.25023141,0.704720765,0.292108148,0.039827107,0.018204258
South Somerset 019,E02006093,8764,0.297124601,0.722729347,0.303615113,0.04530412,0.036045056
South Somerset 020,E02006094,5412,0.301552106,0.709349593,0.325596529,0.055206795,0.02679659
South Somerset 021,E02006095,8370,0.283632019,0.678853047,0.253781988,0.058781362,0.038451613
South Somerset 022,E02006096,7350,0.239183673,0.660816327,0.209768212,0.054965986,0.034463116
South Somerset 023,E02006097,6938,0.238829634,0.601326031,0.191860465,0.064562617,0.048173804
South Somerset 024,E02006098,7472,0.331236617,0.728319058,0.326744904,0.049785867,0.026245154
Somerset West and Taunton 006,E02006099,7169,0.236992607,0.684056354,0.37669837,0.038788894,0.031687125
Somerset West and Taunton 007,E02006100,8221,0.214572436,0.641162876,0.36468098,0.042811968,0.025984049
Somerset West and Taunton 013,E02006101,5758,0.286384161,0.722820424,0.387612797,0.048462741,0.019195275
Somerset West and Taunton 010,E02006102,6904,0.216975666,0.591975666,0.196148359,0.076510651,0.037315773
Somerset West and Taunton 009,E02006103,7988,0.293690536,0.702929394,0.341794834,0.046217435,0.024033149
Somerset West and Taunton 008,E02006104,10740,0.163128492,0.631378026,0.312448956,0.036592179,0.030701754
Somerset West and Taunton 011,E02006105,11306,0.161064921,0.576950292,0.36800428,0.042370632,0.036245647
Somerset West and Taunton 012,E02006106,9929,0.185013597,0.678517474,0.321150465,0.045431651,0.026310622
Somerset West and Taunton 014,E02006107,8394,0.175363355,0.583750298,0.223953559,0.069072288,0.052618004
Somerset West and Taunton 015,E02006108,8669,0.280539855,0.671703772,0.391554189,0.057100012,0.044676098
Somerset West and Taunton 016,E02006109,7974,0.278404816,0.707298721,0.409285278,0.035369372,0.030606717
Somerset West and Taunton 018,E02006110,10520,0.196863118,0.604087452,0.284064121,0.052661597,0.034769171
Somerset West and Taunton 017,E02006111,10653,0.313432836,0.719046278,0.330563149,0.052463632,0.031262688
Somerset West and Taunton 019,E02006112,8293,0.275654166,0.719643072,0.386621315,0.037890672,0.02672148
Somerset West and Taunton 001,E02006113,7439,0.324909262,0.680064525,0.254788974,0.066693559,0.041454082
Somerset West and Taunton 002,E02006114,6385,0.3871574,0.714017228,0.277728483,0.067491387,0.038242474
Somerset West and Taunton 003,E02006115,7550,0.33615894,0.693112583,0.251792953,0.07560911,0.042286092
Somerset West and Taunton 004,E02006116,7973,0.355449643,0.751034742,0.345234708,0.055590413,0.035592255
Somerset West and Taunton 005,E02006117,5595,0.356032172,0.742091153,0.31550372,0.059159964,0.026305301
Cannock Chase 001,E02006118,7411,0.268789637,0.6985562,0.260380349,0.045908723,0.030674847
Cannock Chase 002,E02006119,8188,0.188812897,0.605764533,0.186450839,0.08110419,0.052275683
Cannock Chase 003,E02006120,9285,0.193214863,0.618524502,0.207320331,0.07117476,0.046902655
Cannock Chase 004,E02006121,5868,0.184901159,0.662747103,0.225686558,0.06611007,0.045107794
Cannock Chase 005,E02006122,8055,0.161142148,0.59540658,0.250418124,0.056121182,0.038407821
Cannock Chase 006,E02006123,6456,0.181071871,0.638475836,0.265571914,0.053886652,0.037058824
Cannock Chase 007,E02006124,7343,0.17349857,0.567887784,0.170096022,0.091230937,0.061811506
Cannock Chase 008,E02006125,7307,0.201724374,0.608047078,0.181262393,0.074712644,0.057282671
Cannock Chase 009,E02006126,8376,0.202125119,0.628104107,0.242817959,0.061940566,0.032551787
Cannock Chase 010,E02006127,7133,0.118743867,0.625683443,0.288340336,0.032524884,0.026399413
Cannock Chase 011,E02006128,8471,0.280368315,0.688466533,0.260287213,0.065982059,0.044863625
Cannock Chase 012,E02006129,8299,0.172430413,0.550186769,0.201568744,0.073485122,0.057956533
Cannock Chase 013,E02006130,8318,0.18922818,0.631762443,0.221089942,0.054200216,0.032273374
East Staffordshire 001,E02006131,7745,0.253066495,0.715945771,0.328486147,0.042995481,0.028109255
East Staffordshire 002,E02006132,7084,0.180124224,0.656126482,0.251684995,0.048291443,0.026898291
East Staffordshire 003,E02006133,6937,0.20095142,0.709672769,0.314133425,0.045415225,0.029542921
East Staffordshire 004,E02006134,10439,0.237283265,0.709550723,0.363395225,0.041570881,0.025620655
East Staffordshire 005,E02006135,7759,0.244490269,0.706147699,0.307209552,0.040711157,0.030360021
East Staffordshire 006,E02006136,9027,0.253572615,0.725490196,0.357170172,0.039658801,0.040979631
East Staffordshire 007,E02006137,9158,0.170779646,0.516379122,0.23563778,0.067583797,0.042427115
East Staffordshire 008,E02006138,8056,0.093346574,0.387040715,0.223060522,0.050632911,0.058418367
East Staffordshire 009,E02006139,8468,0.110533774,0.370925838,0.232195273,0.048394712,0.060717797
East Staffordshire 010,E02006140,8388,0.2027897,0.598116357,0.272781329,0.060331465,0.043027475
East Staffordshire 011,E02006141,12154,0.091410235,0.360292908,0.209716514,0.047395705,0.058210391
East Staffordshire 012,E02006142,5267,0.239035504,0.700208848,0.326498423,0.041223404,0.020962733
East Staffordshire 013,E02006143,9377,0.151434361,0.614055668,0.317885204,0.031243335,0.032630726
East Staffordshire 014,E02006144,8196,0.18374817,0.536237189,0.191444495,0.075195313,0.057090239
East Staffordshire 015,E02006145,5966,0.258799866,0.719242373,0.404654961,0.04158283,0.028812368
Lichfield 001,E02006146,8794,0.21571526,0.635546964,0.290380623,0.061198953,0.027583088
Lichfield 002,E02006147,8410,0.225326992,0.703448276,0.392831334,0.042092747,0.029326923
Lichfield 003,E02006148,7155,0.276589797,0.728860936,0.34771199,0.038434661,0.029651163
Lichfield 004,E02006149,10727,0.221217489,0.586836953,0.332194511,0.066486386,0.061695608
Lichfield 005,E02006150,11454,0.288458181,0.720010477,0.411824877,0.048109666,0.032993967
Lichfield 006,E02006151,9777,0.212948757,0.640687327,0.247274529,0.056771686,0.033299075
Lichfield 007,E02006152,10402,0.218707941,0.693905018,0.435283063,0.040469095,0.029527559
Lichfield 008,E02006153,9167,0.198865496,0.819679284,0.414086379,0.031536447,0.032892015
Lichfield 009,E02006154,9642,0.317050404,0.705559013,0.246100312,0.056956116,0.028982251
Lichfield 010,E02006155,5723,0.172636729,0.579066923,0.184485441,0.070717653,0.055391433
Lichfield 011,E02006156,7962,0.294021603,0.704220045,0.399438036,0.038558151,0.028479312
Lichfield 012,E02006157,7234,0.209565939,0.586121095,0.247700394,0.049080603,0.050882353
Newcastle-under-Lyme 001,E02006158,8094,0.244625649,0.719051149,0.258690032,0.043612553,0.032234957
Newcastle-under-Lyme 002,E02006159,5707,0.224636411,0.611880147,0.193825043,0.07181643,0.048159749
Newcastle-under-Lyme 003,E02006160,8640,0.221296296,0.623958333,0.215469613,0.069113221,0.046323529
Newcastle-under-Lyme 004,E02006161,6572,0.224437005,0.704047474,0.259660527,0.058555133,0.02461258
Newcastle-under-Lyme 005,E02006162,8326,0.241172232,0.702978621,0.274643875,0.065825826,0.02577821
Newcastle-under-Lyme 006,E02006163,7869,0.184902783,0.590672258,0.219747235,0.079552675,0.045675676
Newcastle-under-Lyme 007,E02006164,7231,0.172037063,0.544323054,0.168494343,0.087828492,0.052341598
Newcastle-under-Lyme 008,E02006165,7412,0.196842957,0.630059363,0.284171502,0.060434372,0.038193548
Newcastle-under-Lyme 009,E02006166,6981,0.22546913,0.697034809,0.319601553,0.041833811,0.021582734
Newcastle-under-Lyme 010,E02006167,10001,0.147985201,0.536246375,0.243192606,0.082258871,0.050653983
Newcastle-under-Lyme 011,E02006168,8349,0.194753863,0.580428794,0.288310279,0.079319434,0.063992652
Newcastle-under-Lyme 012,E02006169,7571,0.141989169,0.608638225,0.251227747,0.050733254,0.039488966
Newcastle-under-Lyme 013,E02006170,5170,0.278723404,0.739458414,0.347845908,0.059392532,0.036009934
Newcastle-under-Lyme 014,E02006171,9026,0.227564813,0.645468646,0.336101808,0.060354374,0.039939714
Newcastle-under-Lyme 015,E02006172,9417,0.280875013,0.740787937,0.403983465,0.044609665,0.028837209
Newcastle-under-Lyme 016,E02006173,6932,0.292412002,0.790825159,0.393082807,0.040248125,0.013464991
South Staffordshire 001,E02006174,10922,0.263504853,0.697125069,0.322341931,0.051561498,0.028620167
South Staffordshire 002,E02006175,6847,0.168394917,0.600701037,0.244846293,0.053884346,0.042305508
South Staffordshire 003,E02006176,7329,0.289261837,0.726565698,0.355673417,0.049672489,0.02985966
South Staffordshire 004,E02006177,9783,0.252069917,0.674946335,0.242096304,0.05478892,0.037549822
South Staffordshire 005,E02006178,7509,0.241709948,0.659342123,0.209796818,0.062866276,0.044215795
South Staffordshire 006,E02006179,9535,0.186995281,0.57954903,0.233375885,0.059656112,0.040240898
South Staffordshire 007,E02006180,6948,0.228986759,0.620034542,0.229261463,0.070791367,0.044505832
South Staffordshire 008,E02006181,5561,0.251033987,0.66588743,0.287326389,0.064208633,0.053435115
South Staffordshire 009,E02006182,7142,0.27233268,0.713805657,0.383420564,0.035414334,0.026213881
South Staffordshire 012,E02006185,7122,0.258494805,0.658382477,0.277516779,0.062210364,0.049089225
South Staffordshire 013,E02006186,12489,0.276963728,0.714949155,0.329560337,0.046189561,0.033157374
South Staffordshire 014,E02006187,7102,0.325401295,0.741762884,0.360215054,0.04940183,0.029345372
Stafford 001,E02006188,5979,0.286837264,0.709984947,0.330175646,0.051874163,0.020385471
Stafford 002,E02006189,7173,0.308378642,0.718946048,0.365857632,0.052829663,0.024517315
Stafford 003,E02006190,11081,0.219565021,0.656168216,0.353908563,0.055329903,0.039111274
Stafford 004,E02006191,8118,0.261763981,0.7172949,0.401758242,0.034121705,0.026720444
Stafford 005,E02006192,9191,0.243716679,0.703079099,0.397850854,0.038725117,0.027250927
Stafford 006,E02006193,7485,0.230728123,0.679225117,0.341774194,0.039006145,0.030644316
Stafford 007,E02006194,8382,0.185158673,0.566929134,0.28718638,0.054276512,0.041514931
Stafford 008,E02006195,8749,0.294890845,0.725797234,0.377984622,0.044685714,0.020899926
Stafford 009,E02006196,7255,0.131082012,0.512474156,0.311253802,0.059545141,0.045142857
Stafford 010,E02006197,9439,0.138785888,0.499947028,0.323676452,0.05909139,0.051440727
Stafford 011,E02006198,8949,0.195217343,0.744105487,0.370044649,0.034856441,0.024300282
Stafford 012,E02006199,8320,0.256610577,0.73125,0.402216611,0.045307054,0.028021442
Stafford 013,E02006200,7730,0.177878396,0.518240621,0.213844654,0.072287599,0.059633028
Stafford 014,E02006201,12118,0.276613303,0.703746493,0.420502513,0.034081532,0.020423183
Stafford 015,E02006202,9205,0.274741988,0.717218903,0.372737628,0.044654498,0.028386232
Stafford 016,E02006203,7684,0.190916189,0.570406039,0.265481002,0.074661811,0.051801802
Staffordshire Moorlands 001,E02006204,7483,0.231725244,0.653347588,0.251641497,0.07003475,0.034160584
Staffordshire Moorlands 002,E02006205,7239,0.315236911,0.741124465,0.340428912,0.047079939,0.019953052
Staffordshire Moorlands 003,E02006206,7994,0.161621216,0.581436077,0.221138723,0.074180635,0.046054334
Staffordshire Moorlands 004,E02006207,6241,0.333600385,0.735939753,0.24287301,0.051610835,0.028995757
Staffordshire Moorlands 005,E02006208,7994,0.205654241,0.645108832,0.299057027,0.074574575,0.040132924
Staffordshire Moorlands 006,E02006209,10619,0.273377908,0.728693851,0.316700156,0.048596723,0.025875796
Staffordshire Moorlands 007,E02006210,5215,0.283604986,0.72924257,0.33026493,0.038903795,0.018781142
Staffordshire Moorlands 008,E02006211,6347,0.301559792,0.729951158,0.314416896,0.047866478,0.024606972
Staffordshire Moorlands 009,E02006212,7735,0.29010989,0.71247576,0.269865294,0.058291327,0.021757322
Staffordshire Moorlands 010,E02006213,6522,0.244096903,0.699632015,0.289792231,0.055947272,0.035544272
Staffordshire Moorlands 011,E02006214,6185,0.251738076,0.652384802,0.229896114,0.061085973,0.031493277
Staffordshire Moorlands 012,E02006215,7850,0.276815287,0.720127389,0.279107807,0.052745573,0.018152262
Staffordshire Moorlands 013,E02006216,8413,0.263283014,0.705099251,0.291748803,0.047205707,0.024881811
Tamworth 001,E02006217,10207,0.238169883,0.66699324,0.257460014,0.050357598,0.0355901
Tamworth 002,E02006218,8448,0.206321023,0.589607008,0.203295923,0.080965909,0.058133854
Tamworth 003,E02006219,8319,0.18043034,0.602836879,0.230096368,0.057218416,0.041204819
Tamworth 004,E02006220,7336,0.233778626,0.615185387,0.191872849,0.066394001,0.04513199
Tamworth 005,E02006221,5812,0.161734343,0.601342051,0.261021838,0.042132416,0.0370605
Tamworth 006,E02006222,6897,0.193417428,0.545309555,0.176184471,0.064076544,0.047976012
Tamworth 007,E02006223,6863,0.135509253,0.451697508,0.130639466,0.076934285,0.080274443
Tamworth 008,E02006224,7488,0.162793803,0.578125,0.238438832,0.045952445,0.030341023
Tamworth 009,E02006225,7340,0.22479564,0.657493188,0.248805405,0.040746797,0.027438196
Tamworth 010,E02006226,9936,0.146135266,0.543478261,0.224996815,0.047523157,0.043873212
Babergh 001,E02006227,6432,0.326958955,0.740982587,0.34189262,0.045066045,0.041767346
Babergh 002,E02006228,6159,0.255723332,0.67933106,0.290322581,0.042052281,0.032365699
Babergh 003,E02006229,6181,0.322601521,0.712182495,0.274011299,0.048867314,0.034967556
Babergh 004,E02006230,11012,0.273973847,0.71349437,0.286264583,0.041867224,0.035913807
Babergh 005,E02006231,8630,0.210892236,0.67230591,0.289973651,0.034183082,0.027138515
Babergh 006,E02006232,6123,0.278458272,0.732810714,0.293787498,0.045417415,0.038045375
Babergh 007,E02006233,11623,0.253893143,0.617224469,0.244236823,0.05635863,0.060671723
Babergh 008,E02006234,9951,0.193849864,0.601346598,0.205768025,0.04954276,0.052501033
Babergh 009,E02006235,8201,0.288989148,0.749298866,0.372913069,0.037926829,0.024231371
Babergh 010,E02006236,10444,0.289448487,0.744159326,0.337423313,0.036685824,0.021716649
Babergh 011,E02006237,7592,0.270547945,0.708377239,0.340246992,0.047023182,0.024475524
West Suffolk 002,E02006238,9690,0.244272446,0.58503612,0.18815546,0.072143668,0.042075431
West Suffolk 001,E02006239,8722,0.132194451,0.357830773,0.226958695,0.028771206,0.017853003
West Suffolk 003,E02006240,10229,0.14429563,0.486264542,0.26962963,0.032554502,0.025569242
West Suffolk 004,E02006241,8843,0.203776999,0.561121791,0.210077093,0.057785819,0.03562341
West Suffolk 007,E02006242,10641,0.136829245,0.558782069,0.338259833,0.027722958,0.029972752
West Suffolk 008,E02006243,9332,0.164916417,0.61155165,0.292184265,0.036540934,0.042121098
Ipswich 001,E02006245,8286,0.210958243,0.583393676,0.182333129,0.059256577,0.052774019
Ipswich 002,E02006246,7436,0.227945132,0.645239376,0.254074316,0.041576964,0.032284319
Ipswich 003,E02006247,9101,0.136798154,0.511702011,0.191056911,0.050302032,0.049500651
Ipswich 004,E02006248,8481,0.180874897,0.6237472,0.297881929,0.04963452,0.032298764
Ipswich 005,E02006249,8390,0.211680572,0.655065554,0.441968162,0.036242251,0.038806694
Ipswich 006,E02006250,10201,0.096461131,0.420448976,0.260012323,0.052652221,0.069176558
Ipswich 007,E02006251,10692,0.095585484,0.500748223,0.351426973,0.047231575,0.064600326
Ipswich 008,E02006252,9698,0.149206022,0.605795009,0.323510405,0.038045159,0.033115133
Ipswich 009,E02006253,7446,0.266854687,0.692318023,0.306711843,0.037051953,0.030600462
Ipswich 010,E02006254,9398,0.141200255,0.473930624,0.238223057,0.057252315,0.06340819
Ipswich 011,E02006255,8120,0.137192118,0.559236453,0.303642531,0.036941263,0.040989399
Ipswich 012,E02006256,9844,0.130434783,0.465765949,0.236459539,0.050294656,0.066433566
Ipswich 013,E02006257,6777,0.224730707,0.589198761,0.167246748,0.071280992,0.042918455
Ipswich 014,E02006258,9650,0.140103627,0.518031088,0.223968043,0.064552896,0.052826894
Ipswich 015,E02006259,7280,0.20728022,0.533928571,0.18379516,0.057425471,0.059469942
Ipswich 016,E02006260,8846,0.166063758,0.520009044,0.172890326,0.059455183,0.053919121
Mid Suffolk 001,E02006261,7952,0.309481891,0.758677062,0.305901303,0.048271527,0.030482642
Mid Suffolk 002,E02006262,8990,0.28298109,0.755839822,0.310602094,0.042157953,0.031823461
Mid Suffolk 003,E02006263,7533,0.301473517,0.749103943,0.307442364,0.044199628,0.030936694
Mid Suffolk 004,E02006264,8867,0.244276531,0.768805684,0.350578625,0.037655017,0.022717149
Mid Suffolk 005,E02006265,7376,0.272912148,0.71691974,0.28216632,0.043372188,0.028919762
Mid Suffolk 006,E02006266,9435,0.28945416,0.7763646,0.332916771,0.046210917,0.034615385
Mid Suffolk 007,E02006267,8348,0.264853857,0.741494969,0.362621839,0.0337765,0.025566107
Mid Suffolk 008,E02006268,6164,0.25908501,0.674886437,0.202156863,0.067381068,0.056233814
Mid Suffolk 009,E02006269,7736,0.232936918,0.726215098,0.297733623,0.037616339,0.029093718
Mid Suffolk 010,E02006270,12794,0.150695639,0.624198843,0.281596452,0.030397749,0.026056338
Mid Suffolk 011,E02006271,9844,0.211600975,0.728464039,0.282500907,0.040934485,0.022710068
Mid Suffolk 012,E02006272,7656,0.283437827,0.701802508,0.260162602,0.047426182,0.024775388
West Suffolk 005,E02006273,6839,0.299166545,0.681971048,0.267921921,0.048266784,0.027963139
West Suffolk 006,E02006274,6597,0.219342125,0.743974534,0.293576326,0.040466808,0.02411714
West Suffolk 009,E02006275,7001,0.167976003,0.586773318,0.206181883,0.054150593,0.048780488
West Suffolk 016,E02006276,8230,0.269744836,0.737059538,0.335482925,0.039611179,0.031812256
West Suffolk 012,E02006277,7687,0.144919995,0.624560947,0.379040157,0.023025888,0.023244782
West Suffolk 011,E02006278,8378,0.214370972,0.613153497,0.39703482,0.043332935,0.040930441
West Suffolk 014,E02006279,8749,0.269745114,0.663732998,0.292977875,0.049971412,0.03552795
West Suffolk 010,E02006280,9735,0.275808937,0.718438624,0.349572332,0.039157246,0.025522552
West Suffolk 013,E02006281,8321,0.318471338,0.70808797,0.363901221,0.052037015,0.033174098
West Suffolk 017,E02006282,6522,0.323367065,0.722784422,0.329242263,0.04937893,0.031207598
West Suffolk 018,E02006283,8253,0.208772568,0.636374652,0.304728299,0.048346056,0.045739676
West Suffolk 019,E02006284,7732,0.185463011,0.61445939,0.222778675,0.048641656,0.041677255
West Suffolk 021,E02006285,7549,0.13975361,0.587230097,0.244329553,0.04238972,0.036238981
West Suffolk 020,E02006286,11149,0.173378778,0.578975693,0.196032014,0.048421808,0.047718565
East Suffolk 016,E02006287,6257,0.366149912,0.748761387,0.370680247,0.049041534,0.027819549
East Suffolk 017,E02006288,10054,0.279789139,0.695046748,0.383792776,0.0405849,0.030647986
East Suffolk 018,E02006289,9699,0.293844726,0.716259408,0.292118227,0.0525719,0.038406145
East Suffolk 019,E02006290,8108,0.325111001,0.728169709,0.271658061,0.063903282,0.041798789
East Suffolk 020,E02006291,7670,0.295697523,0.754498044,0.374903772,0.041058394,0.033714453
East Suffolk 021,E02006292,6780,0.275958702,0.768141593,0.384051649,0.040837388,0.023672425
East Suffolk 023,E02006293,11158,0.228356336,0.655852303,0.327791483,0.050192704,0.053094036
East Suffolk 022,E02006294,7881,0.341073468,0.771856363,0.400029468,0.057748445,0.045072115
East Suffolk 024,E02006295,9326,0.259275145,0.715740939,0.284392913,0.044508795,0.023122711
East Suffolk 025,E02006296,13091,0.21961653,0.696738217,0.371493127,0.034677666,0.02970297
East Suffolk 026,E02006297,8045,0.265630827,0.752889994,0.351561355,0.031319911,0.02114492
East Suffolk 027,E02006298,9146,0.242291712,0.718565493,0.229356603,0.048900558,0.027333333
East Suffolk 028,E02006299,8235,0.40376442,0.824529447,0.304663923,0.046994536,0.031643625
East Suffolk 029,E02006300,7938,0.203199798,0.643613001,0.172668513,0.071176619,0.046999469
East Suffolk 030,E02006301,6305,0.287232355,0.693259318,0.290418054,0.062648692,0.049859551
East Suffolk 001,E02006302,6638,0.334890027,0.739680627,0.267364088,0.064326604,0.044963402
East Suffolk 002,E02006303,7981,0.186693397,0.553063526,0.173773645,0.084314708,0.067255021
East Suffolk 003,E02006304,8144,0.314341847,0.709847741,0.186006084,0.060382916,0.044600939
East Suffolk 004,E02006305,9733,0.136545772,0.50159252,0.166864217,0.08075619,0.080543198
East Suffolk 005,E02006306,7290,0.26611797,0.660768176,0.193980486,0.065596267,0.062281538
East Suffolk 007,E02006307,7324,0.349535773,0.73784817,0.235165522,0.055168647,0.031531532
East Suffolk 006,E02006308,7628,0.196775039,0.550734137,0.203298446,0.092791612,0.098375728
East Suffolk 009,E02006309,6745,0.29636768,0.644180875,0.174472649,0.088401068,0.072015656
East Suffolk 008,E02006310,8078,0.211067096,0.645828175,0.205108712,0.054345135,0.041218638
East Suffolk 010,E02006311,8207,0.301571829,0.709028878,0.249024989,0.066601729,0.04342723
East Suffolk 011,E02006312,8486,0.278340797,0.72543012,0.264195474,0.04607589,0.035714286
East Suffolk 012,E02006313,9931,0.307219817,0.697110059,0.211577082,0.068371765,0.037315241
East Suffolk 013,E02006314,7265,0.299793531,0.699518238,0.284046693,0.059358215,0.037598545
East Suffolk 014,E02006315,5845,0.365440547,0.731394354,0.306286837,0.053235193,0.050021377
East Suffolk 015,E02006316,7071,0.345919955,0.750388912,0.267747807,0.067430025,0.042999656
Elmbridge 001,E02006317,6351,0.20170052,0.636907574,0.427350427,0.035573745,0.040510367
Elmbridge 002,E02006318,6965,0.191241924,0.682268485,0.607079331,0.021966978,0.040250204
Elmbridge 003,E02006319,7217,0.15782181,0.566994596,0.366838641,0.044490644,0.04158634
Elmbridge 004,E02006320,7249,0.126638157,0.542695544,0.362047441,0.041637943,0.050499737
Elmbridge 005,E02006321,6607,0.172544271,0.67988497,0.615659068,0.027845036,0.03588661
Elmbridge 006,E02006322,6488,0.154438964,0.672472256,0.588480636,0.022807829,0.029631847
Elmbridge 007,E02006323,7532,0.191848115,0.635422199,0.492110945,0.030158098,0.039926451
Elmbridge 008,E02006324,7914,0.137856962,0.62421026,0.45412234,0.029437776,0.041961454
Elmbridge 009,E02006325,9171,0.165303675,0.695780177,0.616604744,0.014718709,0.036486782
Elmbridge 010,E02006326,7532,0.164099841,0.645910781,0.541928899,0.02442586,0.036537963
Elmbridge 011,E02006327,6696,0.209677419,0.660842294,0.573068095,0.026728386,0.038413098
Elmbridge 012,E02006328,9599,0.159495781,0.640483384,0.5446898,0.026458333,0.045365663
Elmbridge 013,E02006329,7099,0.200450768,0.707282716,0.556275162,0.028458721,0.037897311
Elmbridge 014,E02006330,9925,0.197380353,0.642216625,0.452558498,0.035556003,0.039284972
Elmbridge 015,E02006331,7265,0.203991741,0.723193393,0.564017467,0.030565882,0.03216459
Elmbridge 016,E02006332,6650,0.186165414,0.659548872,0.558109118,0.027364306,0.036335878
Elmbridge 017,E02006333,9940,0.195674044,0.617806841,0.46508344,0.032683025,0.044854281
Elmbridge 018,E02006334,8547,0.203112203,0.697905698,0.6087735,0.017545912,0.030810093
Epsom and Ewell 001,E02006335,7913,0.220902313,0.653607987,0.426697178,0.033236446,0.040510128
Epsom and Ewell 002,E02006336,7168,0.140904018,0.569335938,0.324714693,0.036561541,0.039654707
Epsom and Ewell 003,E02006337,8867,0.212811548,0.679260178,0.417004049,0.024010822,0.031559964
Epsom and Ewell 004,E02006338,6786,0.201591512,0.66622458,0.389524161,0.026812021,0.03491784
Epsom and Ewell 005,E02006339,10912,0.117302053,0.571755865,0.420137631,0.030697333,0.039555006
Epsom and Ewell 007,E02006341,10252,0.16513851,0.620171674,0.460762877,0.037174358,0.041992188
Epsom and Ewell 008,E02006342,8199,0.17794853,0.597145993,0.503200834,0.031718922,0.045790251
Epsom and Ewell 009,E02006343,9058,0.184588209,0.669463458,0.497600226,0.03014576,0.0225
Guildford 001,E02006344,8520,0.244483568,0.717840376,0.427241963,0.038849765,0.028501827
Guildford 002,E02006345,7675,0.163517915,0.693420195,0.34352211,0.026446066,0.032872797
Guildford 003,E02006346,9929,0.249874106,0.732500755,0.525720676,0.028617493,0.033421284
Guildford 004,E02006347,7129,0.202132136,0.663487165,0.370093458,0.033955381,0.028891202
Guildford 005,E02006348,8460,0.222576832,0.696572104,0.404388715,0.037107067,0.031727099
Guildford 006,E02006349,8002,0.139340165,0.614346413,0.439065622,0.034357821,0.044881126
Guildford 007,E02006350,6373,0.131962969,0.555154558,0.299319728,0.048134211,0.04654049
Guildford 008,E02006351,8370,0.1609319,0.644086022,0.480669711,0.028185835,0.031329775
Guildford 009,E02006352,6143,0.146182647,0.598893049,0.362318841,0.028794534,0.031586255
Guildford 010,E02006353,6116,0.185742315,0.633420536,0.28648757,0.048569092,0.04
Guildford 011,E02006354,9621,0.200602848,0.688286041,0.596534653,0.02172783,0.029644269
Guildford 012,E02006355,9758,0.072350892,0.457983193,0.283090783,0.033319664,0.060535117
Guildford 013,E02006356,11454,0.109917933,0.635149293,0.560537211,0.026883128,0.040421248
Guildford 014,E02006357,7215,0.187525988,0.726680527,0.350424448,0.033416528,0.027459954
Guildford 015,E02006358,8973,0.097291876,0.559790483,0.461587141,0.021949861,0.039163624
Guildford 016,E02006359,6130,0.19771615,0.700489396,0.656963021,0.026113922,0.035135135
Guildford 017,E02006360,8125,0.234707692,0.704123077,0.498497145,0.035441792,0.035353535
Guildford 018,E02006361,5662,0.253444013,0.733839633,0.492258749,0.031813362,0.027007029
Mole Valley 001,E02006362,6898,0.236445346,0.709625979,0.496131006,0.030421556,0.028040328
Mole Valley 002,E02006363,6052,0.238268341,0.705882353,0.490422245,0.039478031,0.030442478
Mole Valley 003,E02006364,7702,0.139963646,0.571799533,0.359993563,0.042321174,0.048204159
Mole Valley 004,E02006365,6261,0.258425172,0.698770165,0.48012869,0.037380192,0.03804168
Mole Valley 005,E02006366,8021,0.252212941,0.706894402,0.436091363,0.029543755,0.032901554
Mole Valley 006,E02006367,5969,0.278103535,0.707321159,0.466003653,0.034679176,0.035001882
Mole Valley 007,E02006368,5682,0.286166843,0.724568814,0.438559322,0.036978341,0.030279198
Mole Valley 008,E02006369,6259,0.319220323,0.760185333,0.386918979,0.046180888,0.029726119
Mole Valley 009,E02006370,6342,0.215862504,0.715862504,0.5057234,0.029490617,0.035460993
Mole Valley 010,E02006371,7324,0.229792463,0.702758056,0.485062377,0.033729346,0.032852564
Mole Valley 011,E02006372,6415,0.189088075,0.634450507,0.319751649,0.042440318,0.03750775
Mole Valley 012,E02006373,7513,0.230933049,0.701983229,0.425872558,0.038610039,0.033542977
Mole Valley 013,E02006374,6950,0.242877698,0.736115108,0.336719147,0.038843332,0.03000283
Reigate and Banstead 001,E02006375,6772,0.21278795,0.65490254,0.409391049,0.028200207,0.030088496
Reigate and Banstead 002,E02006376,9227,0.241031755,0.627939742,0.338788034,0.041291861,0.050733969
Reigate and Banstead 003,E02006377,6165,0.253203569,0.699432279,0.389051808,0.031442464,0.033378747
Reigate and Banstead 004,E02006378,8849,0.179455306,0.635100011,0.390068927,0.028477794,0.03287311
Reigate and Banstead 005,E02006379,6971,0.124946206,0.516998996,0.288454162,0.043478261,0.048433875
Reigate and Banstead 006,E02006380,7099,0.2753909,0.731652345,0.433508386,0.029880197,0.02204772
Reigate and Banstead 007,E02006381,7259,0.234880838,0.662074666,0.375249169,0.032098085,0.031678082
Reigate and Banstead 008,E02006382,6863,0.129680898,0.569867405,0.33884769,0.048659674,0.047605473
Reigate and Banstead 009,E02006383,10115,0.202372714,0.668512111,0.528742814,0.026791893,0.032173209
Reigate and Banstead 010,E02006384,10919,0.149922154,0.608663797,0.463921114,0.034621726,0.046263345
Reigate and Banstead 011,E02006385,11321,0.102376115,0.58060242,0.493991989,0.026848008,0.035605134
Reigate and Banstead 012,E02006386,8376,0.162010506,0.640759312,0.545933385,0.022081642,0.031844106
Reigate and Banstead 013,E02006387,6789,0.158638975,0.627043747,0.409571401,0.039039481,0.038100998
Reigate and Banstead 014,E02006388,9326,0.145507184,0.619879906,0.402590466,0.036556604,0.034650574
Reigate and Banstead 015,E02006389,7373,0.187033772,0.623626746,0.328114246,0.041242708,0.036114911
Reigate and Banstead 016,E02006390,10508,0.154073087,0.623239437,0.32375786,0.033878949,0.038357156
Reigate and Banstead 017,E02006391,7745,0.150032279,0.634990316,0.384449959,0.024519293,0.032479848
Reigate and Banstead 018,E02006392,9168,0.184336824,0.612347295,0.318865664,0.046471037,0.056117186
Runnymede 001,E02006393,6940,0.13184438,0.527377522,0.3836572,0.034274194,0.05458221
Runnymede 002,E02006394,11826,0.115339083,0.468966684,0.308501482,0.027650939,0.05511811
Runnymede 003,E02006395,9751,0.147574608,0.589580556,0.326644653,0.03876128,0.056388836
Runnymede 004,E02006396,5968,0.244302949,0.665214477,0.304252782,0.047778709,0.042444822
Runnymede 005,E02006397,6330,0.212796209,0.675671406,0.516508979,0.026211906,0.037358239
Runnymede 006,E02006398,8653,0.150583613,0.601641049,0.350516944,0.038132655,0.046122027
Runnymede 007,E02006399,12268,0.172562765,0.600586893,0.344347296,0.034564278,0.038035109
Runnymede 008,E02006400,5688,0.231540084,0.691279887,0.383698659,0.036593948,0.03749124
Runnymede 009,E02006401,10713,0.175767759,0.590497526,0.324810274,0.042666418,0.039056743
Runnymede 010,E02006402,9939,0.202837308,0.665056847,0.360578707,0.034715234,0.031399046
Spelthorne 001,E02006403,6737,0.134184355,0.487160457,0.275714816,0.042594242,0.073749647
Spelthorne 002,E02006404,7756,0.120293966,0.489556472,0.30013459,0.048079402,0.057548387
Spelthorne 003,E02006405,11433,0.166010671,0.615061664,0.344322344,0.031583552,0.045619236
Spelthorne 004,E02006406,8951,0.129594459,0.597586862,0.450308063,0.032056294,0.058766297
Spelthorne 005,E02006407,9309,0.190997959,0.599312493,0.287115589,0.037172325,0.04428661
Spelthorne 006,E02006408,8850,0.16259887,0.558644068,0.286134454,0.036158192,0.044560669
Spelthorne 007,E02006409,6776,0.173406139,0.590613932,0.286740331,0.050604898,0.052723565
Spelthorne 008,E02006410,8517,0.137372314,0.511212868,0.299414678,0.044402678,0.054743679
Spelthorne 009,E02006411,7189,0.232021143,0.686048129,0.365943239,0.032127955,0.041633092
Spelthorne 010,E02006412,7743,0.211675061,0.614877954,0.445939452,0.028545595,0.044665646
Spelthorne 011,E02006413,6470,0.23137558,0.633539413,0.335538752,0.044660794,0.046914358
Spelthorne 012,E02006414,6240,0.214583333,0.637820513,0.296828836,0.044558423,0.037893385
Spelthorne 013,E02006415,6987,0.285100902,0.703449263,0.363467073,0.036501575,0.036363636
Surrey Heath 001,E02006416,8384,0.232466603,0.702647901,0.432490975,0.028148855,0.035117878
Surrey Heath 002,E02006417,6086,0.192244496,0.673512981,0.371323529,0.033371692,0.037970645
Surrey Heath 003,E02006418,6537,0.246902249,0.748355515,0.394015862,0.033052793,0.028519964
Surrey Heath 004,E02006419,8247,0.149508912,0.585788772,0.325045208,0.044131911,0.053049778
Surrey Heath 005,E02006420,7744,0.234375,0.734891529,0.472593275,0.028534538,0.035333853
Surrey Heath 006,E02006421,10337,0.165231692,0.63035697,0.399633476,0.030863003,0.033125487
Surrey Heath 007,E02006422,6203,0.196356602,0.693696598,0.423131456,0.020141798,0.032196366
Surrey Heath 008,E02006423,11208,0.169164882,0.642844397,0.360401165,0.039168451,0.055378419
Surrey Heath 009,E02006424,6498,0.230994152,0.699907664,0.424483608,0.025411982,0.035792779
Surrey Heath 010,E02006425,6441,0.18646173,0.693681105,0.376889229,0.038963055,0.033836858
Surrey Heath 011,E02006426,5540,0.210469314,0.729422383,0.382803821,0.027061158,0.033927347
Surrey Heath 012,E02006427,7228,0.185113448,0.653707803,0.351466576,0.031682346,0.035751029
Tandridge 002,E02006429,8211,0.168189015,0.602484472,0.405478627,0.030328867,0.039290525
Tandridge 003,E02006430,9513,0.160517187,0.603069484,0.323403113,0.038566625,0.040057225
Tandridge 004,E02006431,11571,0.173537292,0.587935356,0.41507963,0.033099991,0.039310716
Tandridge 005,E02006432,5671,0.23364486,0.6951155,0.381774995,0.039167255,0.036444775
Tandridge 006,E02006433,9491,0.242967021,0.730692235,0.484393213,0.031710914,0.028221396
Tandridge 007,E02006434,6627,0.191338464,0.632714652,0.373131468,0.039221602,0.0403698
Tandridge 008,E02006435,6108,0.209724951,0.633431565,0.395959596,0.038599935,0.041707718
Tandridge 009,E02006436,6212,0.200901481,0.617514488,0.32010371,0.044576762,0.043021033
Tandridge 010,E02006437,8387,0.249672112,0.688327173,0.373554913,0.043395327,0.03201182
Tandridge 011,E02006438,8350,0.238922156,0.710898204,0.309220872,0.041442089,0.037971641
Waverley 001,E02006439,6240,0.213461538,0.700801282,0.375514202,0.037203335,0.027094363
Waverley 002,E02006440,7196,0.207893274,0.695108394,0.408069459,0.029881862,0.037730653
Waverley 003,E02006441,8429,0.20109147,0.658678372,0.447632509,0.036188894,0.043489721
Waverley 004,E02006442,6411,0.227265637,0.718140696,0.579856973,0.021983162,0.02875629
Waverley 005,E02006443,7499,0.195359381,0.662488332,0.381235547,0.045587843,0.033945891
Waverley 006,E02006444,7176,0.181856187,0.673494983,0.488965268,0.030657748,0.029394299
Waverley 007,E02006445,8437,0.165935759,0.647860614,0.532997182,0.023950676,0.030978644
Waverley 008,E02006446,6981,0.223463687,0.693167168,0.511126936,0.026655202,0.027674129
Waverley 009,E02006447,6752,0.209567536,0.682464455,0.492526017,0.026822762,0.031555696
Waverley 010,E02006448,7387,0.184242588,0.703533234,0.545813315,0.027747699,0.03487095
Waverley 011,E02006449,6959,0.242563587,0.716194856,0.431721948,0.037809086,0.029403029
Waverley 012,E02006450,7164,0.20826354,0.729899497,0.504171011,0.022613065,0.028603795
Waverley 013,E02006451,11791,0.264438979,0.730811636,0.397203089,0.031377205,0.030035667
Waverley 015,E02006453,8382,0.270937724,0.715103794,0.427162259,0.033857892,0.028813111
Waverley 016,E02006454,6764,0.231963335,0.687167357,0.516808275,0.029572675,0.046026388
Waverley 017,E02006455,6146,0.198828506,0.674585096,0.4404,0.048355585,0.0345953
Woking 001,E02006456,8022,0.1793817,0.607703815,0.322389918,0.040638245,0.039417105
Woking 002,E02006457,9330,0.237620579,0.716291533,0.536782218,0.029153269,0.032503923
Woking 003,E02006458,9225,0.213875339,0.684878049,0.539626724,0.034467808,0.033837131
Woking 004,E02006459,10653,0.090303201,0.437341594,0.303629567,0.039602102,0.061123766
Woking 005,E02006460,9324,0.157872158,0.571321321,0.356345316,0.042265608,0.04026567
Woking 006,E02006461,6788,0.216411314,0.66293459,0.544430538,0.029021803,0.038092469
Woking 007,E02006462,8340,0.154676259,0.622182254,0.395327942,0.030684406,0.03845294
Woking 008,E02006463,10660,0.124765478,0.606566604,0.557185084,0.029828346,0.042405063
Woking 009,E02006464,6814,0.188875844,0.643381274,0.37804878,0.041990897,0.035724332
Woking 010,E02006465,6213,0.200225334,0.682600998,0.559389252,0.026387772,0.033333333
Woking 011,E02006466,11305,0.114020345,0.55656789,0.391965633,0.039186201,0.045797599
Woking 012,E02006467,7263,0.170866033,0.683188765,0.521043478,0.020790307,0.030892144
North Warwickshire 001,E02006468,10956,0.221431179,0.65671778,0.26233652,0.050474626,0.030771999
North Warwickshire 002,E02006469,8783,0.192644882,0.56393032,0.200395984,0.065732513,0.04212963
North Warwickshire 003,E02006470,11736,0.214297887,0.582822086,0.217418287,0.069949732,0.046137145
North Warwickshire 004,E02006471,6971,0.253622149,0.677808062,0.269204738,0.043902439,0.035063114
North Warwickshire 005,E02006472,9823,0.20054973,0.593606841,0.237151703,0.057698178,0.04362755
North Warwickshire 006,E02006473,10379,0.23123615,0.647942962,0.272069797,0.050192678,0.040743522
North Warwickshire 007,E02006474,6393,0.234788049,0.627717816,0.299178798,0.054929577,0.03490566
Nuneaton and Bedworth 001,E02006475,9588,0.201919065,0.649666249,0.338287055,0.042779633,0.035226302
Nuneaton and Bedworth 002,E02006476,9597,0.125872669,0.449723872,0.214743153,0.061666667,0.065677504
Nuneaton and Bedworth 003,E02006477,8737,0.199153027,0.668078288,0.358453288,0.042229343,0.029891929
Nuneaton and Bedworth 004,E02006478,8405,0.146817371,0.611302796,0.246583482,0.043659291,0.031565103
Nuneaton and Bedworth 005,E02006479,9143,0.148310183,0.48386744,0.228065504,0.068780755,0.063895644
Nuneaton and Bedworth 006,E02006480,7493,0.171893768,0.543307087,0.194361526,0.06514484,0.047169811
Nuneaton and Bedworth 007,E02006481,7317,0.179035124,0.517971846,0.194410265,0.065053984,0.045879867
Nuneaton and Bedworth 008,E02006482,7261,0.176008814,0.56700179,0.249700496,0.045203969,0.039034969
Nuneaton and Bedworth 009,E02006483,7963,0.175561974,0.480095441,0.202365931,0.072864322,0.063854048
Nuneaton and Bedworth 010,E02006484,7648,0.176778243,0.568645397,0.243548901,0.063676778,0.045419154
Nuneaton and Bedworth 011,E02006485,6586,0.287883389,0.736714242,0.330088649,0.038543247,0.034257241
Nuneaton and Bedworth 012,E02006486,7078,0.219129698,0.626024301,0.202176501,0.063135593,0.043020193
Nuneaton and Bedworth 013,E02006487,6944,0.226670507,0.572868664,0.180088106,0.078473722,0.062005277
Nuneaton and Bedworth 014,E02006488,6081,0.340404539,0.704489393,0.253808073,0.058717105,0.028782575
Nuneaton and Bedworth 015,E02006489,8056,0.158142999,0.522219464,0.235367959,0.060692565,0.047133758
Nuneaton and Bedworth 016,E02006490,7742,0.19039008,0.569361922,0.224015494,0.063508455,0.056395035
Rugby 002,E02006493,10692,0.124111485,0.528245417,0.340938341,0.038432766,0.033553635
Rugby 003,E02006494,7272,0.158140814,0.500825083,0.259019119,0.069169417,0.056500131
Rugby 004,E02006495,7773,0.253827351,0.67322784,0.331035539,0.040664007,0.029273393
Rugby 005,E02006496,7142,0.099691963,0.443573229,0.299761824,0.040341785,0.041971233
Rugby 006,E02006497,8087,0.123531594,0.459750216,0.257675271,0.04907293,0.045324532
Rugby 007,E02006498,13863,0.144341052,0.579600375,0.364701472,0.035495275,0.033521924
Rugby 008,E02006499,6439,0.188072682,0.659419164,0.383641675,0.031852082,0.023525908
Rugby 009,E02006500,6108,0.22134905,0.586280288,0.34858871,0.046199214,0.029162052
Rugby 010,E02006501,10217,0.207986689,0.586767153,0.327389005,0.045917368,0.033915516
Rugby 011,E02006502,11052,0.278230185,0.649022801,0.332281923,0.057993305,0.029262345
Rugby 012,E02006503,10173,0.237491399,0.68475376,0.446432949,0.035686197,0.025974026
Stratford-on-Avon 001,E02006504,5877,0.286030288,0.746809597,0.399121932,0.030803268,0.026009582
Stratford-on-Avon 002,E02006505,6962,0.317437518,0.758259121,0.396777442,0.047687446,0.028089888
Stratford-on-Avon 003,E02006506,6037,0.254265364,0.656286235,0.288884406,0.052875849,0.037179937
Stratford-on-Avon 004,E02006507,11035,0.202537381,0.752877209,0.363966143,0.036429542,0.029741019
Stratford-on-Avon 005,E02006508,11157,0.221385677,0.722864569,0.422424176,0.033354254,0.024223275
Stratford-on-Avon 006,E02006509,5869,0.294598739,0.714602147,0.318181818,0.048203032,0.034834624
Stratford-on-Avon 007,E02006510,6852,0.308960887,0.798744892,0.414483821,0.04743833,0.024522293
Stratford-on-Avon 008,E02006511,10657,0.241343718,0.716055175,0.400205879,0.03687371,0.021923077
Stratford-on-Avon 009,E02006512,12295,0.209516063,0.669377796,0.378383567,0.045613465,0.035264875
Stratford-on-Avon 010,E02006513,8338,0.251619093,0.750899496,0.495279593,0.033817004,0.037740565
Stratford-on-Avon 011,E02006514,8863,0.30023694,0.747263906,0.412402089,0.048629132,0.034908573
Stratford-on-Avon 012,E02006515,11181,0.238261336,0.736427869,0.358562276,0.039434856,0.034408602
Stratford-on-Avon 013,E02006516,9595,0.241167275,0.749557061,0.438840937,0.040454593,0.025984409
Stratford-on-Avon 014,E02006517,9821,0.213929335,0.705834436,0.419843474,0.032179226,0.025543804
Stratford-on-Avon 015,E02006518,10194,0.289680204,0.744457524,0.377458309,0.044732195,0.026145116
Warwick 001,E02006519,8000,0.26475,0.73175,0.524284863,0.03516016,0.026560425
Warwick 002,E02006520,8443,0.240317423,0.742271704,0.504289391,0.031749793,0.03041452
Warwick 003,E02006521,7305,0.287063655,0.745653662,0.473727154,0.039978094,0.034734918
Warwick 004,E02006522,5802,0.252671493,0.764219235,0.465397215,0.023940751,0.026809651
Warwick 005,E02006523,12899,0.197457167,0.575936119,0.397597977,0.032863122,0.026396327
Warwick 006,E02006524,5522,0.186345527,0.59181456,0.326438849,0.050678733,0.05974026
Warwick 007,E02006525,13033,0.199340137,0.691628942,0.533076716,0.039671578,0.031941809
Warwick 008,E02006526,8652,0.220295885,0.6740638,0.387020567,0.048769213,0.041610436
Warwick 009,E02006527,9354,0.18676502,0.67735728,0.567152918,0.038260126,0.039632874
Warwick 010,E02006528,11246,0.134092122,0.57389294,0.424207553,0.041088581,0.043846987
Warwick 011,E02006529,12695,0.156045687,0.621819614,0.4353482,0.039618778,0.041278296
Warwick 012,E02006530,13236,0.16681777,0.691145361,0.519883699,0.031811999,0.033978495
Warwick 013,E02006531,10330,0.107066796,0.49893514,0.307709854,0.050624335,0.059018568
Warwick 014,E02006532,11642,0.166895722,0.671705892,0.483605659,0.027565479,0.027975501
Warwick 015,E02006533,10289,0.168237924,0.642044902,0.382996532,0.039556808,0.038028923
Adur 001,E02006534,9094,0.214097207,0.643391247,0.248547886,0.053765805,0.037792029
Adur 002,E02006535,7361,0.255535933,0.692568944,0.362387655,0.042108123,0.033714453
Adur 003,E02006536,7501,0.224103453,0.66177843,0.255526229,0.046666667,0.033167496
Adur 004,E02006537,10531,0.190485234,0.600892603,0.269354646,0.066641352,0.047609148
Adur 005,E02006538,9263,0.242901868,0.671704631,0.406613278,0.043830293,0.041098901
Adur 006,E02006539,7295,0.248937629,0.672241261,0.199211045,0.067708333,0.044074723
Adur 007,E02006540,5721,0.265513022,0.704247509,0.220925386,0.067784766,0.052290076
Adur 008,E02006541,7776,0.27494856,0.680812757,0.239829994,0.058657062,0.039348711
Arun 001,E02006542,5734,0.322985699,0.710673178,0.384031936,0.04707113,0.028174305
Arun 002,E02006543,5599,0.304875871,0.73280943,0.300020691,0.053411933,0.038182512
Arun 003,E02006544,11615,0.256478691,0.714851485,0.329346257,0.044597503,0.029464607
Arun 004,E02006545,12163,0.145523308,0.532269999,0.229779412,0.050731788,0.046882962
Arun 005,E02006546,10968,0.269420131,0.708698031,0.270525047,0.054613421,0.037164209
Arun 006,E02006547,6911,0.234987701,0.661554044,0.262919784,0.051793981,0.051795361
Arun 007,E02006548,9756,0.244464945,0.68101681,0.241807349,0.04940043,0.041043991
Arun 008,E02006549,6248,0.459346991,0.778809219,0.31971831,0.048175416,0.044395604
Arun 009,E02006550,9608,0.326290591,0.70264363,0.221429435,0.063475546,0.040165531
Arun 010,E02006551,7954,0.528790546,0.808649736,0.30608931,0.063482087,0.037485357
Arun 011,E02006552,7387,0.213889265,0.579396237,0.255274936,0.066242211,0.071900826
Arun 012,E02006553,9660,0.20610766,0.606418219,0.23088685,0.046051951,0.036001609
Arun 013,E02006554,6619,0.356247167,0.72941532,0.265625,0.055312075,0.03454416
Arun 014,E02006555,7695,0.19194282,0.547368421,0.20621957,0.062638077,0.043443497
Arun 015,E02006556,10597,0.305086345,0.685948853,0.28877551,0.043613707,0.031099431
Arun 016,E02006557,7768,0.161560247,0.506822863,0.202356313,0.056900103,0.055642226
Arun 017,E02006558,10722,0.231766461,0.534974818,0.235507633,0.067412587,0.049674749
Arun 018,E02006559,8177,0.444784151,0.775223187,0.299795779,0.049755501,0.034664906
Arun 019,E02006560,9701,0.349036182,0.698072364,0.216964391,0.059447764,0.036233611
Chichester 001,E02006561,6705,0.22699478,0.693512304,0.431792976,0.029082774,0.03625
Chichester 002,E02006562,6157,0.260678902,0.740620432,0.412490211,0.026136364,0.031680441
Chichester 003,E02006563,5752,0.277294854,0.742350487,0.446424913,0.031119611,0.034760337
Chichester 004,E02006564,7990,0.306382979,0.739299124,0.361345783,0.045306633,0.031544891
Chichester 005,E02006565,8165,0.300551133,0.719044703,0.37831536,0.036878216,0.030773348
Chichester 006,E02006566,8236,0.311437591,0.743200583,0.432158653,0.038746508,0.030609379
Chichester 007,E02006567,7682,0.267898985,0.71960427,0.402710703,0.041775117,0.027694814
Chichester 008,E02006568,12300,0.18804878,0.59796748,0.357783133,0.049186992,0.042642753
Chichester 009,E02006569,9621,0.260887642,0.609084295,0.390063033,0.033246753,0.032783326
Chichester 010,E02006570,8908,0.248877414,0.651885945,0.394920635,0.053435115,0.04187848
Chichester 011,E02006571,8512,0.26468515,0.749647556,0.42923663,0.033709185,0.034006648
Chichester 012,E02006572,11487,0.192652564,0.620962828,0.329380342,0.042051193,0.043048694
Chichester 013,E02006573,11627,0.330609788,0.713511654,0.344970235,0.048503612,0.037289495
Chichester 014,E02006574,10921,0.369288527,0.735830052,0.229701524,0.070493454,0.049977788
Crawley 001,E02006575,8947,0.116128311,0.462277859,0.246693502,0.046964106,0.082080925
Crawley 002,E02006576,10716,0.135591639,0.597984323,0.363941904,0.02837409,0.046443873
Crawley 003,E02006577,9088,0.149537852,0.51287412,0.249013529,0.054553454,0.059838637
Crawley 004,E02006578,12584,0.110855054,0.472981564,0.31594174,0.043706294,0.073383809
Crawley 005,E02006579,8357,0.149096566,0.563120737,0.315252734,0.03735185,0.054619016
Crawley 006,E02006580,8397,0.175896153,0.563534596,0.242222222,0.047046212,0.066589327
Crawley 007,E02006581,10354,0.133474986,0.505215376,0.302291742,0.045384318,0.075482196
Crawley 008,E02006582,7847,0.132917038,0.640881866,0.358251961,0.020514781,0.049396768
Crawley 009,E02006583,9484,0.172606495,0.595634753,0.273979724,0.042506065,0.05231964
Crawley 010,E02006584,7839,0.102819237,0.48564868,0.205377763,0.059693878,0.076159762
Crawley 011,E02006585,8314,0.146740438,0.53656483,0.217739452,0.045224922,0.072052402
Crawley 012,E02006586,8036,0.089223494,0.462543554,0.212883336,0.037322717,0.082897862
Crawley 013,E02006587,8536,0.114222118,0.481724461,0.225308184,0.056369389,0.083845979
Horsham 001,E02006588,10411,0.164249352,0.647584286,0.364344746,0.029971182,0.043275056
Horsham 002,E02006589,11345,0.211106214,0.728074041,0.384574183,0.027503526,0.029622063
Horsham 003,E02006590,8784,0.206056466,0.68784153,0.367202661,0.038943293,0.037102473
Horsham 004,E02006591,8274,0.197969543,0.657843848,0.379885815,0.039168279,0.035550459
Horsham 005,E02006592,6676,0.233523068,0.715398442,0.384166363,0.03474094,0.030089039
Horsham 006,E02006593,11284,0.202853598,0.652516838,0.382652514,0.046251994,0.044825199
Horsham 007,E02006594,10941,0.164153185,0.63915547,0.380535109,0.031349968,0.034345875
Horsham 008,E02006595,8955,0.230820771,0.687437186,0.435103862,0.025560888,0.028106509
Horsham 009,E02006596,9364,0.167236224,0.721913712,0.317626759,0.030118552,0.027539413
Horsham 010,E02006597,12395,0.187010891,0.672771279,0.35582946,0.031224786,0.030650155
Horsham 011,E02006598,5457,0.248304929,0.763239875,0.334774152,0.039970664,0.034224599
Horsham 012,E02006599,6890,0.391727141,0.801161103,0.416270297,0.032510885,0.027103133
Horsham 013,E02006600,9868,0.308573166,0.714430482,0.326973527,0.050983175,0.036214175
Horsham 014,E02006601,8955,0.275600223,0.703517588,0.346391199,0.046007817,0.039017341
Horsham 015,E02006602,8714,0.232155153,0.70656415,0.355125671,0.027194492,0.033670826
Horsham 016,E02006603,8468,0.320028342,0.741143127,0.389128319,0.035663675,0.02968508
Mid Sussex 001,E02006604,13278,0.192875433,0.590149119,0.336054297,0.038855422,0.036271615
Mid Sussex 002,E02006605,6366,0.207822809,0.692428527,0.318060837,0.032516494,0.039060116
Mid Sussex 003,E02006606,8350,0.210179641,0.648502994,0.352801308,0.024796358,0.030546624
Mid Sussex 004,E02006607,7959,0.250282699,0.669556477,0.372004274,0.031155779,0.03183426
Mid Sussex 005,E02006608,6332,0.262002527,0.681933039,0.319699016,0.032365014,0.033301002
Mid Sussex 006,E02006609,6890,0.231930334,0.679100145,0.424398017,0.031209174,0.025210084
Mid Sussex 007,E02006610,7869,0.194560935,0.696149447,0.413695172,0.040284661,0.030243423
Mid Sussex 008,E02006611,11481,0.241790785,0.699155126,0.471886437,0.031797195,0.031029888
Mid Sussex 009,E02006612,11826,0.186622696,0.649247421,0.457556936,0.03424368,0.036543822
Mid Sussex 010,E02006613,7752,0.164602683,0.615067079,0.356438843,0.040639917,0.031365769
Mid Sussex 011,E02006614,12852,0.170012449,0.679116091,0.451166469,0.029489574,0.030806403
Mid Sussex 012,E02006615,7061,0.150545249,0.644809517,0.327762139,0.036827195,0.02372449
Mid Sussex 013,E02006616,9841,0.185448633,0.676760492,0.337405542,0.035873984,0.033218126
Mid Sussex 014,E02006617,9133,0.196759006,0.651374138,0.310738969,0.047952704,0.038176034
Mid Sussex 015,E02006618,6458,0.257974605,0.725301951,0.356240713,0.033767038,0.028387097
Mid Sussex 016,E02006619,9077,0.187727223,0.646028423,0.419377552,0.034254874,0.03532361
Mid Sussex 017,E02006620,10040,0.256075697,0.715239044,0.450512789,0.037358039,0.033319094
Worthing 001,E02006621,7693,0.365267126,0.785259327,0.299911531,0.047575718,0.035408675
Worthing 002,E02006622,7892,0.257222504,0.696021287,0.288681839,0.055900621,0.036684783
Worthing 003,E02006623,8089,0.22104092,0.637779701,0.224235908,0.058961681,0.040529587
Worthing 004,E02006624,7330,0.204092769,0.714597544,0.370407482,0.028922237,0.037786056
Worthing 005,E02006625,8055,0.14761018,0.624581006,0.315903801,0.03527074,0.034428086
Worthing 006,E02006626,10190,0.12404318,0.562217861,0.258936696,0.053008737,0.0414
Worthing 007,E02006627,9604,0.212203249,0.663265306,0.295624604,0.047881753,0.037197768
Worthing 008,E02006628,8946,0.136150235,0.592108205,0.347394888,0.051666294,0.05015674
Worthing 009,E02006629,7811,0.18922033,0.620535143,0.30408805,0.061707848,0.054004215
Worthing 010,E02006630,8906,0.279025376,0.638333708,0.347341448,0.077924994,0.048493409
Worthing 011,E02006631,10190,0.183120707,0.593326791,0.370884078,0.053706431,0.065163352
Worthing 012,E02006632,8246,0.283046325,0.711375212,0.377853396,0.049496543,0.033443962
Worthing 013,E02006633,8406,0.352605282,0.741851059,0.31337105,0.054722817,0.031837916
Wiltshire 012,E02006634,8569,0.2608239,0.73485821,0.41973408,0.035710118,0.029404846
Wiltshire 019,E02006635,9130,0.250930997,0.663307777,0.374915893,0.041411043,0.032642487
Wiltshire 024,E02006636,7099,0.270319763,0.707846176,0.396132044,0.042013253,0.036436095
Wiltshire 025,E02006637,11026,0.203791039,0.673136223,0.287461094,0.041538182,0.033693694
Wiltshire 026,E02006638,6365,0.304163394,0.73212883,0.296801163,0.065179834,0.048053315
Wiltshire 028,E02006639,8417,0.268860639,0.72401093,0.329288247,0.048823949,0.032848546
Wiltshire 029,E02006640,7317,0.246139128,0.721060544,0.408284024,0.033073664,0.030590146
Wiltshire 034,E02006641,8244,0.233745754,0.695414847,0.358822659,0.041368434,0.024793388
Wiltshire 038,E02006642,5670,0.237037037,0.685714286,0.366631908,0.043746693,0.028915663
Wiltshire 001,E02006644,6815,0.262215701,0.749816581,0.372919951,0.035808629,0.033060358
Wiltshire 002,E02006645,7881,0.208983632,0.69039462,0.430137845,0.03731438,0.033687943
Wiltshire 003,E02006646,8238,0.190823015,0.672614712,0.345660147,0.039572712,0.024396021
Wiltshire 004,E02006647,6104,0.267693316,0.765072084,0.434231069,0.03046683,0.028108466
Wiltshire 005,E02006648,6282,0.240528494,0.693250557,0.438981733,0.032935561,0.027486911
Wiltshire 006,E02006649,7666,0.213931646,0.659013827,0.292733017,0.051004435,0.035354839
Wiltshire 007,E02006650,14000,0.189214286,0.683,0.299144575,0.030430745,0.021933931
Wiltshire 008,E02006651,7283,0.237264863,0.727310174,0.454216074,0.028151607,0.027560119
Wiltshire 009,E02006652,9710,0.163130793,0.670648816,0.378528226,0.033062107,0.033937524
Wiltshire 010,E02006653,9853,0.187861565,0.681213843,0.318659577,0.038356164,0.033108758
Wiltshire 011,E02006654,9584,0.222871452,0.676648581,0.323912235,0.059277813,0.049224969
Wiltshire 013,E02006655,8180,0.239119804,0.756601467,0.393697357,0.035578922,0.029418799
Wiltshire 014,E02006656,6707,0.147159684,0.700909498,0.343727599,0.036087086,0.034959562
Wiltshire 015,E02006657,11116,0.155631522,0.605253688,0.258766904,0.044264507,0.039385727
Wiltshire 016,E02006658,7952,0.23528672,0.688003018,0.308653123,0.042630785,0.041226994
Wiltshire 017,E02006659,8364,0.201817312,0.640124342,0.438541198,0.035150646,0.027836754
Wiltshire 018,E02006660,13529,0.236528938,0.719565378,0.381831343,0.042495011,0.033434191
Wiltshire 045,E02006661,9967,0.085983746,0.836159326,0.315310563,0.022083919,0.020897136
Wiltshire 046,E02006662,7301,0.176551157,0.577729078,0.265548567,0.038356164,0.026128266
Wiltshire 048,E02006663,12996,0.169052016,0.627654663,0.2760272,0.044933446,0.0248519
Wiltshire 049,E02006664,6393,0.263882371,0.717503519,0.374301676,0.037546934,0.033312183
Wiltshire 050,E02006665,6747,0.338817252,0.76078257,0.340787889,0.052296296,0.04031725
Wiltshire 051,E02006666,6867,0.187418087,0.655890491,0.387382402,0.047029703,0.031305375
Wiltshire 052,E02006667,7623,0.127246491,0.589138135,0.247134422,0.049330884,0.045989025
Wiltshire 053,E02006668,5891,0.264301477,0.714309964,0.366907921,0.04686704,0.035726795
Wiltshire 054,E02006669,10387,0.275921825,0.718397997,0.377161056,0.044185599,0.025530244
Wiltshire 055,E02006670,6904,0.195393975,0.659617613,0.369088417,0.043868539,0.030437045
Wiltshire 056,E02006671,6155,0.240617384,0.691957758,0.443481537,0.041747888,0.039877301
Wiltshire 057,E02006672,9499,0.196652279,0.672281293,0.405542233,0.037574992,0.026222685
Wiltshire 058,E02006673,5041,0.321761555,0.711168419,0.395823877,0.049632718,0.039055794
Wiltshire 059,E02006674,6050,0.206115702,0.636363636,0.399714635,0.038525132,0.042291951
Wiltshire 060,E02006675,8044,0.273495773,0.736449528,0.423099501,0.035803083,0.031097404
Wiltshire 061,E02006676,6166,0.309925397,0.721699643,0.407542113,0.043160798,0.029381619
Wiltshire 062,E02006677,7937,0.28726219,0.753307295,0.398982341,0.036636032,0.024581307
Wiltshire 020,E02006678,7815,0.20537428,0.634420985,0.22050229,0.050422319,0.035242291
Wiltshire 021,E02006679,12444,0.213918354,0.695756991,0.326229835,0.039855364,0.031380753
Wiltshire 022,E02006680,7602,0.257169166,0.680478821,0.22947995,0.068262528,0.035068789
Wiltshire 023,E02006681,5939,0.301734299,0.735645732,0.492633703,0.041582492,0.034216336
Wiltshire 027,E02006682,10404,0.286139946,0.714148404,0.490261611,0.04516191,0.038781163
Wiltshire 030,E02006683,8045,0.192169049,0.64300808,0.33770192,0.041521631,0.02745771
Wiltshire 031,E02006684,6865,0.184268026,0.576839039,0.267608089,0.057700714,0.046870692
Wiltshire 032,E02006685,10155,0.191334318,0.630231413,0.313862249,0.040185167,0.03312956
Wiltshire 033,E02006686,5429,0.213667342,0.621661448,0.25650723,0.062465451,0.040926641
Wiltshire 035,E02006687,8118,0.160014782,0.586104952,0.240024461,0.048422868,0.041846007
Wiltshire 036,E02006688,5550,0.19981982,0.63027027,0.254688832,0.05062151,0.033749578
Wiltshire 037,E02006689,7015,0.259301497,0.66129722,0.333623239,0.038351868,0.030695155
Wiltshire 039,E02006690,6997,0.277690439,0.724596256,0.342789598,0.046162641,0.031442845
Wiltshire 042,E02006692,5588,0.21313529,0.678418039,0.264054892,0.043486042,0.0378198
Wiltshire 043,E02006693,6476,0.223131563,0.652254478,0.253604436,0.04867872,0.033233533
Wiltshire 044,E02006694,6119,0.285340742,0.693577382,0.280758294,0.06146804,0.038175676
Wiltshire 047,E02006695,6440,0.30931677,0.746428571,0.388554766,0.04306592,0.023066927
Bromsgrove 001,E02006696,7312,0.231126915,0.670678337,0.473638571,0.028579242,0.023378141
Bromsgrove 002,E02006697,7417,0.266684643,0.734259134,0.384713376,0.047054065,0.028729282
Bromsgrove 003,E02006698,6420,0.236448598,0.653271028,0.273549359,0.052024922,0.039767216
Bromsgrove 004,E02006699,5917,0.271928342,0.668920061,0.308140745,0.043412162,0.047120419
Bromsgrove 005,E02006700,6355,0.290637293,0.695200629,0.339021189,0.038703587,0.027420447
Bromsgrove 006,E02006701,7355,0.220666213,0.705370496,0.514506121,0.028575316,0.024966079
Bromsgrove 007,E02006702,5959,0.211109247,0.617385467,0.293000206,0.058566874,0.046598639
Bromsgrove 008,E02006703,8031,0.226746358,0.688083676,0.413398443,0.041065207,0.032054518
Bromsgrove 009,E02006704,6929,0.261076634,0.707894357,0.395902644,0.039671091,0.032158318
Bromsgrove 010,E02006705,7375,0.193220339,0.619525424,0.313794846,0.049742478,0.046912915
Bromsgrove 011,E02006706,6948,0.264536557,0.657887162,0.289783387,0.061456534,0.048212005
Bromsgrove 012,E02006707,6819,0.200469277,0.700982549,0.42696422,0.024772794,0.021307647
Bromsgrove 013,E02006708,8023,0.151938178,0.565000623,0.295068971,0.054710867,0.050980392
Bromsgrove 014,E02006709,8310,0.208904934,0.681949458,0.373377087,0.050060168,0.035671246
Malvern Hills 001,E02006710,8419,0.29706616,0.704715524,0.348320922,0.045735329,0.031952965
Malvern Hills 002,E02006711,8527,0.270786912,0.741526915,0.395562997,0.04399343,0.028416111
Malvern Hills 003,E02006712,7668,0.282342201,0.746218049,0.405137728,0.045780618,0.029155313
Malvern Hills 004,E02006713,6302,0.291653443,0.711996192,0.361434646,0.063978409,0.044991213
Malvern Hills 005,E02006714,5851,0.308665185,0.762604683,0.392243103,0.044569672,0.026522226
Malvern Hills 006,E02006715,8694,0.211755233,0.681849551,0.416875174,0.042903152,0.041551882
Malvern Hills 007,E02006716,6455,0.195662277,0.602788536,0.270673738,0.07251317,0.064631957
Malvern Hills 008,E02006717,6928,0.273960739,0.724884527,0.367593712,0.045749747,0.032761788
Malvern Hills 009,E02006718,5991,0.326823569,0.7629778,0.400154649,0.05995324,0.050163132
Malvern Hills 010,E02006719,7406,0.334323521,0.728463408,0.494355961,0.040108035,0.040523293
Malvern Hills 011,E02006720,7250,0.302758621,0.753931034,0.383914295,0.054061509,0.036481318
Redditch 001,E02006721,6640,0.235391566,0.608283133,0.310040456,0.04051815,0.031057811
Redditch 002,E02006722,5451,0.13593836,0.448725005,0.181149098,0.069003487,0.068045113
Redditch 003,E02006723,9338,0.133219105,0.496573142,0.261001517,0.055055698,0.047041294
Redditch 004,E02006724,7020,0.116239316,0.374358974,0.216543254,0.061288483,0.066163668
Redditch 005,E02006725,5522,0.186345527,0.547265484,0.210620259,0.064784654,0.059039237
Redditch 006,E02006726,6371,0.171401664,0.512478418,0.250528744,0.051664573,0.043649591
Redditch 007,E02006727,5942,0.238471895,0.60568832,0.249340102,0.048981653,0.035797149
Redditch 008,E02006728,7751,0.2280996,0.65256096,0.314985186,0.03586634,0.024762381
Redditch 009,E02006729,7636,0.194211629,0.567836564,0.232331438,0.05540275,0.036730471
Redditch 010,E02006730,6782,0.122825125,0.427012681,0.182848213,0.053368716,0.056644213
Redditch 011,E02006731,5569,0.219608547,0.611599928,0.265790041,0.063386604,0.031138153
Redditch 012,E02006732,6967,0.221329123,0.654083537,0.301698987,0.044195724,0.031546622
Redditch 013,E02006733,6053,0.232446721,0.668759293,0.350356295,0.036186385,0.03504218
Worcester 001,E02006734,8220,0.249148418,0.695863747,0.411782076,0.038569169,0.030106992
Worcester 002,E02006735,5531,0.139034533,0.461037787,0.172562141,0.086241186,0.090306545
Worcester 003,E02006736,6502,0.128575823,0.622731467,0.369374416,0.026161896,0.030065359
Worcester 004,E02006737,8305,0.18819988,0.619145093,0.349637155,0.043970606,0.040881217
Worcester 005,E02006738,9216,0.129665799,0.483398438,0.214416187,0.068351958,0.064295486
Worcester 006,E02006739,5736,0.218444909,0.57374477,0.285742036,0.03889761,0.037868163
Worcester 007,E02006740,7340,0.159809264,0.548228883,0.421737814,0.051526718,0.060157791
Worcester 008,E02006741,6278,0.143039184,0.653074227,0.405210421,0.041235472,0.031871345
Worcester 009,E02006742,8983,0.165980185,0.547033285,0.262043697,0.056000891,0.053053053
Worcester 010,E02006743,6937,0.146605161,0.548652155,0.266863796,0.053625487,0.046819788
Worcester 011,E02006744,7460,0.143163539,0.510991957,0.378361076,0.050274836,0.055541137
Worcester 012,E02006745,8737,0.242875129,0.680210599,0.338667761,0.044752203,0.037098692
Worcester 013,E02006746,8993,0.198821305,0.63471589,0.424303323,0.037370704,0.035486613
Worcester 014,E02006747,5645,0.190079717,0.696545616,0.37716336,0.032406588,0.022544283
Wychavon 001,E02006748,8797,0.217119473,0.695464363,0.360587002,0.045139284,0.030570652
Wychavon 002,E02006749,5410,0.176709797,0.554343808,0.220815752,0.065655632,0.049656843
Wychavon 003,E02006750,5428,0.301031688,0.708179808,0.304901749,0.056374355,0.039316918
Wychavon 004,E02006751,5870,0.2560477,0.676660988,0.285714286,0.071562447,0.044888721
Wychavon 005,E02006752,8333,0.222128885,0.737549502,0.389230319,0.030721229,0.029850746
Wychavon 006,E02006753,7388,0.245668652,0.730373579,0.380764812,0.043872715,0.027477102
Wychavon 007,E02006754,5802,0.274215788,0.74267494,0.429240481,0.035492764,0.01597777
Wychavon 008,E02006755,5865,0.300255754,0.7771526,0.393423138,0.039051842,0.019003227
Wychavon 009,E02006756,6706,0.184163436,0.701312258,0.380392877,0.03310962,0.025728018
Wychavon 010,E02006757,7193,0.309050466,0.750590852,0.37015873,0.049055031,0.033943329
Wychavon 011,E02006758,6471,0.223767578,0.695255756,0.311286185,0.04683877,0.037778495
Wychavon 012,E02006759,8401,0.294131651,0.702059279,0.315587734,0.056183788,0.043768348
Wychavon 013,E02006760,9019,0.27508593,0.717485309,0.299657534,0.053997117,0.03119137
Wychavon 014,E02006761,6278,0.176489328,0.537910162,0.234292203,0.051130933,0.056887092
Wychavon 015,E02006762,7119,0.216603456,0.688158449,0.288640596,0.042287159,0.027480077
Wychavon 016,E02006763,8495,0.198587404,0.645085344,0.280615206,0.035205463,0.024713959
Wychavon 017,E02006764,5792,0.17765884,0.605835635,0.225068812,0.0435158,0.035493325
Wychavon 018,E02006765,6316,0.355288157,0.774382521,0.334299167,0.049730757,0.028731605
Wychavon 019,E02006766,7818,0.313123561,0.776157585,0.416815211,0.036975435,0.026652162
Wyre Forest 001,E02006767,9581,0.277737188,0.734265734,0.320493642,0.057092162,0.033449477
Wyre Forest 002,E02006768,7000,0.257,0.671428571,0.224658954,0.056420511,0.032826748
Wyre Forest 003,E02006769,7070,0.233946252,0.67397454,0.285979416,0.049653416,0.030888031
Wyre Forest 004,E02006770,8380,0.132935561,0.506443914,0.223572296,0.065409406,0.069982504
Wyre Forest 005,E02006771,6757,0.312564748,0.712150363,0.297077641,0.062157762,0.039035981
Wyre Forest 006,E02006772,6679,0.25991915,0.68737835,0.229136691,0.061695118,0.043449853
Wyre Forest 007,E02006773,8225,0.27331307,0.640121581,0.252478134,0.071011673,0.057401813
Wyre Forest 008,E02006774,7558,0.1866896,0.604525007,0.248583913,0.058434691,0.049248315
Wyre Forest 009,E02006775,6097,0.166475316,0.570772511,0.197037037,0.080846179,0.067669173
Wyre Forest 010,E02006776,6395,0.252228303,0.663330727,0.286964618,0.0462934,0.045701502
Wyre Forest 011,E02006777,7205,0.343927828,0.7462873,0.324558638,0.055517002,0.0409375
Wyre Forest 012,E02006778,7176,0.267279822,0.712653289,0.240609137,0.06338813,0.033140772
Wyre Forest 013,E02006779,7576,0.268479409,0.70749736,0.263903867,0.061386139,0.038881119
Wyre Forest 014,E02006780,5902,0.316672314,0.669603524,0.217174736,0.073691343,0.052974735
Isles of Scilly 001,E02006781,2055,0.282238443,#N/A,0.378612717,0.040408958,0.012544803
Bromley 040,E02006782,8126,0.178316515,0.540979572,0.400369004,0.043809993,0.050403226
Lewisham 037,E02006783,7775,0.089646302,0.376205788,0.320169492,0.050051467,0.087581345
Lewisham 038,E02006784,7964,0.139879458,0.424033149,0.316320101,0.062374498,0.081158664
Bexley 029,E02006785,6623,0.175600181,0.538879662,0.293365456,0.046964663,0.06030303
Greenwich 033,E02006786,7560,0.111243386,0.419708995,0.357325601,0.046043927,0.076457646
Bromley 041,E02006787,7895,0.153134896,0.618366054,0.458624614,0.032556372,0.040356524
Croydon 045,E02006788,7613,0.10508341,0.403783003,0.386160338,0.053468208,0.070002593
Bromley 042,E02006789,6780,0.278318584,0.646165192,0.277327221,0.043811772,0.035426731
Tandridge 012,E02006790,7723,0.247054254,0.643273339,0.304195804,0.040559803,0.039715147
Ealing 040,E02006791,7566,0.110229976,0.583002908,0.649122807,0.032117367,0.053118801
Hounslow 029,E02006792,8995,0.142078933,0.587326292,0.624934726,0.034,0.055062167
Enfield 037,E02006793,9645,0.092379471,0.314463453,0.28253448,0.067081389,0.115246407
Haringey 037,E02006794,8286,0.082307507,0.310644461,0.308366534,0.0549119,0.105566219
Harrow 032,E02006795,8268,0.14175133,0.535437833,0.432289302,0.029265933,0.056991065
Hillingdon 033,E02006796,9695,0.132439402,0.548220732,0.388989637,0.036723747,0.051937984
Lewisham 039,E02006798,8889,0.067949151,0.507481156,0.506539032,0.044559469,0.082470039
Barking and Dagenham 023,E02006799,12041,0.084378374,0.356614899,0.308577287,0.056805913,0.07563664
Redbridge 034,E02006800,14685,0.096969697,0.364181137,0.377417066,0.039030039,0.077593985
Lambeth 036,E02006801,8565,0.09959136,0.638528897,0.547038328,0.042955527,0.067209302
Southwark 034,E02006802,9276,0.064036223,0.553147909,0.546863377,0.042147246,0.065412748
Sheffield 072,E02006803,9271,0.203969367,0.685255097,0.311254851,0.040565325,0.025752856
North East Derbyshire 014,E02006804,8312,0.190928778,0.621631376,0.217095534,0.07257191,0.038548185
Coventry 043,E02006805,9085,0.120528343,0.439295542,0.236403191,0.062878538,0.064421669
Nuneaton and Bedworth 018,E02006806,8559,0.193597383,0.575067181,0.232665417,0.067297581,0.050012022
Birmingham 132,E02006807,8214,0.170440711,0.509861213,0.361080913,0.041524598,0.040522527
Solihull 030,E02006808,6730,0.167607727,0.615304606,0.360404192,0.037125037,0.034170561
Birmingham 133,E02006809,10154,0.160724838,0.45834154,0.373304264,0.049345021,0.059267016
Sandwell 039,E02006810,10691,0.197455804,0.508839211,0.243507973,0.054458688,0.071677248
Middlesbrough 020,E02006811,11409,0.233762819,0.672889824,0.395201205,0.036637742,0.033039234
Redcar and Cleveland 021,E02006812,7600,0.240789474,0.621710526,0.239147846,0.076295712,0.060427642
Kingston upon Hull 033,E02006813,8224,0.222033074,0.567728599,0.183050343,0.080413625,0.071488178
East Riding of Yorkshire 043,E02006814,8036,0.225609756,0.634021901,0.257750487,0.045924082,0.039712087
Leicester 037,E02006815,11792,0.14348711,0.44479308,0.241565297,0.064603646,0.060666534
Harborough 011,E02006816,8848,0.223440325,0.628503617,0.396985619,0.037978976,0.026897652
Leicester 038,E02006817,9229,0.11940622,0.472640589,0.347365599,0.042036836,0.061367167
Oadby and Wigston 008,E02006818,8402,0.223994287,0.611521066,0.296323315,0.045930509,0.04079602
Leicester 039,E02006819,8818,0.107507371,0.38273985,0.198620473,0.067014401,0.075644699
Blaby 013,E02006820,10818,0.240987243,0.648363838,0.325042017,0.04676525,0.036287242
Portsmouth 026,E02006821,6658,0.199609492,0.651096425,0.338009727,0.037404236,0.028985507
Havant 018,E02006822,9308,0.228942845,0.67780404,0.273743735,0.051890847,0.035018604
Buckinghamshire 039,E02006823,8935,0.260660325,0.705875769,0.46713615,0.026636821,0.029978065
Buckinghamshire 036,E02006824,9532,0.235102812,0.680654637,0.376214536,0.030941892,0.028305964
East Cambridgeshire 011,E02006825,6202,0.245565946,0.701386649,0.358835999,0.034193548,0.019663812
West Suffolk 015,E02006826,9753,0.186609248,0.583205168,0.284145002,0.035886394,0.034917733
Amber Valley 017,E02006827,8003,0.187429714,0.559790079,0.192754296,0.082063452,0.051372656
Erewash 016,E02006828,7106,0.173374613,0.629327329,0.232,0.047431386,0.033764178
East Hampshire 016,E02006829,7396,0.280286641,0.736749594,0.384455461,0.0394808,0.026696961
Havant 019,E02006830,6668,0.178464307,0.594031194,0.211246201,0.056371814,0.052229299
Havant 020,E02006831,6188,0.291370394,0.721234648,0.273073264,0.038635629,0.032258065
Sevenoaks 016,E02006832,6071,0.22088618,0.609454785,0.291907514,0.033283902,0.030986864
Tonbridge and Malling 014,E02006833,12407,0.211090513,0.660353027,0.341504733,0.03821348,0.026817447
Nottingham 038,E02006834,7631,0.183593238,0.440440309,0.17807992,0.102463312,0.08099022
Gedling 016,E02006835,6093,0.199901526,0.585754144,0.280957129,0.052355162,0.043
Sutton 025,E02006836,8720,0.220298165,0.662270642,0.515535918,0.031877078,0.037198068
Epsom and Ewell 010,E02006837,11788,0.21241941,0.673820835,0.497328444,0.026050064,0.035005225
East Hampshire 017,E02006838,6942,0.300777874,0.7448862,0.436857191,0.037735849,0.035436742
Waverley 018,E02006839,8519,0.25413781,0.723441719,0.491465651,0.034859155,0.026132404
Torbay 019,E02006840,11287,0.234428989,0.611765748,0.302542925,0.050239234,0.042060583
Gateshead 027,E02006841,7691,0.108958523,0.485502535,0.388832042,0.072311094,0.066475495
Gateshead 028,E02006842,5126,0.168747561,0.515801795,0.316559246,0.069644947,0.071238938
Sheffield 073,E02006843,10602,0.012356159,0.4814186,0.578341694,0.016036223,0.055813953
Sheffield 074,E02006844,7847,0.032241621,0.411749713,0.41301059,0.039495477,0.0934238
North Somerset 026,E02006845,9636,0.158468244,0.614777916,0.277547749,0.050020756,0.027107833
North Somerset 027,E02006846,9707,0.067271042,0.508189966,0.291337491,0.03924194,0.028326023
Swindon 026,E02006847,9910,0.073360242,0.585368315,0.334643002,0.020595659,0.027609548
Swindon 027,E02006848,8565,0.051371862,0.487915937,0.343349676,0.020422453,0.037200885
Swindon 028,E02006849,10335,0.106434446,0.598548621,0.332297751,0.024966131,0.030080328
Leicester 040,E02006850,10111,0.03847295,0.322717832,0.308037623,0.037370242,0.104992076
Leicester 041,E02006851,10054,0.020389895,0.273721902,0.35764902,0.029344474,0.08487316
Leeds 109,E02006852,11847,0.144846797,0.634675445,0.604476876,0.025658339,0.034881799
Tower Hamlets 032,E02006853,11015,0.035769405,0.46500227,0.609544707,0.035856935,0.063065876
Tower Hamlets 033,E02006854,7075,0.03335689,0.635618375,0.677512887,0.019508058,0.048503386
Canterbury 019,E02006855,6417,0.104565997,0.488234377,0.395971879,0.0514259,0.05511022
Canterbury 020,E02006856,11141,0.143164886,0.502019567,0.44369904,0.044067492,0.057540107
Eastbourne 013,E02006857,8995,0.256031128,0.623012785,0.247960848,0.057038025,0.052499372
Eastbourne 014,E02006858,6831,0.296881862,0.657444005,0.295065287,0.053278689,0.058319605
Thurrock 019,E02006859,7691,0.04511767,0.400078013,0.430415068,0.015342608,0.044796692
Leeds 110,E02006861,13634,0.047088162,0.474842306,0.332742681,0.025236593,0.058549374
North Northamptonshire 009,E02006862,6649,0.184839826,0.550759513,0.244357396,0.059071096,0.035778713
North Northamptonshire 008,E02006863,12014,0.066422507,0.435491926,0.309882936,0.030698835,0.024962853
Boston 008,E02006864,8847,0.237933763,0.628009495,0.245225993,0.050751667,0.034346716
Boston 009,E02006865,8352,0.238505747,0.596623563,0.204182399,0.045966004,0.029836381
North Kesteven 013,E02006866,8699,0.186573169,0.633980917,0.307386364,0.04137931,0.031831428
North Kesteven 014,E02006867,8147,0.262673377,0.686387627,0.267251462,0.045532646,0.027376033
Sheffield 075,E02006868,12075,0.123643892,0.459296066,0.302169945,0.073126294,0.073301549
Sheffield 076,E02006869,11129,0.184562854,0.598526373,0.182328345,0.070895858,0.048267102
Lancaster 020,E02006871,12197,0.229072723,0.624907764,0.266272189,0.059629265,0.032546495
High Peak 013,E02006872,12894,0.25135722,0.705444393,0.338352115,0.0497906,0.025681674
South Cambridgeshire 020,E02006873,9889,0.049246638,0.52098291,0.523713711,0.024271845,0.030727866
South Cambridgeshire 021,E02006874,10231,0.144071938,0.667383442,0.493485342,0.030883503,0.024054352
Leeds 111,E02006875,9531,0.008498584,0.482950372,0.497711061,0.01332494,0.043987507
Leeds 112,E02006876,7888,0.100659229,0.511663286,0.454477944,0.051477114,0.041257806
Peterborough 022,E02006877,10904,0.127017608,0.524761555,0.335028984,0.038528575,0.040325372
Peterborough 023,E02006878,12977,0.05378747,0.480234261,0.363422962,0.030970724,0.040511421
Folkestone and Hythe 014,E02006879,6540,0.156269113,0.463608563,0.28684891,0.085740486,0.105365223
Folkestone and Hythe 015,E02006880,6649,0.238832907,0.601143029,0.359739369,0.073255114,0.068975725
Burnley 014,E02006881,10745,0.189297348,0.513168916,0.263427706,0.066908617,0.054760423
Harrow 033,E02006882,14395,0.180062522,0.578395276,0.406462442,0.036820898,0.050983652
"Bournemouth, Christchurch and Poole 040",E02006883,5720,0.246678322,0.640384615,0.407156673,0.067109402,0.05880473
Rossendale 010,E02006884,12377,0.195523956,0.522339824,0.26289171,0.074828283,0.051673314
"Bournemouth, Christchurch and Poole 045",E02006885,7458,0.2461786,0.633011531,0.449691086,0.044113703,0.064003969
Vale of White Horse 016,E02006886,13852,0.196289344,0.717441525,0.455301455,0.029307731,0.023364486
Bristol 054,E02006887,10111,0.038176244,0.446246662,0.528181818,0.040561931,0.059101208
Bristol 055,E02006888,7279,0.06827861,0.403077346,0.38153682,0.057028995,0.074148875
Bristol 056,E02006889,8228,0.072192513,0.330578512,0.290076336,0.065006075,0.094102886
Bristol 057,E02006890,9166,0.073859917,0.481344098,0.476151981,0.048205911,0.063007727
East Riding of Yorkshire 044,E02006891,8111,0.265688571,0.745407471,0.301584993,0.046491553,0.030418251
East Riding of Yorkshire 045,E02006892,6205,0.274294923,0.673972603,0.242661075,0.065259426,0.04112478
Newcastle upon Tyne 031,E02006893,10853,0.291992997,0.702017875,0.271375868,0.067815351,0.037577002
Wolverhampton 035,E02006894,14362,0.122267094,0.385113494,0.240408501,0.056882267,0.105624372
Birmingham 134,E02006895,9358,0.05086557,0.369843984,0.496832579,0.036748211,0.107780157
Birmingham 135,E02006896,6124,0.049967342,0.391900718,0.529924032,0.046211626,0.096221023
Birmingham 136,E02006897,8456,0.044347209,0.311376537,0.444569499,0.047782377,0.1256
Birmingham 137,E02006898,7907,0.049196914,0.39167826,0.582744193,0.03655914,0.068894812
Birmingham 138,E02006899,6146,0.024568825,0.457533355,0.671973977,0.026851098,0.071571072
Birmingham 139,E02006900,15718,0.07246469,0.216121644,0.194231636,0.059541985,0.13945924
Manchester 054,E02006902,7883,0.033362933,0.51604719,0.61182414,0.034010152,0.070756566
Bassetlaw 016,E02006903,11093,0.253763635,0.658883981,0.219093851,0.074718342,0.028915195
Nottingham 039,E02006904,9215,0.039609333,0.425718937,0.495153568,0.026589972,0.054160512
Nottingham 040,E02006905,7907,0.102187935,0.403060579,0.322752202,0.065005691,0.080640466
Broxtowe 016,E02006906,12249,0.234304841,0.652379786,0.312640532,0.044812668,0.029216467
Norwich 014,E02006907,7119,0.139485883,0.604017418,0.485674889,0.057227222,0.062318841
Norwich 015,E02006908,5562,0.152822726,0.594390507,0.393876276,0.058421715,0.059512504
Hartlepool 014,E02006909,12687,0.25987231,0.731063293,0.351468686,0.045239596,0.032983262
Redcar and Cleveland 022,E02006910,10612,0.196192989,0.555126272,0.214051522,0.074988224,0.070895522
Manchester 055,E02006912,10131,0.041358207,0.691639522,0.643050406,0.020041465,0.041380495
Manchester 056,E02006913,7798,0.05604001,0.399589638,0.4519675,0.052806973,0.067194686
Manchester 057,E02006914,7856,0.012347251,0.385310591,0.415081881,0.021249523,0.06012951
Manchester 058,E02006915,9361,0.058968059,0.32528576,0.31372549,0.065157018,0.105002909
Manchester 059,E02006916,6985,0.040658554,0.468002863,0.596059113,0.039954174,0.066037736
Manchester 060,E02006917,6429,0.022398507,0.591693887,0.705300128,0.010423149,0.035013381
Hackney 028,E02006918,8398,0.060847821,0.341033579,0.459911616,0.046320553,0.091326407
South Derbyshire 012,E02006919,10443,0.12821986,0.599827636,0.263074678,0.047318008,0.033666491
South Derbyshire 013,E02006920,8076,0.133358098,0.623080733,0.241109196,0.052996533,0.034603694
Hackney 029,E02006921,7925,0.077476341,0.260820189,0.326666667,0.050340651,0.077017115
Colchester 022,E02006922,14115,0.229755579,0.622174991,0.271694568,0.051020408,0.047748977
Redbridge 035,E02006924,13600,0.138014706,0.423088235,0.444057865,0.040147059,0.064027756
Redbridge 036,E02006925,14420,0.150485437,0.48592233,0.44058688,0.036274102,0.059400146
Thurrock 020,E02006926,8005,0.079575265,0.453341661,0.363783347,0.023351648,0.039097408
Greenwich 034,E02006927,12368,0.129123545,0.525873221,0.527850656,0.043822768,0.058175138
Greenwich 035,E02006928,12094,0.041673557,0.484785844,0.607278389,0.027453899,0.054011461
Greenwich 037,E02006930,9844,0.072531491,0.566639577,0.650406504,0.032602072,0.053772336
Greenwich 038,E02006931,9459,0.108362406,0.560312929,0.617811705,0.038050946,0.04981203
Liverpool 060,E02006932,14131,0.013657915,0.363951596,0.317912818,0.017263337,0.069285493
Liverpool 061,E02006933,7234,0.083494609,0.561515068,0.565262533,0.052944429,0.050692326
Liverpool 062,E02006934,6673,0.036565263,0.466057246,0.539046732,0.040767386,0.04975923
St. Helens 024,E02006935,7475,0.185150502,#N/A,0.20525533,0.09819398,0.060355781
St. Helens 025,E02006936,7793,0.14731169,#N/A,0.311917607,0.063365829,0.033437014
Luton 022,E02006937,9370,0.06638207,#N/A,0.344971129,0.039056664,0.079024187
Luton 023,E02006938,6385,0.06577917,#N/A,0.335591944,0.051229829,0.136281913
Reading 019,E02006939,7076,0.055539853,#N/A,0.545127534,0.026007067,0.059083868
Reading 020,E02006940,8238,0.048191309,#N/A,0.547469678,0.027791262,0.058312129
Southwark 035,E02006941,5314,0.055890102,#N/A,0.816460741,0.012048193,0.037037037
Southwark 036,E02006942,6749,0.056304638,#N/A,0.659156853,0.033946042,0.049131627
Sandwell 040,E02006943,7596,0.077935756,#N/A,0.258240758,0.057135334,0.1209763
Sandwell 041,E02006944,8073,0.053016227,#N/A,0.260007022,0.045201238,0.124560843
Bradford 062,E02006945,8695,0.238067855,#N/A,0.35944574,0.042558086,0.027075812
Bradford 063,E02006946,5225,0.237511962,#N/A,0.317595578,0.052671902,0.022428461
Bradford 064,E02006947,9856,0.059456169,#N/A,0.23213304,0.078156719,0.143102954
Bradford 065,E02006948,6446,0.04809184,#N/A,0.330188679,0.061113696,0.118849357
Bristol 058,E02006949,6686,0.078671852,#N/A,0.555985235,0.04456408,0.056574924
Bristol 059,E02006950,7549,0.037223473,#N/A,0.523228893,0.040408055,0.062111801
Bristol 060,E02006951,8535,0.035735208,#N/A,0.468189634,0.020262357,0.039709945
Bristol 061,E02006952,8023,0.055091612,#N/A,0.420990566,0.023687819,0.043069948
Barnet 042,E02006953,9170,0.037513631,#N/A,0.541001065,0.037723506,0.075933864
Barnet 043,E02006954,10114,0.078999407,#N/A,0.473357347,0.032927915,0.061134534
Brent 035,E02006955,7507,0.035033968,#N/A,0.531128101,0.023305367,0.066596749
Brent 036,E02006956,8829,0.1114509,#N/A,0.35780065,0.03204983,0.072564612
Salford 031,E02006957,8283,0.069298563,#N/A,0.196167523,0.057132504,0.115493959
Salford 032,E02006958,8071,0.083632759,#N/A,0.304957599,0.068384539,0.107477964
Salford 033,E02006959,8023,0.026673314,#N/A,0.618457482,0.030408774,0.061268363
Salford 034,E02006960,9326,0.034634356,#N/A,0.43702381,0.041492441,0.070790677
Salford 035,E02006961,6667,0.078446078,#N/A,0.441287538,0.061356136,0.072943172
Salford 036,E02006962,5123,0.058169042,#N/A,0.565834768,0.041186805,0.051693405
Salford 037,E02006963,6012,0.032102462,#N/A,0.714712079,0.015817516,0.055444666
Leicester 042,E02006964,6787,0.065271843,#N/A,0.37209776,0.034940292,0.057594748
Leicester 043,E02006965,8472,0.128895184,#N/A,0.321805662,0.052880076,0.0528623
Oadby and Wigston 010,E02006966,7442,0.170249933,#N/A,0.378628589,0.033861865,0.033411293
Oadby and Wigston 011,E02006967,7762,0.173537748,#N/A,0.438587929,0.03348358,0.047989276
Ealing 041,E02006968,8353,0.144020113,#N/A,0.648255814,0.032930188,0.060829493
Ealing 042,E02006969,6424,0.10507472,#N/A,0.650492521,0.030666252,0.055613851
Ealing 043,E02006970,7342,0.077499319,#N/A,0.252826855,0.037717865,0.105150215
Ealing 044,E02006971,8298,0.10845987,#N/A,0.244266585,0.045805207,0.101666196
Hounslow 030,E02006972,5414,0.089028445,#N/A,0.506411751,0.043791574,0.077116212
Hounslow 031,E02006973,8496,0.109698682,#N/A,0.469405723,0.054626795,0.078017337
Stoke-on-Trent 035,E02006974,10979,0.187630932,#N/A,0.163497243,0.088457684,0.044466801
Portsmouth 027,E02006975,10275,0.05703163,#N/A,0.20866395,0.043414777,0.089812332
Portsmouth 028,E02006976,5312,0.133471386,#N/A,0.193374233,0.093561747,0.102536998
Chelmsford 022,E02006978,7257,0.110789582,#N/A,0.428481013,0.032106931,0.049485054
Chelmsford 023,E02006979,6425,0.102879377,#N/A,0.477731322,0.032830247,0.044488384
Rochford 011,E02006980,7506,0.24407141,#N/A,0.248239437,0.036489546,0.029582527
Rochford 012,E02006981,7920,0.231439394,#N/A,0.241101308,0.0406617,0.035686172
South Staffordshire 015,E02006982,12173,0.245132671,#N/A,0.322362621,0.042792608,0.043305127
Manchester 061,E02006983,7040,0.070880682,#N/A,0.455246914,0.065767045,0.054367431
Manchester 062,E02006984,5655,0.047745358,#N/A,0.625416096,0.040679165,0.045571576
Manchester 063,E02006985,9274,0.058658615,#N/A,0.24,0.051293103,0.099832496
Manchester 064,E02006986,6356,0.066393958,#N/A,0.3297593,0.054908748,0.076035032
Croydon 046,E02006987,7372,0.049240369,#N/A,0.607396871,0.02468466,0.064720294
Croydon 047,E02006988,7160,0.105167598,#N/A,0.467005076,0.045524368,0.067213956
Plymouth 033,E02006989,5346,0.130190797,#N/A,0.313583498,0.08094971,0.065181518
Plymouth 034,E02006990,6743,0.189529883,#N/A,0.327846826,0.088645123,0.070900123
Greenwich 039,E02006991,6318,0.047958215,#N/A,0.694626707,0.024841772,0.053817545
Greenwich 040,E02006992,8226,0.062484804,#N/A,0.633554084,0.03779317,0.050969418
Greenwich 041,E02006993,8397,0.034178873,#N/A,0.638540146,0.030003572,0.049930926
Greenwich 042,E02006994,7644,0.065018315,#N/A,0.449876135,0.042664573,0.079811039
Newham 038,E02006995,8637,0.011462313,#N/A,0.709699547,0.017478875,0.045204978
Newham 039,E02006996,8429,0.046387472,#N/A,0.565985259,0.029907429,0.062118341
Newham 040,E02006997,6888,0.029036005,#N/A,0.607493755,0.026567944,0.066856642
Newham 041,E02006998,7084,0.055900621,#N/A,0.444322746,0.037663986,0.095692475
Newham 042,E02006999,11244,0.020277481,#N/A,0.660891883,0.019121309,0.051306095
Oldham 036,E02007000,7691,0.07788324,#N/A,0.207870458,0.055757733,0.116493195
Oldham 037,E02007001,8486,0.087909498,#N/A,0.248131297,0.055149658,0.082891247
Rotherham 034,E02007002,11523,0.238305997,#N/A,0.304104478,0.059777893,0.031563583
Pendle 014,E02007003,10767,0.197083682,#N/A,0.240496059,0.066592366,0.047373841
Thurrock 021,E02007004,6690,0.054857997,#N/A,0.348466505,0.031539611,0.059747546
Thurrock 022,E02007005,8419,0.058676802,#N/A,0.337567482,0.02851711,0.04825038
Dorset 031,E02007006,5756,0.335302293,#N/A,0.376854599,0.070882557,0.049719326
Dorset 032,E02007007,6782,0.255529342,#N/A,0.370271235,0.05086245,0.034257749
Lewisham 040,E02007008,5761,0.02673147,#N/A,0.632048682,0.023768217,0.066883293
Lewisham 041,E02007009,9141,0.086970791,#N/A,0.489367323,0.058739882,0.087165134
Bedford 021,E02007010,8534,0.157370518,#N/A,0.335914235,0.035977968,0.033259424
Bedford 022,E02007011,7598,0.110687023,#N/A,0.372017937,0.030801632,0.031043257
Milton Keynes 033,E02007012,8277,0.064032862,#N/A,0.484577785,0.021618357,0.043234401
Milton Keynes 034,E02007013,10114,0.021949773,#N/A,0.495247553,0.013945208,0.032507184
Milton Keynes 035,E02007014,7123,0.099677102,#N/A,0.391806533,0.040286356,0.043970172
Milton Keynes 036,E02007015,9660,0.07826087,#N/A,0.477587161,0.020086975,0.036531365
Milton Keynes 037,E02007016,9212,0.099978289,#N/A,0.451134256,0.030069475,0.037291042
Redbridge 037,E02007017,8817,0.112623341,#N/A,0.392393601,0.036978221,0.064892269
Redbridge 038,E02007018,7271,0.079081282,#N/A,0.386676591,0.039477304,0.066666667
Redbridge 039,E02007019,7165,0.060153524,#N/A,0.456969926,0.043842502,0.08403634
Redbridge 040,E02007020,9836,0.095363969,#N/A,0.328465179,0.041065257,0.07224429
Oxford 020,E02007021,8438,0.101564352,#N/A,0.364772727,0.032586799,0.045500506
County Durham 067,E02007022,12145,0.287937423,#N/A,0.32806362,0.050144092,0.037474236
Wiltshire 063,E02007023,7841,0.165922714,#N/A,0.231415643,0.052544318,0.037484277
Wiltshire 064,E02007024,6953,0.197468719,#N/A,0.262703076,0.054349389,0.02595968
Wiltshire 065,E02007025,8617,0.115121272,#N/A,0.237869279,0.034466752,0.034991197
Wiltshire 066,E02007026,8872,0.037195672,#N/A,0.258885612,0.020074433,0.029271207
East Devon 021,E02007027,10871,0.174592954,#N/A,0.37173315,0.040934597,0.025382476
East Devon 022,E02007028,6108,0.0340537,#N/A,0.36991109,0.025376555,0.0213919
Derbyshire Dales 011,E02007029,11058,0.311810454,#N/A,0.367639368,0.049032025,0.026824458
Cheshire East 052,E02007030,7406,0.162435863,#N/A,0.391467188,0.032676208,0.026874496
Cheshire East 053,E02007031,8637,0.165335186,#N/A,0.456568868,0.027330631,0.022104332
North Norfolk 015,E02007032,6816,0.305751174,#N/A,0.20438839,0.058098592,0.048050139
North Norfolk 016,E02007033,6194,0.28027123,#N/A,0.214013709,0.068001938,0.0433213
Tewkesbury 010,E02007034,8214,0.131726321,#N/A,0.429300175,0.030059632,0.028223075
Tewkesbury 011,E02007035,7819,0.280726436,#N/A,0.344827586,0.041560102,0.03631827
Birmingham 141,E02007038,13693,0.132184328,#N/A,0.235082604,0.063467718,0.090748899
Birmingham 142,E02007039,8306,0.09222249,#N/A,0.218849041,0.059000602,0.12425816
Birmingham 143,E02007040,7599,0.058297144,#N/A,0.211205237,0.049611791,0.106473595
Craven 009,E02007041,10158,0.322996653,#N/A,0.453073326,0.035928733,0.020713218
Hambleton 012,E02007042,7038,0.264421711,#N/A,0.297260038,0.049282772,0.027898326
Hambleton 013,E02007043,6300,0.21,#N/A,0.263443991,0.061894937,0.044429925
Ryedale 009,E02007044,7798,0.171454219,#N/A,0.255233494,0.054244678,0.035223582
Ryedale 010,E02007045,6708,0.274895647,#N/A,0.293396392,0.042045624,0.02769416
Ashford 015,E02007046,7031,0.223439056,#N/A,0.267730496,0.069711196,0.045654912
Ashford 016,E02007047,8843,0.104715594,#N/A,0.337918923,0.02882333,0.040008207
Rugby 013,E02007048,7523,0.235810182,#N/A,0.361882353,0.044385382,0.022451613
Rugby 014,E02007049,8034,0.086631815,#N/A,0.469013386,0.023655378,0.025718608
Telford and Wrekin 024,E02007050,8358,0.087341469,#N/A,0.295411392,0.043785142,0.039608367
Telford and Wrekin 025,E02007051,8559,0.101881061,#N/A,0.34588455,0.041257597,0.030250648
Norwich 016,E02007052,6464,0.165686881,#N/A,0.332205804,0.08863109,0.08182386
Norwich 017,E02007053,6081,0.132215096,#N/A,0.383743241,0.061174149,0.075686275
South Norfolk 016,E02007054,8745,0.116638079,#N/A,0.372896635,0.034313165,0.026460627
South Norfolk 017,E02007055,7537,0.254212551,#N/A,0.232047664,0.055209025,0.027235213
Colchester 023,E02007056,8665,0.085170225,#N/A,0.436816992,0.024806738,0.036546944
Colchester 024,E02007057,7522,0.085881415,#N/A,0.460980954,0.031229236,0.035063114
Darlington 016,E02007058,11485,0.146016543,#N/A,0.269035006,0.067566391,0.082832102
Hartlepool 015,E02007059,10532,0.19853779,#N/A,0.305618487,0.0668566,0.069467554
Stockton-on-Tees 025,E02007060,6100,0.123114754,#N/A,0.223531844,0.115863651,0.142679386
Stockton-on-Tees 026,E02007061,8369,0.073485482,#N/A,0.28065351,0.057951966,0.093907954
Stockton-on-Tees 027,E02007062,7668,0.073552426,#N/A,0.417366446,0.024380704,0.022460938
Stockton-on-Tees 028,E02007063,9132,0.081471748,#N/A,0.428406965,0.016752436,0.026515152
South Gloucestershire 033,E02007064,7921,0.188486302,#N/A,0.253416149,0.050012629,0.03518335
South Gloucestershire 034,E02007065,7859,0.080671841,#N/A,0.391885123,0.037781453,0.031014823
South Gloucestershire 035,E02007066,9163,0.049765361,#N/A,0.350956697,0.028705523,0.033091711
South Gloucestershire 036,E02007067,6934,0.158205942,#N/A,0.467649173,0.036625811,0.024065685
Slough 015,E02007068,7018,0.071957823,#N/A,0.404107008,0.033057851,0.070993915
Slough 016,E02007069,8077,0.100779993,#N/A,0.32449903,0.037495359,0.074768824
North Northamptonshire 020,E02007070,6408,0.18289638,#N/A,0.345280063,0.039331981,0.023583461
North Northamptonshire 023,E02007071,10440,0.158524904,#N/A,0.255530973,0.04252059,0.027540007
West Northamptonshire 035,E02007072,7656,0.088949843,#N/A,0.384379509,0.032127465,0.030868808
West Northamptonshire 039,E02007073,7692,0.14625585,#N/A,0.379481249,0.02560104,0.025964572
Southampton 033,E02007074,8745,0.047684391,#N/A,0.324702014,0.04198124,0.073687351
Southampton 034,E02007075,5301,0.078853047,#N/A,0.58556701,0.022071307,0.042605827
Test Valley 016,E02007076,7670,0.071186441,#N/A,0.374629726,0.029983053,0.030233623
Test Valley 017,E02007077,7477,0.07610004,#N/A,0.323341254,0.031835206,0.024709302
Test Valley 018,E02007078,5078,0.230602599,#N/A,0.240406842,0.058510638,0.03355187
Kingston upon Hull 034,E02007079,8365,0.103287507,#N/A,0.204189319,0.060095579,0.071607411
Kingston upon Hull 035,E02007080,8553,0.041272068,#N/A,0.354869061,0.015548282,0.020084162
North East Lincolnshire 024,E02007081,10142,0.234569119,#N/A,0.244070209,0.053041506,0.045787163
Nottingham 041,E02007082,16920,0.123404255,#N/A,0.321743288,0.039595769,0.040707965
Wandsworth 038,E02007083,7716,0.033566615,#N/A,0.730643726,0.021271077,0.053146853
Wandsworth 039,E02007084,9892,0.080873433,#N/A,0.510556159,0.046107179,0.079549454
South Cambridgeshire 022,E02007085,11884,0.234264557,#N/A,0.51113381,0.030542701,0.031596926
Cambridge 015,E02007086,11133,0.073115962,#N/A,0.658412236,0.024431869,0.035190127
Cambridge 014,E02007087,6228,0.122992935,#N/A,0.609796067,0.030517186,0.032120743
North Hertfordshire 016,E02007088,7683,0.244565925,#N/A,0.447883765,0.033836543,0.028381963
North Hertfordshire 017,E02007089,7401,0.110390488,#N/A,0.391781299,0.030118855,0.029976019
St Albans 021,E02007090,6268,0.157147415,#N/A,0.429237632,0.038301947,0.04091653
Stevenage 013,E02007091,6437,0.170887059,#N/A,0.329829172,0.034498834,0.030132357
Welwyn Hatfield 017,E02007092,5488,0.200437318,#N/A,0.30087146,0.047384728,0.048808609
East Hertfordshire 019,E02007093,8119,0.23155561,#N/A,0.374627755,0.033653846,0.027963375
Gateshead 029,E02007094,6892,0.231427742,#N/A,0.259439708,0.081410535,0.061684073
Newcastle upon Tyne 032,E02007095,9932,0.118807894,#N/A,0.464412112,0.042379706,0.025240158
Newcastle upon Tyne 033,E02007096,5930,0.190893761,#N/A,0.415767635,0.042833052,0.040372671
Newcastle upon Tyne 034,E02007097,8670,0.058131488,#N/A,0.357720588,0.034033226,0.052694136
Newcastle upon Tyne 035,E02007098,6508,0.165642286,#N/A,0.230258162,0.094542659,0.099085923
Newcastle upon Tyne 036,E02007099,10252,0.040772532,#N/A,0.405891816,0.027317073,0.087023489
Newcastle upon Tyne 037,E02007100,8419,0.041216296,#N/A,0.327308496,0.034449988,0.089305402
Newcastle upon Tyne 038,E02007101,9605,0.074856845,#N/A,0.24092064,0.065264911,0.127079175
Newcastle upon Tyne 039,E02007102,7531,0.073297039,#N/A,0.306529625,0.062408711,0.106045082
Newcastle upon Tyne 040,E02007103,6460,0.115325077,#N/A,0.303333976,0.089670125,0.095100865
Newcastle upon Tyne 041,E02007104,5534,0.094687387,#N/A,0.21894336,0.111412062,0.136535348
Northumberland 041,E02007105,12427,0.227971353,#N/A,0.250430622,0.065009253,0.046701892
Northumberland 042,E02007106,14548,0.19851526,#N/A,0.294527942,0.04777289,0.042001909
Northumberland 043,E02007107,8760,0.333105023,#N/A,0.468987595,0.047129978,0.027062881
Hackney 030,E02007108,5941,0.058239354,#N/A,0.689324044,0.033176154,0.048261178
Hackney 031,E02007109,7615,0.097701904,#N/A,0.591308368,0.056876396,0.066561727
Hackney 032,E02007110,7334,0.06149441,#N/A,0.563856559,0.044599018,0.061156235
Hackney 033,E02007111,5952,0.032762097,#N/A,0.677956792,0.02605042,0.056427126
Tower Hamlets 034,E02007112,5891,0.014259039,#N/A,0.704545455,0.016457414,0.065003598
Tower Hamlets 035,E02007113,7462,0.028008577,#N/A,0.625675454,0.03002681,0.062541881
Tower Hamlets 036,E02007114,7563,0.042311252,#N/A,0.579104948,0.036620836,0.077535302
Camden 029,E02007115,11587,0.104341072,#N/A,0.435146846,0.060838799,0.109879518
Oxford 019,E02007116,8175,0.073761468,#N/A,0.472521165,0.040719002,0.062916358