ktnr,ktname,gdenr,gdename,Einheit,stpf,snpstbetr,mean_stbetr,median_stbetr,gini_stbetr,mean_steink,median_steink,gini_steink,mean_steinka,median_steinka,gini_steinka,mean_reink,median_reink,gini_reink,mean_reinka,median_reinka,gini_reinka
1,ZH,1,  Aeugst am Albis,Total,"1,212",4.399,"3,630",511,0.835,"80,614","56,050",0.542,"57,319","45,814",0.501,"89,388","63,600",0.527,"62,618","51,833",0.475
1,ZH,2,  Affoltern am Albis,Total,"7,176",10.422,"1,452",226,0.829,"56,125","45,750",0.46,"43,122","37,919",0.430,"63,885","51,700",0.444,"47,970","43,028",0.398
1,ZH,3,  Bonstetten,Total,"3,021",6.977,"2,310",564,0.778,"73,046","60,700",0.442,"53,231","47,400",0.412,"82,712","69,300",0.43,"58,924","54,100",0.383
1,ZH,4,  Hausen am Albis,Total,"2,080",4.792,"2,304",355,0.822,"67,618","51,300",0.493,"49,364","41,061",0.457,"76,554","57,250",0.478,"54,760","47,276",0.428
1,ZH,5,  Hedingen,Total,"2,148",5.697,"2,652",481,0.819,"73,258","55,700",0.481,"52,805","44,400",0.440,"82,623","63,950",0.469,"58,368","50,976",0.413
1,ZH,6,  Kappel am Albis,Total,613,1.687,"2,751",350,0.853,"71,051","50,100",0.519,"50,281","40,400",0.462,"79,774","55,400",0.504,"55,489","45,700",0.435
1,ZH,7,  Knonau,Total,"1,274",2.232,"1,752",370,0.793,"62,590","52,500",0.468,"45,015","40,104",0.430,"71,408","59,350",0.459,"50,289","47,269",0.404
1,ZH,8,  Maschwanden,Total,417,0.565,"1,356",221,0.806,"56,577","48,000",0.463,"42,739","37,900",0.442,"65,246","54,500",0.449,"47,968","43,944",0.408
1,ZH,9,  Mettmenstetten,Total,"2,721",6.539,"2,403",397,0.827,"70,107","54,000",0.481,"51,635","43,100",0.448,"78,771","60,900",0.468,"56,865","48,800",0.421
1,ZH,10,  Obfelden,Total,"2,868",4.184,"1,459",271,0.796,"59,460","49,100",0.446,"43,639","39,200",0.416,"68,636","56,850",0.433,"49,111","44,767",0.384
1,ZH,11,  Ottenbach,Total,"1,565",3.22,"2,058",363,0.816,"65,938","52,300",0.47,"48,806","41,200",0.435,"74,242","58,900",0.457,"53,930","47,238",0.407
1,ZH,12,  Rifferswil,Total,564,1.313,"2,329",391,0.817,"70,635","55,500",0.471,"49,810","42,481",0.436,"80,990","64,550",0.456,"55,755","49,276",0.403
1,ZH,13,  Stallikon,Total,"1,991",6.024,"3,026",683,0.777,"79,530","64,100",0.47,"58,165","51,381",0.434,"88,378","71,300",0.457,"63,566","56,800",0.409
1,ZH,14,  Wettswil am Albis,Total,"2,733",13.27,"4,855",772,0.829,"97,325","67,700",0.528,"66,956","52,714",0.474,"106,565","75,600",0.513,"72,486","58,571",0.450
1,ZH,21,  Adlikon,Total,369,0.402,"1,090",284,0.763,"55,524","49,300",0.406,"43,092","40,200",0.393,"64,116","56,000",0.393,"48,283","45,267",0.357
1,ZH,22,  Benken (ZH),Total,519,0.881,"1,697",268,0.813,"62,009","48,700",0.462,"45,653","39,300",0.423,"70,566","55,500",0.452,"50,914","44,200",0.396
1,ZH,23,  Berg am Irchel,Total,378,0.699,"1,848",248,0.833,"62,334","50,200",0.47,"46,413","37,000",0.436,"69,999","55,900",0.456,"51,283","43,950",0.408
1,ZH,24,  Buch am Irchel,Total,531,0.902,"1,698",371,0.766,"65,425","57,000",0.428,"47,757","43,700",0.402,"75,512","64,100",0.419,"53,693","48,800",0.372
1,ZH,25,  Dachsen,Total,"1,150",2.119,"1,842",344,0.81,"64,271","53,150",0.466,"45,749","41,146",0.428,"73,426","59,650",0.455,"51,147","47,183",0.399
1,ZH,26,  Dorf,Total,351,0.677,"1,928",324,0.799,"67,355","52,400",0.449,"46,744","41,300",0.403,"77,137","60,300",0.442,"52,535","46,100",0.382
1,ZH,27,  Feuerthalen,Total,"2,219",3.215,"1,449",284,0.814,"56,788","48,300",0.456,"43,358","38,500",0.431,"64,829","54,000",0.442,"48,335","43,933",0.400
1,ZH,28,  Flaach,Total,770,1.167,"1,516",316,0.807,"60,741","51,650",0.431,"45,053","40,650",0.399,"69,614","59,100",0.42,"50,427","46,300",0.369
1,ZH,29,  Flurlingen,Total,958,2.267,"2,367",331,0.834,"66,311","50,200",0.517,"48,321","41,261",0.471,"74,259","55,650",0.505,"53,186","47,250",0.446
1,ZH,30,  Andelfingen,Total,"1,261",2.776,"2,201",385,0.825,"68,411","53,000",0.464,"49,796","42,125",0.425,"77,277","58,700",0.45,"55,082","47,700",0.396
1,ZH,31,  Henggart,Total,"1,293",2.098,"1,623",392,0.78,"64,542","55,700",0.426,"46,694","42,900",0.390,"73,986","62,900",0.418,"52,229","48,542",0.363
1,ZH,32,  Humlikon,Total,276,0.475,"1,720",327,0.804,"63,759","52,300",0.462,"44,117","41,033",0.425,"73,810","59,750",0.452,"49,899","45,000",0.398
1,ZH,33,  Kleinandelfingen,Total,"1,199",1.645,"1,372",318,0.782,"59,988","51,800",0.425,"44,320","40,300",0.392,"68,653","58,600",0.416,"49,611","46,000",0.365
1,ZH,34,  Laufen-Uhwiesen,Total,983,2.989,"3,040",425,0.848,"75,097","55,600",0.517,"53,684","41,867",0.479,"83,682","62,300",0.5,"58,884","48,692",0.450
1,ZH,35,  Marthalen,Total,"1,192",1.864,"1,564",300,0.811,"60,452","49,300",0.44,"44,775","40,900",0.396,"69,060","54,900",0.43,"50,035","46,400",0.368
1,ZH,36,  Oberstammheim,Total,681,0.787,"1,155",258,0.778,"56,524","48,000",0.414,"42,351","38,944",0.385,"65,061","54,300",0.407,"47,539","44,400",0.356
1,ZH,37,  Ossingen,Total,834,0.957,"1,147",196,0.804,"53,700","47,250",0.454,"39,865","35,517",0.430,"62,324","55,100",0.437,"45,081","41,250",0.395
1,ZH,38,  Rheinau,Total,818,0.973,"1,189",259,0.786,"54,890","47,750",0.447,"41,278","39,194",0.412,"62,818","54,100",0.441,"46,211","44,656",0.387
1,ZH,39,  Thalheim an der Thur,Total,532,0.898,"1,687",288,0.843,"60,889","50,550",0.447,"46,230","39,653",0.430,"69,500","58,350",0.432,"51,368","44,767",0.395
1,ZH,40,  Trüllikon,Total,623,0.888,"1,425",252,0.808,"57,816","48,200",0.457,"43,607","37,400",0.429,"65,914","53,700",0.445,"48,632","43,700",0.400
1,ZH,41,  Truttikon,Total,270,0.26,961,173,0.771,"51,890","45,550",0.446,"38,285","33,644",0.428,"61,111","52,800",0.427,"43,715","39,789",0.389
1,ZH,42,  Unterstammheim,Total,528,1.038,"1,966",215,0.88,"60,716","47,050",0.518,"43,293","35,733",0.483,"69,685","52,700",0.498,"48,512","44,177",0.445
1,ZH,43,  Volken,Total,180,0.452,"2,514",363,0.856,"72,117","53,850",0.454,"52,488","41,622",0.435,"82,271","63,650",0.435,"58,290","47,767",0.395
1,ZH,44,  Waltalingen,Total,413,0.53,"1,284",252,0.805,"56,882","49,400",0.433,"42,551","38,800",0.409,"65,539","54,600",0.424,"47,859","44,308",0.379
1,ZH,51,  Bachenbülach,Total,"2,390",4.309,"1,803",363,0.809,"63,568","52,200",0.446,"47,980","42,300",0.419,"72,095","58,300",0.432,"53,170","47,600",0.389
1,ZH,52,  Bassersdorf,Total,"6,726",12.226,"1,818",434,0.79,"65,429","54,600",0.43,"49,603","44,282",0.406,"74,114","61,200",0.418,"54,893","50,067",0.376
1,ZH,53,  Bülach,Total,"11,557",19.145,"1,657",294,0.832,"60,322","49,700",0.448,"47,211","40,300",0.432,"68,245","55,600",0.433,"52,121","45,700",0.398
1,ZH,54,  Dietlikon,Total,"4,513",8.829,"1,956",418,0.807,"66,177","54,000",0.44,"51,097","44,100",0.419,"74,360","61,100",0.425,"56,160","49,100",0.389
1,ZH,55,  Eglisau,Total,"2,778",5.975,"2,151",458,0.807,"69,370","56,600",0.454,"49,958","43,600",0.423,"78,965","65,100",0.438,"55,664","50,400",0.391
1,ZH,56,  Embrach,Total,"5,274",7.137,"1,353",264,0.806,"57,315","49,100",0.439,"43,516","39,610",0.417,"65,932","55,700",0.422,"48,781","45,100",0.381
1,ZH,57,  Freienstein-Teufen,Total,"1,348",2.149,"1,594",322,0.792,"62,509","52,200",0.433,"46,788","40,600",0.410,"71,375","60,450",0.422,"52,223","46,321",0.380
1,ZH,58,  Glattfelden,Total,"2,855",3.697,"1,295",308,0.78,"58,497","51,000",0.423,"44,475","41,000",0.401,"66,983","57,700",0.413,"49,679","46,700",0.371
1,ZH,59,  Hochfelden,Total,"1,114",1.932,"1,734",384,0.8,"65,453","55,350",0.432,"47,040","42,276",0.400,"75,044","63,150",0.422,"52,719","48,150",0.370
1,ZH,60,  Höri,Total,"1,519",1.603,"1,055",211,0.812,"52,591","46,700",0.417,"40,460","36,600",0.402,"61,039","53,200",0.402,"45,686","42,200",0.366
1,ZH,61,  Hüntwangen,Total,572,1.094,"1,913",421,0.767,"68,746","57,800",0.43,"49,075","43,500",0.392,"77,906","66,300",0.422,"54,563","49,156",0.368
1,ZH,62,  Kloten,Total,"11,384",16.215,"1,424",282,0.821,"56,685","48,500",0.44,"45,080","40,000",0.424,"64,141","54,400",0.422,"49,780","45,300",0.389
1,ZH,63,  Lufingen,Total,"1,068",2.882,"2,699",676,0.779,"78,482","65,000",0.436,"57,264","49,865",0.413,"88,502","72,550",0.423,"63,228","55,850",0.383
1,ZH,64,  Nürensdorf,Total,"3,267",11.401,"3,490",585,0.839,"82,426","60,500",0.499,"61,339","48,267",0.465,"90,661","67,000",0.482,"66,460","53,846",0.437
1,ZH,65,  Oberembrach,Total,668,1.271,"1,902",464,0.792,"66,208","54,950",0.434,"50,486","46,300",0.400,"74,511","60,900",0.424,"55,645","51,100",0.374
1,ZH,66,  Opfikon,Total,"10,445",14.838,"1,421",258,0.822,"55,793","47,500",0.453,"44,485","38,800",0.446,"63,556","53,600",0.43,"49,285","44,300",0.406
1,ZH,67,  Rafz,Total,"2,400",3.861,"1,609",326,0.806,"61,996","52,100",0.44,"45,438","40,533",0.411,"71,244","59,350",0.427,"51,012","46,600",0.381
1,ZH,68,  Rorbas,Total,"1,516",1.42,937,218,0.769,"53,175","48,200",0.415,"40,570","37,024",0.405,"62,098","55,500",0.4,"45,938","43,606",0.366
1,ZH,69,  Wallisellen,Total,"9,409",22.984,"2,443",474,0.813,"70,918","55,300",0.46,"54,897","45,889",0.436,"78,886","62,100",0.444,"59,846","51,000",0.406
1,ZH,70,  Wasterkingen,Total,334,0.41,"1,228",415,0.718,"60,680","53,200",0.394,"45,288","44,206",0.358,"69,663","61,450",0.388,"50,730","50,050",0.332
1,ZH,71,  Wil (ZH),Total,803,2.384,"2,969",329,0.885,"71,594","50,800",0.536,"53,268","40,800",0.511,"80,204","56,100",0.516,"58,504","46,200",0.478
1,ZH,72,  Winkel,Total,"2,607",11.542,"4,427",793,0.825,"92,199","66,000",0.51,"69,869","53,100",0.485,"100,426","72,700",0.495,"74,977","58,900",0.460
1,ZH,81,  Bachs,Total,345,0.465,"1,347",211,0.792,"58,867","49,800",0.435,"43,271","35,933",0.411,"67,958","56,500",0.42,"48,840","42,067",0.378
1,ZH,82,  Boppelsen,Total,711,3.213,"4,519",784,0.817,"94,353","67,800",0.51,"66,232","51,389",0.473,"104,071","76,200",0.495,"72,022","57,762",0.447
1,ZH,83,  Buchs (ZH),Total,"3,600",5.839,"1,622",373,0.793,"62,780","53,200",0.423,"47,773","43,389",0.395,"71,330","60,400",0.411,"53,026","48,700",0.364
1,ZH,84,  Dällikon,Total,"2,304",3.355,"1,456",302,0.806,"59,153","50,900",0.433,"45,313","40,117",0.418,"67,655","58,100",0.419,"50,545","45,929",0.384
1,ZH,85,  Dänikon,Total,"1,099",2.335,"2,124",281,0.855,"65,968","51,600",0.481,"48,502","39,769",0.463,"75,456","59,300",0.461,"54,235","45,952",0.425
1,ZH,86,  Dielsdorf,Total,"3,480",5.725,"1,645",331,0.813,"61,411","50,950",0.437,"46,980","41,696",0.415,"69,767","57,100",0.423,"52,144","47,000",0.383
1,ZH,87,  Hüttikon,Total,435,1.058,"2,432",553,0.787,"73,856","59,500",0.443,"54,928","47,100",0.416,"82,698","67,100",0.428,"60,363","53,100",0.388
1,ZH,88,  Neerach,Total,"1,927",8.991,"4,666",852,0.813,"95,696","68,800",0.502,"71,995","55,722",0.468,"103,508","74,300",0.489,"76,964","61,300",0.446
1,ZH,89,  Niederglatt,Total,"2,790",3.555,"1,274",329,0.771,"58,626","51,200",0.41,"45,015","41,400",0.388,"67,050","57,900",0.402,"50,203","47,244",0.358
1,ZH,90,  Niederhasli,Total,"5,315",6.71,"1,263",312,0.786,"57,617","50,900",0.419,"43,615","40,286",0.396,"66,197","57,800",0.408,"48,838","46,300",0.365
1,ZH,91,  Niederweningen,Total,"1,646",3.202,"1,945",336,0.818,"65,064","51,750",0.473,"46,300","40,500",0.433,"74,777","58,650",0.461,"52,023","46,850",0.405
1,ZH,92,  Oberglatt,Total,"3,865",3.386,876,209,0.773,"50,841","46,800",0.407,"39,740","37,500",0.397,"59,106","53,200",0.394,"44,764","42,769",0.359
1,ZH,93,  Oberweningen,Total,"1,032",2.505,"2,427",392,0.83,"70,355","54,050",0.473,"51,150","43,357",0.433,"79,246","60,900",0.459,"56,597","48,150",0.406
1,ZH,94,  Otelfingen,Total,"1,574",3.035,"1,928",454,0.783,"67,428","56,000",0.439,"49,357","43,722",0.408,"76,639","64,300",0.428,"54,912","49,667",0.381
1,ZH,95,  Regensberg,Total,291,0.754,"2,590",659,0.773,"75,783","62,500",0.433,"58,369","48,900",0.423,"84,611","71,300",0.414,"63,749","55,857",0.389
1,ZH,96,  Regensdorf,Total,"10,281",14.618,"1,422",267,0.815,"57,651","48,900",0.439,"44,632","38,800",0.424,"65,901","55,400",0.421,"49,714","44,700",0.388
1,ZH,97,  Rümlang,Total,"4,528",8.138,"1,797",271,0.857,"60,902","48,750",0.464,"46,523","39,833",0.437,"68,893","55,500",0.446,"51,477","44,878",0.401
1,ZH,98,  Schleinikon,Total,457,0.642,"1,404",310,0.787,"58,811","50,200",0.437,"44,824","40,700",0.408,"66,947","57,200",0.429,"49,858","46,500",0.381
1,ZH,99,  Schöfflisdorf,Total,840,1.741,"2,072",484,0.792,"68,813","56,000",0.438,"51,238","44,269",0.407,"77,202","64,600",0.428,"56,367","51,098",0.381
1,ZH,100,  Stadel,Total,"1,305",1.889,"1,448",352,0.781,"60,504","52,300",0.423,"46,405","42,200",0.402,"68,747","58,700",0.413,"51,508","47,524",0.373
1,ZH,101,  Steinmaur,Total,"1,989",3.482,"1,751",350,0.814,"62,771","51,300",0.439,"48,540","42,700",0.413,"70,687","57,500",0.426,"53,491","47,500",0.384
1,ZH,102,  Weiach,Total,759,0.957,"1,261",336,0.767,"57,443","50,600",0.418,"44,706","41,667",0.393,"65,001","56,100",0.408,"49,469","47,143",0.367
1,ZH,111,  Bäretswil,Total,"2,984",4.401,"1,475",258,0.816,"58,904","48,650",0.446,"44,350","38,800",0.421,"67,522","55,900",0.43,"49,614","44,663",0.388
1,ZH,112,  Bubikon,Total,"4,116",7.365,"1,789",375,0.799,"64,699","54,500",0.442,"47,704","42,333",0.410,"73,678","61,200",0.431,"53,112","48,300",0.381
1,ZH,113,  Dürnten,Total,"4,273",5.49,"1,285",239,0.806,"56,412","48,100",0.44,"42,208","37,600",0.415,"65,255","54,500",0.429,"47,505","44,000",0.382
1,ZH,114,  Fischenthal,Total,"1,358",1.054,776,156,0.798,"47,537","42,550",0.43,"35,819","32,550",0.406,"56,182","48,950",0.418,"40,999","38,544",0.370
1,ZH,115,  Gossau (ZH),Total,"5,759",11.083,"1,924",329,0.83,"64,508","51,400",0.456,"47,625","41,067",0.421,"73,258","58,200",0.443,"52,937","46,900",0.391
1,ZH,116,  Grüningen,Total,"1,999",4.055,"2,029",346,0.834,"65,935","52,900",0.459,"49,385","41,467",0.426,"74,538","59,600",0.447,"54,633","47,190",0.397
1,ZH,117,  Hinwil,Total,"6,576",10.064,"1,530",281,0.828,"58,977","49,700",0.441,"45,018","39,867",0.412,"67,000","55,200",0.429,"49,974","45,150",0.381
1,ZH,118,  Rüti (ZH),Total,"7,406",8.007,"1,081",189,0.825,"50,896","43,200",0.447,"39,335","35,400",0.420,"58,609","49,250",0.432,"44,126","40,600",0.386
1,ZH,119,  Seegräben,Total,823,1.43,"1,738",365,0.794,"62,861","52,000",0.462,"46,149","40,000",0.435,"72,088","58,200",0.446,"51,722","46,400",0.402
1,ZH,120,  Wald (ZH),Total,"5,627",5.501,978,179,0.826,"49,563","42,400",0.43,"38,199","33,900",0.406,"57,621","48,200",0.418,"43,166","39,692",0.371
1,ZH,121,  Wetzikon (ZH),Total,"14,727",18.226,"1,238",234,0.813,"54,807","46,900",0.433,"42,518","38,333",0.408,"62,610","52,600",0.421,"47,375","43,800",0.376
1,ZH,131,  Adliswil,Total,"11,219",27.395,"2,442",358,0.833,"68,290","51,200",0.496,"51,460","42,381",0.464,"76,327","57,500",0.477,"56,433","47,308",0.433
1,ZH,132,  Hirzel,Total,"1,245",2.983,"2,396",334,0.84,"68,163","51,300",0.502,"48,281","40,467",0.459,"77,585","58,000",0.484,"53,873","46,133",0.427
1,ZH,133,  Horgen,Total,"12,174",40.211,"3,303",409,0.851,"76,741","53,100",0.523,"56,151","43,117",0.482,"85,043","59,900",0.505,"61,237","48,552",0.453
1,ZH,134,  Hütten,Total,566,0.771,"1,362",177,0.854,"53,226","42,850",0.488,"38,778","34,912",0.441,"61,479","47,750",0.477,"43,722","40,533",0.410
1,ZH,135,  Kilchberg (ZH),Total,"5,051",49.082,"9,717","1,012",0.838,"134,818","71,100",0.625,"94,181","58,300",0.573,"142,901","77,000",0.608,"99,153","63,500",0.553
1,ZH,136,  Langnau am Albis,Total,"4,348",12.882,"2,963",372,0.847,"73,807","51,600",0.512,"53,130","42,633",0.467,"82,429","58,450",0.494,"58,373","47,800",0.438
1,ZH,137,  Oberrieden,Total,"3,166",15.469,"4,886",648,0.83,"93,651","60,900",0.542,"67,331","51,000",0.490,"101,702","66,700",0.528,"72,284","55,700",0.469
1,ZH,138,  Richterswil,Total,"7,934",20.567,"2,592",355,0.844,"69,628","51,600",0.508,"50,781","41,615",0.465,"78,129","57,400",0.491,"55,953","47,600",0.436
1,ZH,139,  Rüschlikon,Total,"3,592",33.405,"9,300",849,0.851,"130,423","66,400",0.637,"88,412","53,900",0.585,"138,797","73,700",0.62,"93,514","59,293",0.562
1,ZH,140,  Schönenberg (ZH),Total,"1,164",2.847,"2,446",386,0.824,"68,586","51,250",0.5,"49,760","42,600",0.452,"76,849","57,300",0.485,"54,856","47,800",0.426
1,ZH,141,  Thalwil,Total,"11,039",46.742,"4,234",588,0.83,"87,075","59,200",0.529,"64,027","49,385",0.483,"95,141","65,400",0.513,"68,996","54,300",0.459
1,ZH,142,  Wädenswil,Total,"13,302",32.704,"2,459",347,0.84,"67,974","50,500",0.499,"50,586","41,897",0.457,"75,902","56,700",0.483,"55,496","47,000",0.428
1,ZH,151,  Erlenbach (ZH),Total,"3,357",36.961,"11,010",850,0.854,"144,271","67,200",0.664,"97,176","54,933",0.620,"153,050","74,400",0.646,"102,485","59,556",0.598
1,ZH,152,  Herrliberg,Total,"3,822",37.648,"9,850",869,0.847,"134,659","67,100",0.647,"93,307","54,683",0.611,"143,418","74,750",0.629,"98,599","60,129",0.589
1,ZH,153,  Hombrechtikon,Total,"5,017",10.122,"2,017",272,0.855,"63,123","49,100",0.486,"47,190","39,600",0.452,"71,441","55,000",0.47,"52,296","44,905",0.420
1,ZH,154,  Küsnacht (ZH),Total,"8,894",92.008,"10,345",753,0.862,"137,634","63,500",0.665,"97,140","52,333",0.628,"145,743","70,000",0.646,"102,148","57,600",0.605
1,ZH,155,  Männedorf,Total,"6,365",22.545,"3,542",545,0.823,"81,209","58,500",0.514,"58,743","46,900",0.472,"89,779","65,300",0.5,"63,942","52,200",0.446
1,ZH,156,  Meilen,Total,"8,271",51.969,"6,283",674,0.851,"104,644","61,300",0.59,"74,917","50,238",0.549,"112,968","67,600",0.571,"80,033","55,333",0.524
1,ZH,157,  Oetwil am See,Total,"2,691",3.051,"1,134",270,0.787,"55,264","49,100",0.412,"42,944","39,600",0.396,"63,557","55,600",0.401,"48,044","45,200",0.362
1,ZH,158,  Stäfa,Total,"8,736",30.345,"3,474",459,0.842,"78,762","54,900",0.531,"58,132","44,483",0.495,"86,784","61,000",0.513,"63,119","49,900",0.467
1,ZH,159,  Uetikon am See,Total,"3,599",18.387,"5,109",592,0.86,"95,035","60,100",0.572,"65,376","48,400",0.514,"103,873","67,600",0.553,"70,733","54,067",0.488
1,ZH,160,  Zumikon,Total,"3,170",35.246,"11,119",784,0.869,"145,298","65,200",0.672,"101,821","54,000",0.641,"153,811","72,050",0.654,"106,994","58,800",0.619
1,ZH,161,  Zollikon,Total,"8,040",75.409,"9,379",841,0.849,"131,098","66,400",0.636,"93,154","54,683",0.596,"139,353","72,850",0.619,"98,210","59,800",0.574
1,ZH,172,  Fehraltorf,Total,"3,749",6.706,"1,789",437,0.791,"65,383","55,000",0.426,"49,550","44,095",0.402,"73,969","61,800",0.413,"54,796","50,000",0.372
1,ZH,173,  Hittnau,Total,"2,124",3.552,"1,672",380,0.787,"64,414","54,150",0.428,"47,671","42,500",0.397,"73,571","60,550",0.421,"53,162","48,361",0.370
1,ZH,174,  Illnau-Effretikon,Total,"9,760",14.606,"1,496",266,0.825,"58,038","48,100",0.444,"45,094","39,276",0.424,"65,860","54,250",0.428,"49,948","44,667",0.390
1,ZH,175,  Kyburg,Total,246,0.463,"1,881",389,0.775,"66,260","57,600",0.444,"50,772","43,650",0.427,"74,859","62,750",0.43,"56,100","49,250",0.397
1,ZH,176,  Lindau,Total,"3,052",6.394,"2,095",411,0.819,"68,096","55,450",0.448,"50,826","43,000",0.432,"77,319","63,750",0.434,"56,363","49,500",0.400
1,ZH,177,  Pfäffikon,Total,"6,849",12.263,"1,791",324,0.821,"62,585","50,400",0.452,"47,467","41,300",0.420,"70,690","56,600",0.439,"52,469","46,476",0.390
1,ZH,178,  Russikon,Total,"2,437",5.588,"2,293",419,0.808,"70,430","54,700",0.462,"51,452","44,000",0.428,"79,421","62,200",0.449,"56,906","49,500",0.401
1,ZH,180,  Weisslingen,Total,"1,893",4.153,"2,194",351,0.825,"68,192","53,300",0.47,"49,673","41,667",0.438,"77,264","60,600",0.456,"55,130","47,368",0.408
1,ZH,181,  Wila,Total,"1,238",1.176,950,196,0.798,"50,513","43,950",0.429,"39,029","35,600",0.400,"58,028","49,450",0.42,"43,768","41,361",0.372
1,ZH,182,  Wildberg,Total,589,0.84,"1,425",308,0.793,"59,649","50,800",0.425,"44,557","40,400",0.392,"68,466","57,600",0.417,"49,894","46,333",0.362
1,ZH,191,  Dübendorf,Total,"16,060",31.089,"1,936",347,0.825,"63,688","50,900",0.457,"49,162","42,500",0.425,"71,374","56,700",0.443,"53,970","47,500",0.395
1,ZH,192,  Egg,Total,"5,034",15.723,"3,123",421,0.853,"75,488","53,500",0.521,"54,358","43,400",0.472,"84,007","59,650",0.505,"59,555","49,300",0.445
1,ZH,193,  Fällanden,Total,"4,999",13.219,"2,644",484,0.812,"72,681","56,600",0.481,"54,283","45,600",0.449,"81,061","63,200",0.465,"59,426","51,400",0.420
1,ZH,194,  Greifensee,Total,"3,116",6.971,"2,237",371,0.835,"68,001","53,700",0.473,"49,801","43,190",0.437,"76,816","60,850",0.456,"55,133","48,500",0.405
1,ZH,195,  Maur,Total,"5,794",26.117,"4,508",624,0.826,"90,474","61,500",0.54,"64,009","49,117",0.494,"99,329","68,100",0.524,"69,376","54,833",0.469
1,ZH,196,  Mönchaltorf,Total,"2,129",3.852,"1,809",339,0.822,"63,095","52,000",0.459,"47,027","40,278",0.435,"71,769","59,700",0.442,"52,304","46,615",0.401
1,ZH,197,  Schwerzenbach,Total,"3,082",5.245,"1,702",408,0.78,"63,900","54,650",0.427,"49,450","44,883",0.404,"71,997","60,700",0.416,"54,468","49,800",0.375
1,ZH,198,  Uster,Total,"20,560",38.552,"1,875",350,0.816,"63,709","51,100",0.457,"48,355","42,394",0.421,"71,779","57,200",0.444,"53,339","47,500",0.392
1,ZH,199,  Volketswil,Total,"10,725",20.901,"1,949",371,0.823,"65,469","53,500",0.447,"49,802","42,500",0.429,"74,141","60,800",0.432,"55,075","48,125",0.396
1,ZH,200,  Wangen-Brüttisellen,Total,"4,488",9.545,"2,127",382,0.823,"67,088","52,900",0.465,"50,238","43,000",0.437,"75,798","60,100",0.449,"55,555","48,817",0.406
1,ZH,211,  Altikon,Total,416,0.531,"1,277",242,0.805,"57,104","47,900",0.439,"42,713","36,558",0.416,"65,533","54,550",0.424,"47,884","43,074",0.382
1,ZH,213,  Brütten,Total,"1,227",3.714,"3,027",680,0.785,"79,781","63,900",0.471,"58,526","50,800",0.440,"88,884","70,400",0.459,"64,025","56,300",0.414
1,ZH,214,  Dägerlen,Total,538,0.812,"1,509",381,0.773,"63,230","54,500",0.425,"44,749","41,879",0.386,"73,531","61,150",0.419,"50,778","48,600",0.359
1,ZH,215,  Dättlikon,Total,418,1.091,"2,611",516,0.818,"75,114","60,150",0.468,"53,654","44,943",0.449,"85,152","69,700",0.45,"59,580","51,350",0.415
1,ZH,216,  Dinhard,Total,851,1.633,"1,918",387,0.809,"66,571","55,500",0.444,"48,068","41,700",0.416,"75,852","64,800",0.431,"53,600","48,900",0.385
1,ZH,217,  Elgg,Total,"2,477",3.572,"1,442",230,0.824,"56,912","48,400",0.459,"42,660","37,300",0.430,"65,228","54,300",0.445,"47,716","43,300",0.397
1,ZH,218,  Ellikon an der Thur,Total,522,0.811,"1,554",298,0.796,"60,675","50,750",0.458,"43,593","39,394",0.430,"70,126","58,200",0.446,"49,225","45,750",0.400
1,ZH,219,  Elsau,Total,"2,048",3.354,"1,638",275,0.824,"60,090","49,650",0.466,"44,802","38,967",0.444,"69,094","57,000",0.446,"50,248","45,100",0.407
1,ZH,220,  Hagenbuch,Total,701,0.772,"1,101",206,0.802,"53,106","46,300",0.436,"40,539","36,200",0.414,"60,958","52,200",0.425,"45,445","42,000",0.384
1,ZH,221,  Hettlingen,Total,"1,694",5.728,"3,381",456,0.836,"80,059","58,600",0.52,"54,518","44,100",0.478,"90,234","66,050",0.504,"60,413","50,350",0.449
1,ZH,222,  Hofstetten (ZH),Total,274,0.324,"1,182",206,0.804,"55,149","46,750",0.435,"40,539","34,450",0.409,"64,697","52,150",0.429,"46,142","42,211",0.378
1,ZH,223,  Neftenbach,Total,"3,196",6.836,"2,139",434,0.807,"69,056","55,700",0.453,"50,408","44,600",0.418,"78,139","63,050",0.443,"55,833","50,333",0.390
1,ZH,224,  Pfungen,Total,"2,101",2.473,"1,177",281,0.794,"56,027","49,300",0.413,"42,484","39,143",0.397,"64,917","56,500",0.403,"47,824","45,200",0.362
1,ZH,225,  Rickenbach (ZH),Total,"1,505",2.114,"1,405",302,0.787,"59,580","51,600",0.447,"43,220","40,524",0.418,"68,797","59,500",0.432,"48,750","46,333",0.385
1,ZH,226,  Schlatt (ZH),Total,401,0.505,"1,260",203,0.817,"56,300","48,000",0.454,"40,660","35,600",0.442,"66,418","55,200",0.432,"46,508","42,900",0.400
1,ZH,227,  Seuzach,Total,"4,490",10.828,"2,412",477,0.819,"71,141","56,700",0.462,"53,434","45,917",0.426,"79,033","62,900",0.448,"58,374","51,300",0.400
1,ZH,228,  Turbenthal,Total,"2,616",2.227,851,174,0.805,"48,895","43,150",0.429,"37,223","33,544",0.413,"57,311","49,150",0.412,"42,369","39,667",0.375
1,ZH,230,  Winterthur,Total,"68,417",91.798,"1,342",217,0.825,"54,388","45,800",0.46,"42,864","38,000",0.436,"61,725","51,400",0.443,"47,480","43,000",0.402
1,ZH,231,  Zell (ZH),Total,"3,399",3.505,"1,031",193,0.809,"51,369","44,400",0.44,"39,132","35,400",0.417,"59,520","50,200",0.426,"44,167","40,867",0.382
1,ZH,241,  Aesch (ZH),Total,693,3.186,"4,598",713,0.822,"93,562","63,800",0.513,"67,123","53,000",0.471,"102,501","71,200",0.497,"72,498","57,800",0.445
1,ZH,242,  Birmensdorf (ZH),Total,"3,748",8.765,"2,339",498,0.792,"70,499","56,700",0.458,"53,086","46,633",0.427,"78,765","63,800",0.444,"58,153","51,717",0.400
1,ZH,243,  Dietikon,Total,"15,572",16.17,"1,038",183,0.826,"49,792","43,600",0.439,"39,366","34,333",0.433,"57,565","50,100",0.417,"44,191","40,282",0.391
1,ZH,244,  Geroldswil,Total,"2,894",6.299,"2,176",344,0.839,"65,977","51,100",0.474,"50,079","42,000",0.447,"74,168","58,050",0.456,"55,154","47,450",0.414
1,ZH,245,  Oberengstringen,Total,"3,996",7.802,"1,952",305,0.84,"62,523","49,300",0.469,"49,142","40,600",0.449,"69,937","55,300",0.448,"53,853","45,838",0.414
1,ZH,246,  Oetwil an der Limmat,Total,"1,553",4.362,"2,809",448,0.825,"73,005","54,600",0.496,"56,389","45,800",0.463,"80,296","60,200",0.48,"61,006","49,900",0.438
1,ZH,247,  Schlieren,Total,"10,581",10.568,999,206,0.806,"51,023","45,600",0.418,"40,241","36,133",0.413,"59,199","52,200",0.401,"45,265","42,000",0.372
1,ZH,248,  Uitikon,Total,"2,384",23.24,"9,749","1,158",0.832,"139,055","77,500",0.611,"95,682","61,206",0.564,"147,988","84,750",0.594,"101,100","67,000",0.542
1,ZH,249,  Unterengstringen,Total,"2,278",7.182,"3,153",511,0.835,"76,788","56,150",0.504,"58,515","46,633",0.472,"84,574","62,350",0.485,"63,422","52,200",0.445
1,ZH,250,  Urdorf,Total,"5,789",9.79,"1,691",370,0.805,"62,719","52,900",0.431,"47,976","42,700",0.405,"70,846","59,200",0.42,"52,979","47,952",0.376
1,ZH,251,  Weiningen (ZH),Total,"2,611",5.079,"1,945",339,0.815,"64,829","52,600",0.452,"49,025","42,300",0.425,"73,357","59,800",0.434,"54,222","47,600",0.392
1,ZH,261,  Zürich,Total,"263,358",629.939,"2,392",313,0.847,"64,503","48,100",0.514,"52,468","40,933",0.494,"70,985","53,200",0.494,"56,677","45,700",0.463
1,ZH,297,  Bauma,Total,"2,862",2.856,998,173,0.816,"50,923","43,400",0.44,"38,704","34,000",0.415,"59,157","49,400",0.428,"43,772","39,979",0.382
1,ZH,298,  Wiesendangen,Total,"3,559",6.756,"1,898",426,0.795,"66,490","56,100",0.447,"47,980","43,143",0.414,"75,776","63,800",0.436,"53,541","49,190",0.385
2,BE,301,  Aarberg,Total,"2,869",2.611,910,246,0.766,"52,197","47,200",0.398,"40,740","39,400",0.370,"59,766","52,000",0.394,"45,467","44,300",0.341
2,BE,302,  Bargen (BE),Total,598,0.415,694,176,0.765,"48,377","43,350",0.398,"36,703","34,650",0.373,"56,900","50,600",0.393,"41,989","40,033",0.341
2,BE,303,  Grossaffoltern,Total,"1,822",1.559,856,195,0.775,"50,746","45,550",0.422,"38,227","36,215",0.396,"59,248","51,700",0.414,"43,417","42,000",0.364
2,BE,304,  Kallnach,Total,"1,189",0.97,816,188,0.786,"49,177","44,900",0.416,"37,587","35,200",0.394,"57,585","50,600",0.408,"42,810","40,778",0.362
2,BE,305,  Kappelen,Total,807,0.957,"1,186",230,0.823,"55,098","46,900",0.425,"41,930","38,000",0.402,"63,645","52,400",0.418,"47,051","44,300",0.368
2,BE,306,  Lyss,Total,"9,130",9.117,999,196,0.82,"50,171","44,200",0.442,"39,158","36,300",0.418,"57,638","49,200",0.434,"43,827","41,714",0.387
2,BE,307,  Meikirch,Total,"1,533",1.943,"1,267",331,0.759,"57,956","52,000",0.431,"44,435","41,400",0.405,"65,735","57,700",0.423,"49,247","46,900",0.377
2,BE,309,  Radelfingen,Total,805,0.656,815,203,0.749,"50,314","44,600",0.401,"39,994","37,300",0.382,"57,913","50,300",0.393,"44,752","41,381",0.351
2,BE,310,  Rapperswil (BE),Total,"1,482",1.886,"1,272",180,0.838,"53,828","43,850",0.469,"40,036","35,200",0.439,"62,514","50,050",0.454,"45,307","41,200",0.404
2,BE,311,  Schüpfen,Total,"2,364",2.748,"1,163",224,0.812,"53,784","47,000",0.438,"41,231","38,100",0.410,"61,675","52,050",0.429,"46,114","43,696",0.379
2,BE,312,  Seedorf (BE),Total,"1,864",1.865,"1,000",209,0.798,"52,036","45,200",0.428,"39,695","37,317",0.403,"60,100","51,300",0.418,"44,693","42,700",0.371
2,BE,321,  Aarwangen,Total,"2,656",2.631,991,174,0.832,"49,913","43,700",0.443,"37,426","34,079",0.412,"58,229","49,700",0.436,"42,468","40,300",0.380
2,BE,322,  Auswil,Total,299,0.11,367,97,0.783,"37,948","36,100",0.408,"29,841","27,800",0.403,"45,806","42,200",0.404,"34,588","34,708",0.360
2,BE,323,  Bannwil,Total,421,0.282,670,181,0.758,"47,746","44,600",0.385,"37,474","36,100",0.369,"55,717","50,900",0.38,"42,322","42,067",0.336
2,BE,324,  Bleienbach,Total,429,0.26,606,193,0.719,"46,583","41,300",0.39,"36,555","35,048",0.378,"54,260","48,500",0.381,"41,369","40,400",0.347
2,BE,325,  Busswil bei Melchnau,Total,114,0.086,751,213,0.753,"49,482","45,250",0.404,"37,687","34,833",0.377,"56,925","51,750",0.411,"42,219","41,450",0.358
2,BE,326,  Gondiswil,Total,432,0.145,336,117,0.735,"39,894","38,850",0.373,"30,635","29,383",0.369,"48,567","45,650",0.369,"35,759","35,833",0.326
2,BE,329,  Langenthal,Total,"9,904",10.605,"1,071",174,0.845,"48,831","42,300",0.466,"38,146","34,667",0.437,"55,769","46,850",0.455,"42,521","39,800",0.407
2,BE,331,  Lotzwil,Total,"1,512",1.154,763,151,0.83,"45,473","41,000",0.445,"34,362","32,230",0.421,"53,619","47,100",0.436,"39,288","38,000",0.385
2,BE,332,  Madiswil,Total,"1,978",1.603,810,151,0.841,"46,449","40,200",0.428,"35,511","32,267",0.404,"54,599","46,200",0.42,"40,465","38,024",0.370
2,BE,333,  Melchnau,Total,915,0.735,803,120,0.856,"44,760","38,000",0.447,"33,827","29,714",0.421,"53,120","44,800",0.435,"38,924","36,400",0.385
2,BE,334,  Obersteckholz,Total,245,0.169,689,117,0.827,"44,973","39,100",0.424,"34,695","29,958",0.411,"53,829","46,300",0.414,"40,027","35,333",0.374
2,BE,335,  Oeschenbach,Total,149,0.076,509,77,0.814,"40,988","35,200",0.411,"32,014","27,300",0.406,"49,215","42,800",0.395,"37,114","31,400",0.365
2,BE,336,  Reisiswil,Total,100,0.088,885,112,0.887,"46,575","38,250",0.436,"33,816","29,760",0.406,"56,225","45,950",0.419,"39,488","35,250",0.362
2,BE,337,  Roggwil (BE),Total,"2,382",1.541,647,130,0.819,"43,917","39,800",0.435,"33,233","30,400",0.413,"51,733","45,850",0.427,"38,020","36,400",0.381
2,BE,338,  Rohrbach,Total,905,0.4,442,118,0.798,"39,627","37,700",0.406,"30,749","29,667",0.384,"47,191","44,000",0.404,"35,454","35,333",0.351
2,BE,339,  Rohrbachgraben,Total,234,0.099,421,45,0.864,"35,947","32,400",0.435,"26,853","22,817",0.428,"45,418","38,700",0.426,"32,212","29,145",0.380
2,BE,340,  Rütschelen,Total,339,0.177,521,120,0.771,"44,606","39,600",0.393,"33,594","29,857",0.374,"53,531","46,400",0.39,"38,874","37,000",0.338
2,BE,341,  Schwarzhäusern,Total,299,0.211,706,164,0.773,"48,692","48,000",0.398,"37,382","33,900",0.397,"57,190","51,500",0.39,"42,551","40,600",0.361
2,BE,342,  Thunstetten,Total,"1,977",1.574,796,165,0.811,"47,132","42,000",0.431,"36,383","33,300",0.410,"54,963","47,500",0.418,"41,217","38,733",0.376
2,BE,344,  Ursenbach,Total,573,0.234,409,86,0.801,"38,488","34,400",0.423,"30,018","27,000",0.415,"46,262","41,000",0.417,"34,722","32,778",0.377
2,BE,345,  Wynau,Total,966,0.766,793,143,0.83,"46,483","40,450",0.418,"36,242","32,177",0.401,"53,787","46,950",0.408,"40,835","37,400",0.368
2,BE,351,  Bern,Total,"89,358",127.475,"1,427",233,0.829,"54,186","45,300",0.475,"44,938","39,700",0.456,"60,140","49,800",0.46,"48,870","43,902",0.426
2,BE,352,  Bolligen,Total,"3,730",8.742,"2,344",458,0.811,"70,064","56,100",0.477,"51,922","45,000",0.450,"78,369","63,000",0.462,"57,023","50,400",0.421
2,BE,353,  Bremgarten bei Bern,Total,"2,653",6.589,"2,484",494,0.801,"72,357","58,200",0.478,"52,675","45,462",0.446,"81,204","65,700",0.465,"58,019","51,714",0.419
2,BE,354,  Kirchlindach,Total,"1,790",3.94,"2,201",438,0.809,"68,178","55,850",0.47,"50,952","43,450",0.440,"76,584","62,400",0.455,"56,149","49,952",0.410
2,BE,355,  Köniz,Total,"25,515",36.434,"1,428",273,0.815,"56,508","48,100",0.468,"43,952","40,000",0.444,"64,061","53,700",0.454,"48,682","45,100",0.413
2,BE,356,  Muri bei Bern,Total,"8,214",32,"3,896",515,0.846,"82,314","57,400",0.551,"61,210","47,098",0.516,"89,808","63,700",0.535,"65,870","52,283",0.491
2,BE,357,  Oberbalm,Total,537,0.425,791,135,0.832,"46,340","39,800",0.42,"36,186","30,900",0.412,"54,366","46,700",0.404,"41,083","36,100",0.371
2,BE,358,  Stettlen,Total,"1,945",3.374,"1,734",349,0.808,"62,353","51,100",0.463,"47,545","42,500",0.440,"70,341","57,000",0.448,"52,470","47,333",0.410
2,BE,359,  Vechigen,Total,"3,171",4.698,"1,482",297,0.799,"59,907","50,000",0.445,"44,555","40,385",0.414,"68,506","56,700",0.432,"49,777","46,100",0.383
2,BE,360,  Wohlen bei Bern,Total,"5,582",12.664,"2,269",339,0.841,"66,786","51,600",0.5,"49,133","41,133",0.467,"74,991","57,700",0.485,"54,151","46,900",0.438
2,BE,361,  Zollikofen,Total,"6,362",8.297,"1,304",268,0.801,"55,731","47,800",0.451,"43,126","39,800",0.427,"63,219","53,900",0.438,"47,789","44,600",0.396
2,BE,362,  Ittigen,Total,"7,250",11.026,"1,521",294,0.814,"57,651","48,800",0.464,"45,384","40,900",0.443,"64,876","54,950",0.445,"49,949","45,805",0.410
2,BE,363,  Ostermundigen,Total,"10,529",8.338,792,198,0.774,"47,346","43,800",0.433,"37,935","36,500",0.419,"54,111","48,800",0.421,"42,249","41,500",0.387
2,BE,371,  Biel/Bienne,Total,"35,075",24.387,695,127,0.823,"41,486","37,400",0.483,"33,620","31,000",0.469,"47,643","42,300",0.468,"37,590","35,900",0.434
2,BE,372,  Evilard,Total,"1,518",4.658,"3,069",455,0.843,"75,817","57,150",0.526,"54,391","44,283",0.496,"84,893","64,500",0.505,"59,807","50,000",0.464
2,BE,381,  Arch,Total,975,0.655,672,156,0.791,"45,961","42,500",0.417,"35,184","33,231",0.401,"53,974","48,800",0.408,"40,163","39,600",0.366
2,BE,382,  Büetigen,Total,504,0.396,785,200,0.76,"50,076","45,700",0.419,"37,743","36,781",0.399,"58,536","51,500",0.409,"42,939","41,902",0.364
2,BE,383,  Büren an der Aare,Total,"2,131",2.129,999,188,0.821,"50,051","44,200",0.449,"38,745","35,600",0.429,"57,847","49,600",0.436,"43,577","41,100",0.394
2,BE,385,  Diessbach bei Büren,Total,568,0.469,825,155,0.808,"48,374","42,950",0.434,"36,629","32,873",0.426,"57,653","51,200",0.415,"42,119","39,081",0.382
2,BE,386,  Dotzigen,Total,846,0.557,659,173,0.764,"48,042","45,450",0.397,"36,257","33,850",0.387,"56,728","51,000",0.389,"41,569","40,600",0.350
2,BE,387,  Lengnau (BE),Total,"3,026",2.445,808,169,0.816,"46,709","42,000",0.437,"36,214","33,800",0.421,"54,241","47,800",0.424,"40,926","39,000",0.386
2,BE,388,  Leuzigen,Total,771,0.502,651,167,0.769,"46,309","43,000",0.406,"35,874","34,200",0.390,"54,531","49,800",0.397,"40,891","39,467",0.354
2,BE,389,  Meienried,Total,33,0.029,869,338,0.679,"55,082","49,700",0.369,"42,643","41,733",0.342,"63,688","57,200",0.352,"48,429","46,867",0.312
2,BE,390,  Meinisberg,Total,793,0.615,776,191,0.774,"49,320","45,200",0.414,"36,965","35,750",0.392,"57,741","52,200",0.407,"42,028","41,600",0.359
2,BE,391,  Oberwil bei Büren,Total,485,0.311,642,177,0.751,"47,662","43,700",0.396,"35,617","34,200",0.371,"56,761","50,000",0.388,"41,086","40,000",0.336
2,BE,392,  Pieterlen,Total,"2,412",1.789,742,158,0.816,"45,589","41,400",0.44,"34,858","32,606",0.420,"53,538","47,150",0.428,"39,701","38,000",0.383
2,BE,393,  Rüti bei Büren,Total,551,0.296,537,158,0.753,"43,911","41,100",0.399,"34,739","33,200",0.380,"51,166","46,000",0.394,"39,402","37,600",0.348
2,BE,394,  Wengi,Total,361,0.35,970,173,0.817,"50,853","44,300",0.423,"39,463","34,500",0.418,"59,457","50,100",0.409,"44,635","39,667",0.379
2,BE,401,  Aefligen,Total,675,0.513,760,191,0.785,"48,504","43,600",0.398,"37,988","35,500",0.379,"56,401","49,600",0.393,"42,988","41,300",0.348
2,BE,402,  Alchenstorf,Total,370,0.25,676,153,0.79,"46,888","41,750",0.4,"35,803","32,900",0.381,"55,411","47,550",0.396,"41,031","38,600",0.349
2,BE,403,  Bäriswil,Total,634,0.965,"1,523",359,0.784,"61,493","53,850",0.44,"45,870","41,243",0.412,"69,990","60,900",0.428,"51,127","48,239",0.384
2,BE,404,  Burgdorf,Total,"10,531",9.457,898,168,0.817,"47,469","41,400",0.457,"37,066","34,100",0.429,"54,504","46,200",0.448,"41,458","39,400",0.400
2,BE,405,  Ersigen,Total,"1,017",0.941,925,193,0.795,"51,951","45,500",0.412,"39,027","36,000",0.388,"60,699","52,500",0.403,"44,354","41,000",0.355
2,BE,406,  Hasle bei Burgdorf,Total,"2,017",1.123,557,131,0.796,"42,949","39,500",0.409,"33,549","30,900",0.397,"50,707","45,500",0.4,"38,266","36,400",0.358
2,BE,407,  Heimiswil,Total,958,0.684,714,112,0.85,"43,920","40,100",0.434,"33,223","29,167",0.419,"52,764","46,850",0.421,"38,477","36,357",0.376
2,BE,408,  Hellsau,Total,115,0.061,529,143,0.764,"45,917","44,400",0.398,"33,873","33,300",0.388,"55,616","49,600",0.392,"39,605","38,250",0.350
2,BE,409,  Hindelbank,Total,"1,497",1.517,"1,013",265,0.778,"53,753","47,800",0.399,"42,180","39,700",0.381,"61,377","54,500",0.391,"46,928","44,533",0.350
2,BE,410,  Höchstetten,Total,168,0.109,646,139,0.816,"43,771","42,300",0.429,"32,932","30,611",0.410,"52,829","47,400",0.422,"38,329","37,111",0.368
2,BE,411,  Kernenried,Total,315,0.185,586,198,0.737,"47,231","46,000",0.382,"35,944","34,900",0.377,"55,917","51,900",0.377,"41,163","43,042",0.340
2,BE,412,  Kirchberg (BE),Total,"3,639",3.978,"1,093",208,0.803,"53,007","46,000",0.433,"40,857","37,600",0.409,"60,718","51,700",0.425,"45,637","42,400",0.379
2,BE,413,  Koppigen,Total,"1,299",1.01,777,185,0.783,"48,773","44,300",0.422,"36,780","35,300",0.391,"57,124","49,600",0.417,"41,898","40,600",0.361
2,BE,414,  Krauchthal,Total,"1,445",1.28,886,217,0.783,"51,094","47,100",0.407,"39,232","37,074",0.389,"59,238","53,100",0.401,"44,240","43,200",0.358
2,BE,415,  Lyssach,Total,884,1.007,"1,139",226,0.825,"53,368","46,800",0.412,"41,178","37,400",0.384,"61,001","53,200",0.403,"45,947","43,600",0.352
2,BE,416,  Mötschwil,Total,85,0.097,"1,137",132,0.891,"45,986","38,400",0.493,"34,798","31,700",0.448,"53,685","42,800",0.478,"39,384","36,389",0.408
2,BE,417,  Niederösch,Total,129,0.09,700,150,0.829,"47,311","42,100",0.4,"34,036","30,167",0.370,"57,173","48,200",0.396,"39,647","38,533",0.335
2,BE,418,  Oberburg,Total,"1,746",1.077,617,129,0.817,"43,126","39,800",0.427,"33,348","30,917",0.410,"50,798","44,800",0.419,"38,015","36,900",0.373
2,BE,419,  Oberösch,Total,61,0.042,686,178,0.775,"47,274","40,900",0.404,"37,133","32,000",0.410,"56,108","49,300",0.386,"42,520","38,700",0.366
2,BE,420,  Rüdtligen-Alchenflüh,Total,"1,490",0.877,588,180,0.76,"45,075","41,950",0.387,"35,735","34,050",0.378,"52,739","47,600",0.38,"40,450","39,707",0.343
2,BE,421,  Rumendingen,Total,48,0.015,313,165,0.659,"44,221","46,100",0.268,"35,225","34,903",0.290,"52,613","51,100",0.272,"40,483","40,800",0.249
2,BE,422,  Rüti bei Lyssach,Total,106,0.058,548,191,0.737,"46,499","44,750",0.369,"36,934","35,427",0.368,"54,951","49,700",0.372,"41,973","42,613",0.332
2,BE,423,  Willadingen,Total,127,0.079,621,194,0.732,"47,967","45,900",0.396,"36,939","34,600",0.387,"56,271","48,600",0.395,"42,066","41,700",0.355
2,BE,424,  Wynigen,Total,"1,223",0.711,581,112,0.822,"42,617","38,300",0.42,"32,409","29,000",0.395,"51,065","44,600",0.411,"37,521","34,667",0.356
2,BE,431,  Corgémont,Total,982,0.746,760,151,0.811,"46,642","41,500",0.44,"34,859","32,781",0.412,"55,284","47,300",0.431,"40,070","38,254",0.378
2,BE,432,  Cormoret,Total,290,0.275,950,166,0.843,"47,879","43,850",0.466,"35,668","33,083",0.446,"56,490","49,300",0.451,"40,854","39,600",0.405
2,BE,433,  Cortébert,Total,430,0.337,784,121,0.854,"44,611","38,550",0.46,"33,288","30,817",0.426,"52,673","42,450",0.45,"38,219","36,567",0.393
2,BE,434,  Courtelary,Total,811,0.607,748,119,0.82,"46,040","39,600",0.456,"34,023","31,000",0.425,"54,456","46,400",0.449,"39,080","36,867",0.392
2,BE,435,  La Ferrière,Total,347,0.286,823,115,0.851,"45,203","38,800",0.457,"34,632","30,200",0.436,"53,249","44,200",0.447,"39,508","35,889",0.401
2,BE,437,  Mont-Tramelan,Total,66,0.069,"1,040",71,0.912,"44,314","36,650",0.479,"32,156","25,902",0.450,"54,567","43,700",0.454,"37,983","31,000",0.401
2,BE,438,  Orvin,Total,761,0.768,"1,009",161,0.854,"48,596","42,100",0.464,"37,301","33,333",0.444,"56,382","48,100",0.454,"42,070","39,500",0.410
2,BE,441,  Renan (BE),Total,566,0.295,520,120,0.8,"41,794","37,500",0.421,"32,779","29,800",0.409,"49,826","43,350",0.413,"37,763","35,600",0.372
2,BE,442,  Romont (BE),Total,130,0.102,788,294,0.725,"51,584","50,050",0.373,"39,878","38,300",0.350,"59,699","55,600",0.377,"45,092","44,900",0.327
2,BE,443,  Saint-Imier,Total,"3,196",2.393,749,121,0.847,"42,584","37,850",0.479,"33,162","30,700",0.451,"49,772","42,400",0.467,"37,665","36,200",0.416
2,BE,444,  Sonceboz-Sombeval,Total,"1,119",0.689,616,151,0.78,"45,623","42,300",0.429,"33,625","32,467",0.400,"54,393","47,800",0.428,"38,805","39,100",0.368
2,BE,445,  Sonvilier,Total,773,0.374,484,94,0.816,"39,526","36,200",0.448,"30,255","28,800",0.427,"47,873","42,200",0.442,"35,184","34,733",0.389
2,BE,446,  Tramelan,Total,"2,631",1.94,737,130,0.832,"45,063","39,700",0.443,"34,217","31,100",0.416,"53,230","44,900",0.438,"39,184","37,000",0.383
2,BE,448,  Villeret,Total,562,0.508,905,138,0.831,"46,983","39,800",0.483,"34,809","32,156",0.447,"54,965","45,550",0.473,"39,658","36,967",0.416
2,BE,449,  Sauge,Total,520,0.511,983,127,0.857,"46,536","38,650",0.489,"35,154","30,500",0.461,"53,762","43,400",0.477,"39,682","35,294",0.430
2,BE,450,  Péry-La Heutte,Total,"1,200",0.789,658,147,0.781,"45,713","41,200",0.43,"35,168","32,917",0.412,"53,769","48,000",0.423,"40,057","38,933",0.379
2,BE,491,  Brüttelen,Total,350,0.358,"1,024",170,0.846,"49,487","42,150",0.441,"37,913","34,200",0.416,"57,007","48,150",0.429,"42,725","39,850",0.383
2,BE,492,  Erlach,Total,888,1.099,"1,238",254,0.802,"55,128","46,700",0.442,"42,546","38,823",0.411,"62,870","51,250",0.433,"47,414","44,500",0.385
2,BE,493,  Finsterhennen,Total,276,0.177,642,172,0.76,"48,305","44,000",0.404,"34,757","33,319",0.382,"58,414","53,450",0.4,"40,622","39,395",0.348
2,BE,494,  Gals,Total,477,0.64,"1,342",207,0.821,"56,113","47,000",0.456,"42,103","36,700",0.434,"64,533","54,500",0.445,"47,210","42,952",0.404
2,BE,495,  Gampelen,Total,503,0.526,"1,046",215,0.796,"53,160","46,500",0.424,"40,568","37,400",0.409,"61,507","52,800",0.415,"45,727","44,476",0.376
2,BE,496,  Ins,Total,"1,969",2.404,"1,221",208,0.816,"55,271","47,400",0.448,"40,915","37,190",0.423,"64,277","54,000",0.438,"46,285","42,933",0.390
2,BE,497,  Lüscherz,Total,367,0.493,"1,342",200,0.835,"54,393","44,800",0.455,"43,504","38,500",0.441,"61,468","49,400",0.442,"48,096","42,056",0.411
2,BE,498,  Müntschemier,Total,735,0.619,842,177,0.797,"50,296","43,300",0.414,"37,185","34,333",0.390,"59,688","50,200",0.402,"42,861","40,238",0.356
2,BE,499,  Siselen,Total,352,0.234,664,176,0.754,"47,643","43,300",0.405,"36,356","34,150",0.394,"55,974","50,400",0.391,"41,579","40,000",0.356
2,BE,500,  Treiten,Total,244,0.259,"1,060",194,0.794,"54,602","45,850",0.415,"39,761","36,300",0.384,"64,477","52,250",0.408,"45,650","41,750",0.352
2,BE,501,  Tschugg,Total,259,0.236,913,201,0.774,"51,154","49,000",0.427,"38,992","34,833",0.409,"59,420","55,100",0.414,"44,130","42,000",0.374
2,BE,502,  Vinelz,Total,511,0.577,"1,128",273,0.776,"55,959","50,700",0.424,"42,132","38,333",0.409,"64,680","56,400",0.417,"47,449","45,100",0.380
2,BE,532,  Bangerten,Total,102,0.076,750,154,0.736,"49,052","40,650",0.395,"40,696","33,967",0.395,"55,966","48,100",0.383,"45,203","39,167",0.361
2,BE,533,  Bätterkinden,Total,"1,951",1.905,976,212,0.79,"52,429","46,300",0.427,"39,292","37,600",0.398,"60,721","52,800",0.42,"44,347","43,125",0.368
2,BE,535,  Deisswil bei Münchenbuchsee,Total,65,0.082,"1,259",198,0.809,"51,775","47,900",0.484,"42,356","36,389",0.465,"57,802","51,100",0.47,"46,364","43,500",0.436
2,BE,536,  Diemerswil,Total,118,0.227,"1,924",170,0.879,"59,014","41,000",0.52,"41,506","34,542",0.490,"68,860","51,100",0.496,"47,247","38,400",0.448
2,BE,538,  Fraubrunnen,Total,"2,889",3.112,"1,077",209,0.793,"54,768","46,600",0.425,"40,704","37,300",0.399,"63,599","53,200",0.417,"46,047","43,000",0.368
2,BE,540,  Jegenstorf,Total,"3,347",4.283,"1,280",278,0.787,"57,768","49,600",0.438,"42,838","39,400",0.409,"66,232","56,300",0.428,"47,985","45,267",0.381
2,BE,541,  Iffwil,Total,254,0.261,"1,026",170,0.819,"50,748","43,150",0.462,"37,554","32,833",0.445,"60,038","50,550",0.444,"43,071","38,500",0.406
2,BE,543,  Mattstetten,Total,349,0.49,"1,403",371,0.786,"59,499","52,200",0.427,"45,320","42,300",0.410,"67,682","60,400",0.405,"50,462","48,300",0.374
2,BE,544,  Moosseedorf,Total,"2,465",2.386,968,209,0.79,"51,224","45,400",0.425,"39,887","38,444",0.400,"58,779","51,200",0.414,"44,575","43,125",0.368
2,BE,546,  Münchenbuchsee,Total,"6,111",7.763,"1,270",217,0.828,"54,742","46,500",0.454,"42,005","38,200",0.431,"62,570","52,300",0.442,"46,829","43,500",0.399
2,BE,551,  Urtenen-Schönbühl,Total,"3,898",3.39,870,211,0.778,"50,214","46,000",0.415,"39,503","37,873",0.400,"57,923","52,200",0.403,"44,303","43,052",0.365
2,BE,552,  Utzenstorf,Total,"2,562",2.474,966,197,0.813,"50,974","45,250",0.425,"38,648","36,000",0.397,"59,197","50,700",0.416,"43,655","41,683",0.365
2,BE,553,  Wiggiswil,Total,54,0.047,873,516,0.661,"57,789","56,300",0.327,"43,954","42,033",0.321,"68,152","67,700",0.331,"50,280","52,808",0.291
2,BE,554,  Wiler bei Utzenstorf,Total,542,0.389,717,184,0.781,"48,030","44,650",0.387,"37,371","35,700",0.365,"55,808","49,150",0.382,"42,097","40,722",0.331
2,BE,556,  Zielebach,Total,209,0.223,"1,065",195,0.824,"51,678","44,200",0.414,"40,301","37,900",0.395,"59,012","50,900",0.4,"45,019","41,600",0.362
2,BE,557,  Zuzwil (BE),Total,328,0.486,"1,481",392,0.759,"63,130","55,200",0.416,"46,434","42,250",0.391,"72,660","62,400",0.408,"52,063","49,210",0.364
2,BE,561,  Adelboden,Total,"2,237",1.108,496,69,0.852,"37,386","32,700",0.464,"28,289","25,300",0.446,"45,291","39,600",0.45,"33,019","31,600",0.406
2,BE,562,  Aeschi bei Spiez,Total,"1,394",0.868,623,139,0.794,"43,442","39,350",0.443,"33,670","31,229",0.424,"51,047","44,600",0.432,"38,288","36,600",0.389
2,BE,563,  Frutigen,Total,"4,175",2.728,653,113,0.848,"42,136","37,400",0.434,"32,468","29,095",0.416,"50,018","43,600",0.419,"37,240","34,800",0.374
2,BE,564,  Kandergrund,Total,467,0.161,344,117,0.756,"38,705","36,600",0.362,"30,152","29,400",0.347,"46,592","43,800",0.354,"35,070","35,000",0.308
2,BE,565,  Kandersteg,Total,928,0.647,698,98,0.848,"40,748","35,450",0.487,"31,799","27,500",0.476,"47,125","40,450",0.472,"35,868","33,200",0.443
2,BE,566,  Krattigen,Total,712,0.651,915,180,0.831,"47,598","42,500",0.447,"36,448","34,783",0.425,"55,004","48,400",0.435,"41,093","39,467",0.392
2,BE,567,  Reichenbach im Kandertal,Total,"2,203",1.03,467,123,0.783,"41,102","38,000",0.406,"31,856","29,700",0.392,"48,990","44,400",0.396,"36,674","35,500",0.352
2,BE,571,  Beatenberg,Total,"1,108",0.407,367,0,0.887,"26,390","15,800",0.607,"21,378","11,900",0.606,"31,513","20,100",0.573,"24,693","17,000",0.559
2,BE,572,  Bönigen,Total,"1,601",1.002,626,175,0.773,"45,515","42,600",0.4,"35,605","34,300",0.381,"52,982","48,300",0.393,"40,290","40,056",0.348
2,BE,573,  Brienz (BE),Total,"2,052",1.085,529,120,0.792,"41,077","38,000",0.437,"32,110","30,219",0.417,"48,186","43,000",0.43,"36,529","36,000",0.384
2,BE,574,  Brienzwiler,Total,328,0.227,692,116,0.853,"41,679","36,850",0.434,"32,833","29,348",0.420,"48,758","42,300",0.424,"37,376","34,686",0.383
2,BE,575,  Därligen,Total,254,0.167,659,179,0.774,"46,669","42,050",0.376,"36,690","34,467",0.366,"54,383","49,900",0.369,"41,537","40,133",0.333
2,BE,576,  Grindelwald,Total,"2,591",2.046,790,119,0.851,"42,712","36,300",0.476,"33,373","29,600",0.455,"49,337","41,300",0.461,"37,611","35,067",0.422
2,BE,577,  Gsteigwiler,Total,281,0.172,610,132,0.802,"41,907","36,700",0.439,"33,715","31,200",0.418,"48,393","41,400",0.433,"37,851","36,722",0.387
2,BE,578,  Gündlischwand,Total,201,0.063,313,164,0.629,"40,718","42,600",0.34,"32,596","33,667",0.341,"48,305","48,600",0.328,"37,350","40,600",0.297
2,BE,579,  Habkern,Total,447,0.089,199,0,0.825,"28,745","25,700",0.467,"22,173","19,600",0.463,"36,314","34,100",0.448,"26,681","25,593",0.412
2,BE,580,  Hofstetten bei Brienz,Total,367,0.135,368,97,0.762,"38,541","35,800",0.399,"30,413","27,600",0.382,"45,848","42,000",0.395,"35,088","34,524",0.349
2,BE,581,  Interlaken,Total,"3,676",3.184,866,161,0.838,"45,631","40,200",0.443,"36,844","33,700",0.423,"52,011","44,900",0.43,"41,025","38,488",0.391
2,BE,582,  Iseltwald,Total,328,0.114,349,42,0.814,"33,839","27,550",0.489,"26,139","21,633",0.479,"40,518","32,400",0.476,"30,288","26,633",0.443
2,BE,584,  Lauterbrunnen,Total,"2,117",1.012,478,0,0.867,"32,282","23,400",0.557,"25,074","19,600",0.543,"37,969","27,100",0.539,"28,707","24,000",0.510
2,BE,585,  Leissigen,Total,645,0.49,760,177,0.8,"46,849","42,300",0.432,"36,497","34,833",0.416,"54,411","47,600",0.423,"41,233","40,333",0.384
2,BE,586,  Lütschental,Total,143,0.04,277,116,0.712,"36,760","37,000",0.361,"29,829","29,600",0.353,"43,873","42,400",0.361,"34,414","35,000",0.316
2,BE,587,  Matten bei Interlaken,Total,"2,522",1.466,581,170,0.771,"44,328","41,400",0.397,"34,951","34,500",0.372,"51,526","46,200",0.394,"39,560","39,300",0.342
2,BE,588,  Niederried bei Interlaken,Total,254,0.142,558,130,0.799,"39,395","36,500",0.462,"31,472","29,483",0.452,"45,506","41,450",0.443,"35,401","33,871",0.419
2,BE,589,  Oberried am Brienzersee,Total,325,0.128,394,146,0.742,"38,580","38,400",0.406,"31,493","31,500",0.393,"44,570","41,400",0.399,"35,444","36,000",0.362
2,BE,590,  Ringgenberg (BE),Total,"1,734",1.143,659,139,0.817,"42,863","37,900",0.455,"33,080","31,562",0.426,"50,216","43,150",0.444,"37,687","36,800",0.392
2,BE,591,  Saxeten,Total,69,0.014,205,0,0.822,"29,714","24,800",0.436,"23,666","20,867",0.408,"36,533","30,200",0.431,"28,099","26,067",0.374
2,BE,592,  Schwanden bei Brienz,Total,399,0.228,571,152,0.781,"42,255","37,200",0.433,"33,166","32,500",0.409,"49,119","42,900",0.422,"37,586","36,815",0.378
2,BE,593,  Unterseen,Total,"3,699",3.941,"1,066",197,0.823,"50,704","43,600",0.445,"39,456","36,300",0.416,"57,957","48,400",0.435,"44,103","41,524",0.385
2,BE,594,  Wilderswil,Total,"1,684",1.019,605,146,0.798,"43,137","39,900",0.43,"33,647","32,293",0.409,"50,377","45,000",0.425,"38,135","37,838",0.377
2,BE,602,  Arni (BE),Total,585,0.269,459,130,0.761,"41,056","38,900",0.401,"32,718","31,100",0.393,"49,018","44,500",0.393,"37,605","37,200",0.352
2,BE,603,  Biglen,Total,"1,105",0.854,773,155,0.814,"45,936","40,200",0.447,"34,944","32,600",0.419,"53,795","46,100",0.437,"39,789","38,381",0.385
2,BE,605,  Bowil,Total,842,0.274,325,108,0.747,"37,924","36,400",0.402,"29,470","28,317",0.393,"46,246","43,350",0.397,"34,484","34,333",0.352
2,BE,606,  Brenzikofen,Total,340,0.222,652,169,0.789,"45,723","42,100",0.404,"36,465","33,923",0.395,"53,319","48,050",0.4,"41,177","39,950",0.361
2,BE,607,  Freimettigen,Total,262,0.205,783,159,0.782,"49,710","44,300",0.426,"36,995","33,700",0.416,"58,498","51,200",0.412,"42,214","40,836",0.376
2,BE,608,  Grosshöchstetten,Total,"2,150",2.163,"1,006",202,0.808,"51,550","45,000",0.433,"39,230","36,074",0.411,"59,643","51,700",0.422,"44,194","41,641",0.379
2,BE,609,  Häutligen,Total,164,0.148,902,118,0.848,"45,746","39,000",0.474,"35,352","30,350",0.450,"53,674","42,850",0.458,"40,211","36,183",0.412
2,BE,610,  Herbligen,Total,348,0.282,810,159,0.822,"47,251","43,650",0.444,"35,448","33,650",0.428,"56,430","50,750",0.426,"40,919","38,483",0.385
2,BE,611,  Kiesen,Total,538,0.563,"1,046",261,0.779,"55,869","49,700",0.388,"42,173","39,500",0.365,"64,541","55,050",0.385,"47,384","44,876",0.335
2,BE,612,  Konolfingen,Total,"3,283",3.03,923,203,0.788,"50,578","45,100",0.427,"39,264","36,667",0.406,"58,232","50,400",0.418,"44,027","42,267",0.374
2,BE,613,  Landiswil,Total,383,0.158,413,48,0.854,"35,343","32,000",0.456,"27,497","23,133",0.453,"43,539","39,200",0.428,"32,447","30,056",0.398
2,BE,614,  Linden,Total,783,0.529,676,69,0.884,"39,261","31,700",0.485,"29,627","25,000",0.457,"47,527","38,500",0.465,"34,607","31,200",0.410
2,BE,615,  Mirchel,Total,349,0.249,713,190,0.773,"49,575","44,600",0.389,"36,471","34,600",0.364,"59,018","52,000",0.382,"41,916","41,067",0.327
2,BE,616,  Münsingen,Total,"7,287",8.931,"1,226",246,0.8,"55,478","48,200",0.446,"41,940","39,200",0.421,"63,603","54,200",0.433,"46,960","44,533",0.388
2,BE,617,  Niederhünigen,Total,372,0.273,734,159,0.803,"46,743","40,250",0.42,"35,626","32,550",0.399,"55,540","48,700",0.408,"40,889","37,700",0.361
2,BE,619,  Oberdiessbach,Total,"2,160",2.248,"1,041",155,0.845,"49,675","42,250",0.46,"37,951","32,976",0.438,"57,757","47,100",0.446,"42,908","39,024",0.403
2,BE,620,  Oberthal,Total,466,0.176,377,81,0.798,"37,178","34,550",0.428,"28,875","26,350",0.413,"45,378","40,450",0.416,"33,853","32,367",0.370
2,BE,622,  Oppligen,Total,403,0.353,875,161,0.808,"48,643","43,200",0.453,"36,389","33,900",0.421,"56,797","49,700",0.443,"41,263","38,800",0.390
2,BE,623,  Rubigen,Total,"1,815",2.124,"1,170",320,0.753,"57,493","50,700",0.411,"44,239","41,600",0.391,"65,698","57,200",0.401,"49,336","47,000",0.359
2,BE,624,  Schlosswil,Total,393,0.288,733,170,0.778,"47,839","43,200",0.412,"37,284","34,733",0.399,"56,014","49,800",0.396,"42,264","40,538",0.360
2,BE,625,  Tägertschi,Total,230,0.248,"1,076",180,0.826,"52,103","43,300",0.448,"37,846","34,681",0.399,"61,117","48,650",0.445,"43,170","40,762",0.373
2,BE,626,  Walkringen,Total,"1,137",0.569,501,109,0.795,"40,691","36,500",0.427,"32,084","28,300",0.419,"48,342","43,100",0.414,"36,796","34,300",0.378
2,BE,627,  Worb,Total,"7,098",8.563,"1,206",196,0.829,"52,292","44,200",0.474,"39,827","36,028",0.447,"59,965","50,000",0.458,"44,589","41,233",0.415
2,BE,628,  Zäziwil,Total,959,0.495,516,164,0.735,"44,743","42,800",0.399,"34,053","33,200",0.381,"53,038","48,900",0.396,"39,140","39,611",0.348
2,BE,629,  Oberhünigen,Total,180,0.072,398,101,0.778,"40,338","36,400",0.396,"30,923","27,141",0.401,"49,849","45,200",0.38,"36,354","34,531",0.346
2,BE,630,  Allmendingen,Total,343,1.356,"3,954",381,0.89,"81,164","54,000",0.575,"62,148","43,600",0.560,"89,056","60,300",0.554,"67,130","48,769",0.530
2,BE,632,  Wichtrach,Total,"2,500",2.711,"1,084",217,0.798,"54,307","47,750",0.421,"41,166","38,150",0.399,"62,636","53,500",0.41,"46,294","43,488",0.365
2,BE,661,  Clavaleyres,Total,35,0.005,153,0,0.721,"25,866","27,200",0.465,"22,127","17,600",0.489,"32,014","30,400",0.427,"25,845","26,407",0.419
2,BE,662,  Ferenbalm,Total,743,0.636,856,191,0.79,"50,200","46,700",0.415,"38,401","35,933",0.402,"58,349","53,000",0.402,"43,508","41,700",0.367
2,BE,663,  Frauenkappelen,Total,787,1.14,"1,449",297,0.798,"58,734","49,200",0.448,"44,371","39,667",0.413,"66,605","54,700",0.439,"49,311","45,200",0.387
2,BE,664,  Golaten,Total,185,0.237,"1,280",210,0.821,"55,128","42,600",0.436,"42,290","39,100",0.388,"62,713","48,000",0.424,"47,190","42,500",0.362
2,BE,665,  Gurbrü,Total,135,0.075,558,121,0.741,"46,530","41,200",0.39,"34,616","30,500",0.374,"55,531","48,600",0.389,"39,976","37,381",0.341
2,BE,666,  Kriechenwil,Total,261,0.193,739,154,0.811,"46,893","41,500",0.407,"35,829","32,300",0.382,"54,816","47,300",0.398,"40,715","38,300",0.349
2,BE,667,  Laupen,Total,"1,974",1.799,911,212,0.782,"50,110","44,450",0.433,"39,048","37,700",0.405,"57,187","49,400",0.426,"43,520","42,317",0.378
2,BE,668,  Mühleberg,Total,"1,758",2.104,"1,197",287,0.793,"55,929","50,000",0.418,"43,459","39,400",0.400,"63,754","55,500",0.409,"48,314","45,250",0.369
2,BE,669,  Münchenwiler,Total,273,0.241,883,201,0.793,"51,203","45,100",0.421,"38,281","36,400",0.407,"60,356","54,800",0.405,"43,795","41,722",0.369
2,BE,670,  Neuenegg,Total,"3,213",2.877,895,208,0.777,"50,969","46,500",0.416,"39,435","37,200",0.399,"58,839","52,500",0.405,"44,314","42,600",0.365
2,BE,671,  Wileroltigen,Total,224,0.13,581,148,0.738,"45,575","41,450",0.43,"34,577","32,250",0.409,"54,169","51,700",0.417,"39,818","39,500",0.375
2,BE,681,  Belprahon,Total,198,0.222,"1,121",181,0.844,"51,363","44,000",0.457,"38,155","35,200",0.425,"59,041","51,150",0.451,"42,847","39,800",0.397
2,BE,683,  Champoz,Total,91,0.073,801,110,0.803,"48,900","41,100",0.442,"34,017","28,900",0.402,"59,192","53,200",0.427,"39,907","37,810",0.363
2,BE,687,  Corcelles (BE),Total,141,0.069,491,123,0.771,"40,476","39,000",0.437,"31,345","30,600",0.406,"48,027","44,200",0.426,"36,100","33,632",0.374
2,BE,690,  Court,Total,850,0.687,808,126,0.835,"46,436","40,200",0.445,"35,047","30,000",0.425,"55,035","45,300",0.438,"40,174","36,117",0.391
2,BE,691,  Crémines,Total,330,0.295,894,100,0.882,"44,589","38,000",0.463,"35,350","28,650",0.466,"52,114","44,450",0.453,"39,914","35,679",0.429
2,BE,692,  Eschert,Total,243,0.233,958,133,0.866,"47,089","40,700",0.452,"35,750","31,067",0.427,"54,992","46,400",0.45,"40,645","37,400",0.399
2,BE,694,  Grandval,Total,239,0.14,584,146,0.787,"44,649","42,400",0.405,"33,910","33,000",0.366,"53,033","46,200",0.406,"39,138","38,389",0.340
2,BE,696,  Loveresse,Total,190,0.151,793,170,0.809,"48,102","45,050",0.425,"35,867","32,687",0.417,"57,588","51,150",0.412,"41,544","39,400",0.377
2,BE,700,  Moutier,Total,"4,713",3.217,682,117,0.834,"42,956","38,000",0.457,"32,979","30,308",0.429,"50,293","43,200",0.449,"37,556","36,000",0.398
2,BE,701,  Perrefitte,Total,277,0.247,893,130,0.882,"43,918","38,300",0.464,"33,862","30,400",0.452,"52,004","44,800",0.452,"38,768","35,733",0.412
2,BE,703,  Reconvilier,Total,"1,429",0.792,554,105,0.808,"41,594","38,400",0.444,"32,021","29,188",0.424,"49,108","43,400",0.438,"36,670","35,524",0.390
2,BE,704,  Roches (BE),Total,147,0.084,575,84,0.855,"38,829","34,600",0.446,"30,045","27,133",0.414,"45,905","41,900",0.448,"34,565","33,385",0.389
2,BE,706,  Saicourt,Total,381,0.185,486,127,0.781,"41,436","39,600",0.418,"32,204","31,600",0.418,"49,763","44,900",0.404,"37,216","36,800",0.372
2,BE,707,  Saules (BE),Total,92,0.031,338,125,0.729,"40,075","37,300",0.39,"30,364","30,156",0.382,"49,059","44,300",0.38,"35,625","36,600",0.335
2,BE,708,  Schelten,Total,29,0.014,480,0,0.952,"23,659","17,500",0.569,"19,271","16,800",0.546,"28,976","19,900",0.555,"22,549","19,900",0.508
2,BE,709,  Seehof,Total,45,0.005,121,50,0.681,"29,958","28,500",0.335,"24,028","23,100",0.327,"37,164","35,000",0.349,"28,118","27,267",0.283
2,BE,711,  Sorvilier,Total,186,0.087,467,174,0.704,"43,156","42,900",0.384,"35,087","34,619",0.385,"50,515","47,500",0.366,"39,872","40,233",0.341
2,BE,713,  Tavannes,Total,"2,226",1.316,591,108,0.825,"41,156","36,950",0.461,"31,754","29,667",0.434,"48,557","41,400",0.454,"36,363","35,139",0.401
2,BE,715,  Rebévelier,Total,22,0.003,134,67,0.704,"32,282","30,300",0.358,"22,860","23,000",0.307,"43,373","37,700",0.407,"28,500","29,550",0.286
2,BE,716,  Petit-Val,Total,237,0.084,353,68,0.801,"37,744","34,400",0.419,"28,542","25,600",0.416,"46,992","42,800",0.407,"33,928","31,867",0.369
2,BE,717,  Valbirse,Total,"2,418",1.472,609,122,0.805,"43,358","38,300",0.446,"32,353","29,882",0.412,"51,652","43,800",0.443,"37,425","35,467",0.383
2,BE,723,  La Neuveville,Total,"2,443",3.459,"1,416",194,0.841,"54,404","44,100",0.494,"41,258","36,600",0.463,"61,695","48,900",0.484,"45,804","41,333",0.436
2,BE,724,  Nods,Total,482,0.503,"1,044",164,0.844,"49,829","42,100",0.47,"37,463","33,094",0.441,"58,086","48,450",0.463,"42,422","40,100",0.409
2,BE,726,  Plateau de Diesse,Total,"1,249",4.028,"3,225",163,0.948,"69,176","42,300",0.606,"48,203","33,476",0.557,"77,576","48,200",0.582,"53,290","39,000",0.518
2,BE,731,  Aegerten,Total,"1,133",0.852,752,195,0.78,"48,192","43,400",0.408,"37,257","36,300",0.390,"55,819","49,200",0.399,"41,984","41,533",0.357
2,BE,732,  Bellmund,Total,948,2.246,"2,369",378,0.82,"70,513","54,950",0.48,"49,911","42,804",0.445,"80,159","62,550",0.469,"55,646","49,100",0.418
2,BE,733,  Brügg,Total,"2,657",2.032,765,162,0.811,"44,878","41,600",0.458,"35,426","33,600",0.443,"51,923","46,600",0.444,"39,856","39,462",0.407
2,BE,734,  Bühl,Total,285,0.345,"1,209",203,0.82,"53,883","46,600",0.429,"42,821","37,333",0.411,"61,046","51,500",0.42,"47,417","42,400",0.383
2,BE,735,  Epsach,Total,198,0.155,782,144,0.832,"45,684","42,300",0.425,"35,798","32,074",0.422,"54,473","47,600",0.401,"41,236","38,222",0.375
2,BE,736,  Hagneck,Total,263,0.166,633,254,0.688,"49,062","49,000",0.388,"37,720","40,200",0.373,"56,578","53,000",0.383,"42,495","44,400",0.345
2,BE,737,  Hermrigen,Total,187,0.146,780,210,0.745,"50,535","43,900",0.389,"39,577","38,267",0.365,"58,445","51,000",0.378,"44,650","42,700",0.334
2,BE,738,  Jens,Total,423,0.519,"1,226",197,0.8,"55,000","46,200",0.459,"40,496","36,500",0.430,"63,570","53,600",0.449,"45,703","40,900",0.402
2,BE,739,  Ipsach,Total,"2,509",3.515,"1,401",254,0.821,"56,606","48,300",0.464,"42,410","38,533",0.434,"64,475","53,100",0.456,"47,265","44,500",0.406
2,BE,740,  Ligerz,Total,360,0.932,"2,590",204,0.874,"65,833","47,050",0.54,"50,116","39,304",0.509,"73,231","52,400",0.52,"54,825","45,050",0.478
2,BE,741,  Merzligen,Total,252,0.281,"1,116",299,0.761,"56,483","48,650",0.414,"41,176","39,167",0.372,"64,699","54,100",0.414,"46,198","45,050",0.352
2,BE,742,  Mörigen,Total,545,1.67,"3,065",376,0.843,"73,820","51,400",0.531,"53,645","43,600",0.486,"81,788","56,600",0.517,"58,588","47,900",0.462
2,BE,743,  Nidau,Total,"4,563",3.392,743,152,0.816,"42,835","38,300",0.474,"34,868","33,000",0.458,"49,054","43,500",0.457,"38,883","37,400",0.424
2,BE,744,  Orpund,Total,"1,659",1.136,685,183,0.773,"46,224","43,100",0.423,"35,802","35,200",0.398,"53,535","47,700",0.414,"40,398","40,300",0.367
2,BE,745,  Port,Total,"2,234",3.546,"1,587",275,0.826,"59,063","49,250",0.461,"44,945","39,838",0.432,"66,801","54,500",0.45,"49,807","45,127",0.404
2,BE,746,  Safnern,Total,"1,190",1.191,"1,001",181,0.815,"51,001","44,550",0.445,"38,184","34,550",0.424,"59,430","51,200",0.436,"43,293","40,926",0.392
2,BE,747,  Scheuren,Total,271,0.234,865,200,0.771,"51,591","45,400",0.419,"37,955","35,600",0.372,"59,943","50,800",0.424,"42,923","41,567",0.352
2,BE,748,  Schwadernau,Total,402,0.429,"1,067",187,0.841,"50,090","44,350",0.457,"37,323","35,000",0.430,"58,415","51,050",0.446,"42,460","40,233",0.398
2,BE,749,  Studen (BE),Total,"1,894",1.716,906,220,0.78,"51,682","47,300",0.398,"40,563","37,667",0.391,"59,607","53,900",0.391,"45,467","43,767",0.357
2,BE,750,  Sutz-Lattrigen,Total,876,1.197,"1,366",216,0.812,"56,218","46,450",0.469,"41,730","37,823",0.432,"64,540","52,000",0.458,"46,821","42,800",0.404
2,BE,751,  Täuffelen,Total,"1,698",2.166,"1,275",227,0.817,"55,694","47,550",0.444,"42,287","37,483",0.424,"63,797","53,400",0.431,"47,310","43,300",0.392
2,BE,754,  Walperswil,Total,601,0.576,958,195,0.802,"52,238","45,500",0.403,"40,000","35,533",0.385,"60,734","52,400",0.4,"45,217","42,810",0.355
2,BE,755,  Worben,Total,"1,387",1.389,"1,002",197,0.824,"50,889","45,300",0.44,"38,232","36,333",0.412,"59,157","50,200",0.43,"43,328","42,200",0.379
2,BE,756,  Twann-Tüscherz,Total,782,1.618,"2,069",203,0.884,"60,081","44,700",0.527,"48,016","36,350",0.519,"67,094","50,050",0.507,"52,542","41,767",0.486
2,BE,761,  Därstetten,Total,536,0.196,366,79,0.805,"36,623","33,350",0.424,"28,639","25,883",0.409,"44,246","38,250",0.417,"33,349","31,167",0.370
2,BE,762,  Diemtigen,Total,"1,349",0.757,561,89,0.853,"39,777","34,400",0.44,"30,753","26,810",0.427,"48,018","41,800",0.422,"35,739","33,200",0.380
2,BE,763,  Erlenbach im Simmental,Total,"1,122",0.557,497,98,0.82,"38,550","34,050",0.445,"30,473","28,233",0.423,"45,600","39,850",0.431,"34,926","32,967",0.386
2,BE,766,  Oberwil im Simmental,Total,500,0.147,294,59,0.809,"34,475","31,450",0.42,"26,139","23,483",0.402,"42,643","38,200",0.4,"31,238","29,952",0.352
2,BE,767,  Reutigen,Total,620,0.332,536,186,0.737,"44,574","42,650",0.392,"34,843","33,857",0.382,"52,404","48,550",0.385,"39,702","40,033",0.347
2,BE,768,  Spiez,Total,"8,129",7.951,978,199,0.805,"49,923","44,000",0.448,"38,643","36,400",0.423,"57,140","49,700",0.437,"43,182","41,300",0.393
2,BE,769,  Wimmis,Total,"1,507",0.758,503,155,0.746,"43,416","41,100",0.399,"34,009","33,100",0.379,"50,884","46,100",0.392,"38,676","38,400",0.343
2,BE,770,  Stocken-Höfen,Total,599,0.309,517,128,0.787,"41,592","38,800",0.428,"32,265","30,900",0.423,"49,902","46,300",0.411,"37,339","36,867",0.376
2,BE,782,  Guttannen,Total,178,0.083,466,143,0.735,"43,269","42,000",0.409,"32,425","31,156",0.396,"51,147","47,600",0.394,"37,261","38,550",0.362
2,BE,783,  Hasliberg,Total,717,0.276,385,69,0.809,"36,328","33,500",0.462,"27,637","24,600",0.458,"44,365","40,000",0.444,"32,457","31,048",0.412
2,BE,784,  Innertkirchen,Total,661,0.352,533,122,0.769,"42,211","38,100",0.434,"32,597","30,400",0.418,"49,573","45,000",0.422,"37,248","35,800",0.383
2,BE,785,  Meiringen,Total,"2,930",2.11,720,174,0.792,"46,735","43,100",0.413,"36,054","34,500",0.390,"54,533","48,700",0.408,"40,892","40,390",0.358
2,BE,786,  Schattenhalb,Total,351,0.152,432,131,0.748,"41,324","38,000",0.383,"32,527","30,000",0.370,"49,014","45,200",0.378,"37,264","36,400",0.332
2,BE,791,  Boltigen,Total,852,0.251,295,65,0.806,"34,016","32,400",0.415,"27,212","24,000",0.411,"41,282","38,400",0.4,"31,793","30,370",0.364
2,BE,792,  Lenk,Total,"1,606",0.898,559,80,0.848,"38,513","34,600",0.468,"29,529","26,783",0.452,"45,928","40,350",0.453,"34,084","32,894",0.413
2,BE,793,  St. Stephan,Total,841,0.286,340,93,0.767,"37,705","36,500",0.4,"29,273","26,900",0.390,"45,748","42,400",0.39,"34,258","33,800",0.346
2,BE,794,  Zweisimmen,Total,"2,007",1.365,680,117,0.831,"42,624","37,100",0.456,"32,684","29,600",0.432,"49,933","43,200",0.442,"37,233","35,400",0.398
2,BE,841,  Gsteig,Total,647,0.779,"1,204",123,0.894,"46,741","37,700",0.494,"37,261","30,500",0.485,"54,011","43,200",0.474,"41,813","36,800",0.445
2,BE,842,  Lauenen,Total,573,0.769,"1,342",47,0.926,"43,079","30,000",0.563,"32,936","23,267",0.546,"50,678","39,200",0.533,"37,463","28,500",0.500
2,BE,843,  Saanen,Total,"5,129",27.781,"5,416",108,0.958,"82,496","35,400",0.73,"62,546","28,333",0.715,"89,025","40,100",0.704,"66,585","33,900",0.684
2,BE,852,  Guggisberg,Total,968,0.265,274,40,0.811,"32,775","30,300",0.436,"25,518","22,700",0.431,"40,994","36,950",0.412,"30,550","28,633",0.374
2,BE,853,  Rüschegg,Total,"1,074",0.604,563,112,0.818,"41,000","36,800",0.43,"32,458","29,000",0.418,"48,243","43,400",0.416,"37,062","34,500",0.381
2,BE,855,  Schwarzenburg,Total,"4,383",2.993,683,151,0.797,"45,134","40,200",0.437,"34,863","32,500",0.415,"52,926","45,900",0.427,"39,683","38,200",0.380
2,BE,861,  Belp,Total,"7,102",8.234,"1,159",281,0.786,"55,226","49,000",0.428,"42,535","40,200",0.403,"63,037","54,900",0.419,"47,398","45,225",0.374
2,BE,863,  Burgistein,Total,680,0.465,684,133,0.804,"44,799","39,600",0.434,"34,704","31,400",0.413,"52,493","45,800",0.424,"39,516","36,783",0.380
2,BE,865,  Gelterfingen,Total,184,0.104,568,227,0.688,"45,295","44,900",0.367,"38,636","37,200",0.372,"51,289","49,750",0.353,"42,699","42,250",0.339
2,BE,866,  Gerzensee,Total,714,1.777,"2,488",216,0.881,"66,266","46,650",0.525,"49,103","38,033",0.495,"74,838","53,150",0.507,"54,319","44,633",0.463
2,BE,867,  Gurzelen,Total,501,0.351,700,105,0.849,"43,555","36,600",0.444,"32,864","29,400",0.420,"52,350","44,300",0.431,"38,057","34,722",0.378
2,BE,868,  Jaberg,Total,173,0.135,782,193,0.723,"49,755","46,500",0.429,"39,325","36,100",0.405,"56,761","50,400",0.421,"43,747","41,000",0.378
2,BE,869,  Kaufdorf,Total,607,0.656,"1,081",230,0.781,"55,436","48,400",0.43,"39,901","37,200",0.400,"64,957","57,400",0.42,"45,517","44,200",0.368
2,BE,870,  Kehrsatz,Total,"2,396",3.55,"1,481",223,0.819,"57,199","48,250",0.483,"42,518","37,000",0.462,"65,593","54,650",0.464,"47,599","43,767",0.428
2,BE,872,  Kirchdorf (BE),Total,603,0.595,986,196,0.776,"52,826","47,800",0.421,"40,799","36,467",0.406,"61,044","53,700",0.411,"45,812","42,533",0.373
2,BE,873,  Kirchenthurnen,Total,178,0.106,596,185,0.755,"45,819","42,250",0.359,"37,035","36,650",0.342,"52,496","46,700",0.354,"41,302","40,433",0.308
2,BE,874,  Lohnstorf,Total,134,0.1,748,137,0.811,"47,144","40,400",0.444,"33,947","30,267",0.412,"56,544","48,850",0.431,"39,439","36,340",0.371
2,BE,875,  Mühledorf (BE),Total,138,0.265,"1,917",246,0.857,"61,770","48,950",0.489,"44,057","38,167",0.453,"71,353","57,100",0.467,"49,591","43,883",0.416
2,BE,876,  Mühlethurnen,Total,865,0.73,844,197,0.772,"50,520","45,700",0.432,"37,396","35,615",0.401,"58,913","52,700",0.426,"42,511","41,700",0.371
2,BE,877,  Niedermuhlern,Total,296,0.203,684,135,0.823,"43,104","38,300",0.435,"34,501","30,200",0.414,"50,846","43,250",0.407,"39,352","35,417",0.368
2,BE,878,  Noflen,Total,175,0.065,372,150,0.668,"44,319","44,600",0.335,"34,359","33,000",0.321,"53,013","49,600",0.351,"39,539","39,600",0.290
2,BE,879,  Riggisberg,Total,"1,531",1.39,908,153,0.843,"46,812","39,600",0.461,"35,588","32,500",0.432,"54,668","45,400",0.448,"40,426","38,000",0.397
2,BE,880,  Rüeggisberg,Total,"1,148",0.586,510,103,0.806,"40,282","37,150",0.436,"31,404","28,433",0.421,"48,068","42,800",0.422,"36,183","34,700",0.379
2,BE,881,  Rümligen,Total,278,0.218,784,200,0.776,"49,685","43,350",0.392,"38,510","36,517",0.366,"57,211","47,750",0.389,"43,257","41,333",0.340
2,BE,883,  Seftigen,Total,"1,346",1.27,943,187,0.815,"50,303","43,900",0.432,"38,056","35,817",0.401,"58,194","50,400",0.422,"42,944","41,074",0.370
2,BE,884,  Toffen,Total,"1,566",1.795,"1,146",255,0.783,"55,300","48,050",0.433,"42,057","38,967",0.408,"63,304","54,900",0.425,"46,986","44,033",0.379
2,BE,885,  Uttigen,Total,"1,163",1.188,"1,021",240,0.789,"53,910","48,000",0.424,"40,080","38,800",0.391,"62,495","53,500",0.418,"45,230","44,533",0.360
2,BE,886,  Wattenwil,Total,"1,780",0.918,515,120,0.802,"40,994","38,000",0.433,"31,583","29,610",0.416,"48,964","43,650",0.419,"36,411","35,400",0.375
2,BE,888,  Wald (BE),Total,713,0.732,"1,027",213,0.782,"53,105","46,000",0.423,"40,695","37,133",0.403,"61,666","53,000",0.409,"45,819","42,600",0.368
2,BE,901,  Eggiwil,Total,"1,442",0.488,339,54,0.831,"35,635","32,050",0.405,"27,440","23,852",0.398,"44,356","40,000",0.391,"32,611","30,383",0.346
2,BE,902,  Langnau im Emmental,Total,"5,766",3.577,620,143,0.802,"43,677","39,600",0.42,"34,280","32,300",0.398,"51,180","44,650",0.411,"38,912","37,550",0.363
2,BE,903,  Lauperswil,Total,"1,655",0.873,528,110,0.834,"40,295","36,100",0.414,"31,348","28,667",0.400,"48,151","42,700",0.404,"36,173","34,133",0.360
2,BE,904,  Röthenbach im Emmental,Total,729,0.23,316,45,0.85,"33,622","30,800",0.423,"25,972","22,700",0.419,"41,935","37,600",0.416,"30,874","29,000",0.371
2,BE,905,  Rüderswil,Total,"1,462",0.913,625,120,0.847,"41,976","37,250",0.419,"32,852","29,767",0.400,"49,859","42,450",0.413,"37,665","35,578",0.363
2,BE,906,  Schangnau,Total,524,0.164,314,58,0.824,"35,239","31,650",0.402,"27,026","23,900",0.392,"44,183","39,550",0.391,"32,401","29,976",0.345
2,BE,907,  Signau,Total,"1,698",0.677,399,97,0.784,"39,090","36,200",0.405,"30,538","27,483",0.389,"46,747","41,950",0.4,"35,268","33,667",0.351
2,BE,908,  Trub,Total,804,0.181,226,25,0.828,"31,920","28,950",0.417,"24,411","21,100",0.408,"40,722","36,350",0.409,"29,515","27,528",0.357
2,BE,909,  Trubschachen,Total,866,0.342,394,76,0.821,"37,358","33,800",0.426,"28,825","25,606",0.412,"45,269","39,200",0.415,"33,638","31,756",0.372
2,BE,921,  Amsoldingen,Total,506,0.483,955,158,0.826,"48,943","41,200",0.458,"37,579","33,150",0.436,"56,747","48,550",0.443,"42,400","39,696",0.402
2,BE,922,  Blumenstein,Total,759,0.424,559,141,0.774,"44,062","40,100",0.402,"33,800","31,944",0.380,"51,750","46,200",0.395,"38,610","37,600",0.346
2,BE,923,  Buchholterberg,Total,937,0.597,637,119,0.833,"43,299","38,200",0.427,"32,366","29,444",0.396,"51,656","44,300",0.417,"37,413","35,722",0.359
2,BE,924,  Eriz,Total,322,0.063,196,63,0.733,"31,840","29,100",0.392,"25,864","24,336",0.392,"39,211","35,800",0.375,"30,457","28,900",0.339
2,BE,925,  Fahrni,Total,468,0.284,608,127,0.795,"45,338","39,750",0.407,"34,191","30,758",0.391,"54,274","48,050",0.395,"39,592","37,540",0.350
2,BE,927,  Heiligenschwendi,Total,440,0.307,697,123,0.815,"43,907","39,350",0.452,"33,972","30,517",0.435,"51,511","45,150",0.436,"38,685","35,500",0.396
2,BE,928,  Heimberg,Total,"4,199",3.384,806,198,0.782,"48,958","45,300",0.409,"38,054","36,600",0.388,"56,584","50,900",0.401,"42,833","41,800",0.356
2,BE,929,  Hilterfingen,Total,"2,671",6.49,"2,430",275,0.858,"65,822","47,200",0.527,"48,851","39,700",0.483,"73,290","52,300",0.512,"53,543","45,000",0.454
2,BE,931,  Homberg,Total,282,0.139,493,61,0.843,"40,360","35,850",0.436,"29,659","25,000",0.429,"50,230","44,450",0.423,"35,340","33,300",0.379
2,BE,932,  Horrenbach-Buchen,Total,143,0.034,235,35,0.826,"31,776","30,100",0.401,"25,410","22,267",0.417,"39,901","38,200",0.38,"30,336","27,533",0.354
2,BE,934,  Oberhofen am Thunersee,Total,"1,596",3.198,"2,004",330,0.816,"63,787","50,100",0.482,"49,143","41,711",0.455,"70,797","55,750",0.468,"53,609","46,538",0.429
2,BE,935,  Oberlangenegg,Total,285,0.09,315,80,0.79,"35,616","31,800",0.426,"27,276","25,300",0.409,"43,928","38,300",0.414,"32,266","30,300",0.358
2,BE,936,  Pohlern,Total,150,0.078,523,134,0.782,"43,165","39,250",0.363,"33,925","31,450",0.356,"51,423","46,650",0.349,"38,853","35,800",0.311
2,BE,937,  Schwendibach,Total,145,0.076,527,170,0.71,"46,119","42,800",0.373,"35,700","35,900",0.359,"54,823","50,100",0.363,"41,012","40,500",0.322
2,BE,938,  Sigriswil,Total,"3,258",3.034,931,165,0.814,"47,899","40,700",0.451,"38,085","33,472",0.433,"54,637","45,700",0.433,"42,457","38,144",0.399
2,BE,939,  Steffisburg,Total,"10,164",10.245,"1,008",209,0.807,"51,051","45,300",0.431,"39,927","37,600",0.406,"58,281","50,400",0.422,"44,501","42,667",0.374
2,BE,940,  Teuffenthal (BE),Total,108,0.022,205,0,0.809,"31,462","27,950",0.442,"24,078","24,138",0.424,"39,224","33,100",0.422,"28,878","27,900",0.370
2,BE,941,  Thierachern,Total,"1,428",1.18,826,201,0.776,"51,093","47,900",0.401,"38,320","36,400",0.383,"59,886","54,900",0.393,"43,608","42,643",0.349
2,BE,942,  Thun,Total,"28,992",27.664,954,197,0.811,"49,035","43,400",0.442,"38,979","36,500",0.420,"55,815","48,000",0.43,"43,346","41,200",0.388
2,BE,943,  Uebeschi,Total,400,0.206,516,103,0.8,"42,283","38,000",0.434,"32,157","28,850",0.425,"50,942","43,650",0.417,"37,284","35,100",0.381
2,BE,944,  Uetendorf,Total,"3,738",3.004,804,203,0.781,"49,179","44,900",0.412,"37,722","36,805",0.389,"56,896","50,250",0.401,"42,557","41,700",0.355
2,BE,945,  Unterlangenegg,Total,583,0.228,391,122,0.767,"38,981","36,500",0.415,"30,064","29,571",0.398,"46,887","42,600",0.404,"34,904","35,611",0.356
2,BE,946,  Wachseldorn,Total,137,0.037,271,98,0.733,"36,442","35,200",0.376,"28,684","26,733",0.394,"45,004","43,500",0.344,"33,831","32,667",0.329
2,BE,947,  Zwieselberg,Total,174,0.181,"1,038",100,0.896,"46,989","37,450",0.47,"36,279","29,073",0.477,"56,547","44,700",0.451,"41,678","35,050",0.432
2,BE,948,  Forst-Längenbühl,Total,477,0.235,493,111,0.785,"42,089","39,000",0.424,"32,511","30,190",0.415,"50,467","45,500",0.408,"37,537","36,933",0.371
2,BE,951,  Affoltern im Emmental,Total,748,0.297,398,101,0.791,"37,841","35,450",0.403,"30,476","27,100",0.401,"45,322","42,400",0.388,"35,149","32,781",0.356
2,BE,952,  Dürrenroth,Total,640,0.26,406,99,0.793,"39,505","36,200",0.418,"30,274","28,100",0.402,"48,231","43,600",0.407,"35,436","33,939",0.359
2,BE,953,  Eriswil,Total,827,0.251,304,73,0.795,"35,769","33,600",0.405,"27,534","25,533",0.391,"43,975","40,100",0.402,"32,399","31,375",0.350
2,BE,954,  Huttwil,Total,"2,956",1.824,617,127,0.825,"42,270","38,600",0.435,"32,662","30,600",0.411,"49,846","44,000",0.43,"37,297","36,000",0.378
2,BE,955,  Lützelflüh,Total,"2,549",1.381,542,123,0.811,"41,439","38,200",0.419,"32,304","29,810",0.402,"49,247","43,900",0.41,"37,080","35,900",0.365
2,BE,956,  Rüegsau,Total,"1,992",1.324,665,138,0.808,"45,016","40,100",0.424,"34,634","31,800",0.405,"53,030","46,500",0.413,"39,533","37,600",0.370
2,BE,957,  Sumiswald,Total,"3,149",1.535,488,103,0.819,"39,763","36,000",0.417,"30,922","28,300",0.397,"47,461","41,800",0.41,"35,638","34,381",0.360
2,BE,958,  Trachselwald,Total,600,0.226,376,81,0.813,"36,686","32,600",0.418,"28,453","25,650",0.405,"44,865","39,650",0.403,"33,346","31,923",0.357
2,BE,959,  Walterswil (BE),Total,308,0.107,349,63,0.808,"37,618","35,050",0.417,"27,702","25,133",0.398,"46,994","41,350",0.419,"33,122","32,200",0.360
2,BE,960,  Wyssachen,Total,696,0.353,507,69,0.874,"37,202","33,550",0.443,"28,183","24,200",0.424,"45,314","39,750",0.427,"33,088","31,033",0.378
2,BE,971,  Attiswil,Total,876,0.653,745,176,0.788,"48,151","42,750",0.403,"37,283","34,200",0.382,"56,007","48,150",0.396,"42,193","39,433",0.351
2,BE,972,  Berken,Total,32,0.033,"1,040",99,0.866,"44,444","34,600",0.475,"37,922","27,150",0.458,"49,894","39,000",0.467,"41,747","33,250",0.433
2,BE,973,  Bettenhausen,Total,427,0.263,615,165,0.773,"45,474","41,300",0.394,"35,231","33,600",0.369,"52,708","47,200",0.388,"39,774","37,900",0.340
2,BE,975,  Farnern,Total,130,0.117,900,143,0.803,"48,147","42,050",0.444,"37,653","31,300",0.433,"55,786","48,900",0.42,"42,326","37,010",0.392
2,BE,976,  Graben,Total,206,0.086,417,170,0.71,"41,876","42,700",0.391,"33,102","33,089",0.372,"49,663","46,850",0.398,"37,845","37,823",0.340
2,BE,977,  Heimenhausen,Total,673,0.439,652,161,0.783,"46,773","42,200",0.396,"35,559","33,600",0.371,"55,009","47,900",0.397,"40,636","39,571",0.342
2,BE,978,  Hermiswil,Total,55,0.023,411,177,0.68,"44,269","41,900",0.344,"34,129","34,133",0.323,"52,207","44,000",0.34,"38,758","40,000",0.291
2,BE,979,  Herzogenbuchsee,Total,"4,401",4.049,920,163,0.834,"47,633","41,700",0.45,"36,882","33,400",0.426,"55,033","47,000",0.44,"41,469","38,600",0.393
2,BE,980,  Inkwil,Total,429,0.33,769,176,0.778,"47,886","44,300",0.401,"38,840","35,300",0.394,"54,633","50,200",0.395,"43,154","39,778",0.363
2,BE,981,  Niederbipp,Total,"2,764",1.979,716,170,0.786,"46,698","42,450",0.413,"36,706","34,300",0.395,"54,160","47,900",0.406,"41,384","39,750",0.362
2,BE,982,  Niederönz,Total,"1,005",0.747,743,201,0.774,"48,710","45,600",0.401,"36,897","36,000",0.377,"56,821","50,800",0.398,"41,877","41,917",0.347
2,BE,983,  Oberbipp,Total,"1,028",0.924,899,225,0.781,"51,633","46,000",0.403,"39,929","38,300",0.376,"59,477","51,000",0.4,"44,779","43,902",0.348
2,BE,985,  Ochlenberg,Total,359,0.142,396,86,0.797,"38,040","35,200",0.402,"30,460","26,100",0.405,"45,882","43,100",0.39,"35,210","32,400",0.359
2,BE,987,  Rumisberg,Total,286,0.419,"1,465",229,0.841,"57,953","49,550",0.421,"44,704","37,033",0.412,"66,157","57,650",0.397,"49,942","43,174",0.371
2,BE,988,  Seeberg,Total,928,0.528,569,125,0.803,"42,372","38,000",0.416,"33,399","30,299",0.398,"49,723","43,650",0.411,"37,938","35,735",0.365
2,BE,989,  Thörigen,Total,690,0.49,710,179,0.779,"46,939","42,050",0.408,"36,658","35,227",0.384,"54,535","47,950",0.4,"41,434","39,350",0.354
2,BE,990,  Walliswil bei Niederbipp,Total,148,0.083,560,222,0.681,"46,990","44,900",0.354,"37,667","38,300",0.329,"53,642","50,300",0.352,"42,056","41,635",0.307
2,BE,991,  Walliswil bei Wangen,Total,383,0.326,852,175,0.823,"48,186","41,700",0.417,"37,350","34,800",0.378,"55,576","45,400",0.419,"42,086","39,400",0.357
2,BE,992,  Wangen an der Aare,Total,"1,415",1.193,843,174,0.81,"48,287","42,400",0.419,"37,860","35,400",0.394,"56,078","46,900",0.41,"42,717","39,615",0.362
2,BE,993,  Wangenried,Total,258,0.181,702,178,0.756,"48,334","42,900",0.396,"37,390","34,950",0.388,"56,573","50,850",0.385,"42,401","40,150",0.351
2,BE,995,  Wiedlisbach,Total,"1,455",1.273,875,171,0.813,"48,587","42,300",0.424,"38,535","34,867",0.407,"55,857","48,000",0.416,"43,114","39,476",0.376
2,BE,996,  Wolfisberg,Total,118,0.254,"2,156",173,0.919,"58,594","41,050",0.526,"44,127","33,952",0.491,"66,527","45,950",0.513,"48,999","40,250",0.458
3,LU,1001,  Doppleschwand,Total,380,0.14,369,113,0.743,"44,030","42,350",0.343,"32,058","29,593",0.330,"54,735","50,500",0.351,"38,055","37,750",0.290
3,LU,1002,  Entlebuch,Total,"1,941",1.239,638,131,0.83,"44,075","39,100",0.394,"34,189","31,100",0.373,"52,252","45,200",0.392,"39,062","36,600",0.337
3,LU,1004,  Flühli,Total,"1,077",0.518,481,105,0.804,"37,415","33,100",0.436,"28,691","25,300",0.425,"45,580","39,900",0.426,"33,509","31,067",0.385
3,LU,1005,  Hasle (LU),Total,993,0.352,354,95,0.778,"39,778","37,600",0.363,"30,731","28,000",0.353,"48,296","44,300",0.366,"35,716","35,056",0.314
3,LU,1007,  Romoos,Total,396,0.135,340,73,0.83,"35,254","32,400",0.379,"28,005","24,417",0.392,"44,275","39,800",0.374,"33,180","30,441",0.335
3,LU,1008,  Schüpfheim,Total,"2,398",1.443,602,122,0.815,"43,693","38,400",0.407,"33,406","29,408",0.386,"52,489","45,350",0.402,"38,506","35,789",0.350
3,LU,1009,  Werthenstein,Total,"1,117",0.482,432,136,0.767,"42,514","39,900",0.37,"32,508","30,867",0.357,"51,266","45,600",0.373,"37,652","37,500",0.321
3,LU,1010,  Escholzmatt-Marbach,Total,"2,555",0.969,379,89,0.797,"37,911","34,200",0.388,"29,523","26,200",0.376,"46,210","41,600",0.384,"34,444","32,133",0.336
3,LU,1021,  Aesch (LU),Total,662,0.881,"1,330",228,0.814,"56,511","47,350",0.43,"43,738","37,700",0.407,"63,682","52,700",0.42,"48,091","42,850",0.375
3,LU,1022,  Altwis,Total,203,0.191,940,209,0.811,"53,717","46,600",0.383,"39,470","36,238",0.380,"64,899","57,000",0.37,"45,760","42,600",0.331
3,LU,1023,  Ballwil,Total,"1,519",1.941,"1,278",318,0.786,"60,405","52,700",0.382,"45,379","40,800",0.362,"69,944","60,600",0.378,"50,988","47,042",0.330
3,LU,1024,  Emmen,Total,"17,405",11.362,653,182,0.774,"46,875","43,600",0.382,"36,493","34,700",0.364,"54,847","49,100",0.379,"41,407","40,444",0.332
3,LU,1025,  Ermensee,Total,475,0.679,"1,430",223,0.854,"58,144","50,500",0.423,"42,953","36,200",0.411,"67,735","56,400",0.411,"48,503","43,933",0.371
3,LU,1026,  Eschenbach (LU),Total,"2,086",2.83,"1,357",291,0.8,"59,464","50,600",0.416,"44,121","39,644",0.381,"68,617","56,900",0.411,"49,574","45,962",0.353
3,LU,1030,  Hitzkirch,Total,"2,825",3.381,"1,197",204,0.831,"55,061","46,900",0.425,"41,153","36,000",0.404,"64,302","54,300",0.416,"46,536","42,600",0.370
3,LU,1031,  Hochdorf,Total,"5,648",5.449,965,199,0.805,"52,165","45,900",0.412,"39,461","36,167",0.381,"60,686","51,600",0.411,"44,595","42,387",0.355
3,LU,1032,  Hohenrain,Total,"1,374",1.634,"1,190",197,0.832,"55,743","45,850",0.423,"40,334","34,972",0.392,"65,782","54,800",0.418,"46,020","41,517",0.360
3,LU,1033,  Inwil,Total,"1,333",1.684,"1,263",324,0.783,"60,115","52,000",0.387,"44,442","40,700",0.359,"69,678","58,500",0.386,"49,986","46,385",0.331
3,LU,1037,  Rain,Total,"1,352",2.407,"1,780",333,0.818,"65,889","53,150",0.426,"47,171","41,000",0.390,"76,192","61,000",0.418,"53,086","47,190",0.359
3,LU,1039,  Römerswil,Total,920,0.877,954,191,0.811,"53,303","46,000",0.386,"39,604","35,067",0.367,"63,254","53,550",0.381,"45,326","41,448",0.331
3,LU,1040,  Rothenburg,Total,"4,091",5.118,"1,251",297,0.785,"59,294","51,900",0.404,"43,082","40,000",0.368,"68,732","58,600",0.399,"48,646","45,952",0.339
3,LU,1041,  Schongau,Total,558,0.68,"1,219",192,0.838,"55,507","46,850",0.422,"40,447","34,833",0.393,"65,077","54,100",0.416,"45,925","41,600",0.360
3,LU,1051,  Adligenswil,Total,"3,000",6.629,"2,210",381,0.821,"69,109","54,900",0.469,"49,145","42,276",0.434,"78,632","63,150",0.455,"54,753","48,367",0.405
3,LU,1052,  Buchrain,Total,"3,360",4.732,"1,408",281,0.807,"59,661","51,100",0.433,"43,193","39,390",0.399,"69,101","57,900",0.426,"48,749","45,613",0.371
3,LU,1053,  Dierikon,Total,846,0.875,"1,035",270,0.77,"54,964","49,000",0.401,"41,985","39,633",0.381,"63,879","56,200",0.393,"47,407","45,394",0.350
3,LU,1054,  Ebikon,Total,"7,842",10.225,"1,304",242,0.833,"55,809","47,500",0.433,"43,132","38,923",0.413,"63,993","53,400",0.423,"48,150","44,200",0.381
3,LU,1055,  Gisikon,Total,692,1.366,"1,974",324,0.823,"66,081","53,700",0.455,"48,262","40,633",0.416,"75,246","60,600",0.443,"53,774","47,538",0.386
3,LU,1056,  Greppen,Total,568,1.265,"2,227",333,0.836,"67,929","53,200",0.462,"50,171","39,617",0.443,"77,707","60,500",0.448,"55,841","46,200",0.411
3,LU,1057,  Honau,Total,215,0.444,"2,067",213,0.844,"65,088","49,600",0.49,"45,907","36,900",0.447,"74,933","55,000",0.483,"51,563","43,200",0.421
3,LU,1058,  Horw,Total,"8,311",25.065,"3,016",297,0.889,"72,155","49,300",0.535,"53,901","40,400",0.499,"79,981","54,800",0.518,"58,718","45,700",0.470
3,LU,1059,  Kriens,Total,"16,391",17.791,"1,085",224,0.8,"53,538","46,700",0.419,"41,308","38,300",0.389,"61,210","52,000",0.412,"46,088","43,563",0.361
3,LU,1061,  Luzern,Total,"53,214",85.229,"1,602",247,0.844,"56,973","46,300",0.46,"46,649","39,700",0.439,"63,182","50,800",0.448,"50,707","44,200",0.411
3,LU,1062,  Malters,Total,"4,111",3.581,871,191,0.801,"50,692","44,500",0.399,"38,791","35,952",0.372,"59,149","50,300",0.397,"43,867","41,300",0.342
3,LU,1063,  Meggen,Total,"4,274",36.172,"8,463",640,0.898,"123,687","61,000",0.652,"89,955","49,767",0.621,"131,491","67,000",0.634,"94,737","55,683",0.598
3,LU,1064,  Meierskappel,Total,739,1.556,"2,106",342,0.823,"67,810","51,900",0.454,"49,760","41,800",0.427,"77,240","60,300",0.44,"55,295","46,900",0.395
3,LU,1065,  Root,Total,"2,621",2.514,959,252,0.775,"54,257","49,200",0.386,"41,008","38,500",0.363,"63,373","54,900",0.386,"46,402","44,615",0.333
3,LU,1066,  Schwarzenberg,Total,"1,001",0.868,867,177,0.812,"50,241","44,000",0.399,"38,208","33,933",0.379,"59,237","50,900",0.392,"43,536","40,222",0.344
3,LU,1067,  Udligenswil,Total,"1,253",2.987,"2,384",360,0.824,"70,765","53,100",0.472,"49,685","41,905",0.430,"80,578","62,200",0.456,"55,478","48,000",0.400
3,LU,1068,  Vitznau,Total,803,1.989,"2,477",218,0.889,"64,086","44,300",0.535,"47,814","34,278",0.501,"71,987","50,700",0.511,"52,720","41,000",0.467
3,LU,1069,  Weggis,Total,"2,688",9.582,"3,565",329,0.878,"76,083","48,400",0.556,"57,681","39,400",0.526,"83,406","54,100",0.537,"62,262","44,950",0.498
3,LU,1081,  Beromünster,Total,"3,501",3.359,959,185,0.818,"52,477","44,900",0.402,"38,802","35,100",0.370,"61,893","52,000",0.401,"44,266","41,133",0.341
3,LU,1082,  Büron,Total,"1,286",0.978,760,180,0.789,"50,039","44,400",0.391,"37,340","34,385",0.371,"59,100","52,300",0.39,"42,639","40,450",0.338
3,LU,1083,  Buttisholz,Total,"1,714",1.523,888,178,0.816,"52,100","45,800",0.394,"37,786","34,200",0.361,"61,925","52,850",0.394,"43,378","40,833",0.329
3,LU,1084,  Eich,Total,"1,026",3.253,"3,170",526,0.821,"79,848","58,900",0.476,"60,928","47,106",0.449,"88,120","64,850",0.464,"65,968","52,400",0.425
3,LU,1085,  Geuensee,Total,"1,495",1.881,"1,258",219,0.825,"57,580","49,400",0.404,"42,389","36,190",0.383,"67,514","56,400",0.396,"48,136","43,905",0.347
3,LU,1086,  Grosswangen,Total,"1,704",1.341,787,175,0.812,"49,609","44,400",0.383,"37,225","33,411",0.367,"59,193","52,000",0.383,"42,702","39,700",0.332
3,LU,1088,  Hildisrieden,Total,"1,195",2.11,"1,766",355,0.798,"65,449","53,200",0.427,"48,278","41,400",0.404,"74,680","61,800",0.414,"53,731","47,333",0.374
3,LU,1089,  Knutwil,Total,"1,158",1.825,"1,576",260,0.827,"62,111","51,000",0.425,"45,122","38,195",0.395,"72,201","58,000",0.417,"50,981","45,050",0.364
3,LU,1091,  Mauensee,Total,779,1.305,"1,676",250,0.846,"61,874","47,200",0.458,"45,258","39,467",0.412,"70,844","54,400",0.45,"50,605","44,600",0.385
3,LU,1093,  Neuenkirch,Total,"3,716",3.647,981,211,0.795,"54,134","47,800",0.394,"40,272","37,113",0.366,"63,356","54,100",0.393,"45,699","43,414",0.336
3,LU,1094,  Nottwil,Total,"2,005",2.393,"1,193",252,0.799,"58,130","50,800",0.39,"43,321","39,600",0.361,"67,464","57,800",0.391,"48,782","44,700",0.333
3,LU,1095,  Oberkirch,Total,"2,495",4.267,"1,710",370,0.816,"64,196","53,100",0.414,"48,095","42,750",0.377,"73,254","59,100",0.413,"53,437","48,500",0.351
3,LU,1097,  Rickenbach (LU),Total,"1,741",1.851,"1,063",171,0.853,"51,952","43,700",0.425,"38,397","33,667",0.400,"61,227","51,000",0.416,"43,861","39,900",0.364
3,LU,1098,  Ruswil,Total,"3,843",3.117,811,186,0.796,"50,468","44,800",0.384,"38,096","34,938",0.356,"59,451","51,300",0.383,"43,374","41,000",0.325
3,LU,1099,  Schenkon,Total,"1,643",5.307,"3,230",485,0.853,"79,705","56,500",0.485,"60,215","45,700",0.463,"88,471","63,900",0.473,"65,491","51,667",0.436
3,LU,1100,  Schlierbach,Total,421,0.38,902,204,0.777,"55,343","48,500",0.371,"40,191","36,810",0.346,"66,125","57,700",0.369,"46,281","43,100",0.312
3,LU,1102,  Sempach,Total,"2,274",5.748,"2,528",352,0.853,"72,161","53,600",0.478,"51,296","41,750",0.439,"81,970","62,300",0.467,"56,940","47,867",0.411
3,LU,1103,  Sursee,Total,"5,927",6.845,"1,155",292,0.791,"55,646","49,100",0.389,"44,242","40,900",0.365,"63,095","54,300",0.386,"48,876","46,000",0.338
3,LU,1104,  Triengen,Total,"2,452",2.368,966,178,0.833,"51,568","44,200",0.405,"38,693","34,279",0.388,"61,108","52,000",0.4,"44,239","40,646",0.352
3,LU,1107,  Wolhusen,Total,"2,358",1.827,775,148,0.825,"47,334","41,600",0.417,"35,370","32,383",0.390,"56,233","48,000",0.412,"40,596","38,400",0.357
3,LU,1121,  Alberswil,Total,386,0.223,577,152,0.782,"45,973","42,750",0.367,"35,338","33,050",0.339,"54,347","47,050",0.372,"40,431","39,067",0.312
3,LU,1122,  Altbüron,Total,567,0.603,"1,063",195,0.838,"52,942","45,300",0.403,"39,085","35,100",0.374,"62,160","52,200",0.399,"44,519","41,714",0.341
3,LU,1123,  Altishofen,Total,843,1.069,"1,268",213,0.846,"55,392","46,600",0.419,"41,761","37,000",0.398,"64,346","53,800",0.413,"47,025","42,857",0.365
3,LU,1125,  Dagmersellen,Total,"3,023",2.848,942,224,0.794,"53,027","47,300",0.378,"40,681","37,933",0.355,"61,674","53,200",0.377,"45,873","44,000",0.324
3,LU,1126,  Ebersecken,Total,224,0.221,989,107,0.912,"45,215","37,250",0.446,"35,176","29,067",0.452,"54,527","45,150",0.434,"40,477","35,250",0.402
3,LU,1127,  Egolzwil,Total,854,0.946,"1,108",212,0.82,"53,922","45,650",0.411,"41,399","36,867",0.384,"62,324","50,950",0.409,"46,495","43,171",0.355
3,LU,1128,  Ettiswil,Total,"1,500",1.086,724,185,0.783,"49,298","44,300",0.38,"37,412","34,800",0.361,"58,435","51,000",0.377,"42,831","40,897",0.326
3,LU,1129,  Fischbach,Total,393,0.199,507,133,0.788,"44,081","39,800",0.373,"33,531","31,000",0.368,"53,628","47,300",0.371,"39,016","36,700",0.324
3,LU,1130,  Gettnau,Total,591,0.314,531,132,0.798,"44,240","42,000",0.37,"33,339","29,857",0.361,"53,552","49,500",0.367,"38,689","36,667",0.319
3,LU,1131,  Grossdietwil,Total,485,0.291,600,141,0.793,"45,329","41,400",0.398,"34,081","30,800",0.375,"54,634","48,200",0.396,"39,529","37,542",0.341
3,LU,1132,  Hergiswil bei Willisau,Total,"1,030",0.407,395,85,0.82,"39,954","37,200",0.362,"30,149","26,878",0.346,"49,622","44,300",0.363,"35,776","34,265",0.303
3,LU,1135,  Luthern,Total,718,0.204,284,71,0.785,"36,595","32,900",0.376,"27,955","25,600",0.363,"45,833","41,300",0.371,"33,378","31,133",0.317
3,LU,1136,  Menznau,Total,"1,598",0.897,561,119,0.814,"43,660","39,850",0.391,"32,993","29,600",0.376,"52,729","46,400",0.389,"38,260","36,200",0.337
3,LU,1137,  Nebikon,Total,"1,389",1.993,"1,435",222,0.858,"58,091","48,600",0.411,"42,998","37,600",0.385,"67,779","55,300",0.406,"48,686","43,571",0.350
3,LU,1139,  Pfaffnau,Total,"1,475",1.112,754,206,0.763,"50,079","45,400",0.374,"38,968","37,000",0.356,"58,365","52,300",0.371,"43,998","42,417",0.324
3,LU,1140,  Reiden,Total,"3,974",3.095,779,188,0.797,"49,351","44,800",0.386,"37,786","34,845",0.365,"57,691","50,300",0.383,"42,850","40,912",0.333
3,LU,1142,  Roggliswil,Total,411,0.242,590,149,0.764,"45,999","41,800",0.383,"35,873","32,900",0.363,"54,372","46,900",0.386,"41,035","39,154",0.334
3,LU,1143,  Schötz,Total,"2,285",1.534,671,153,0.808,"47,413","43,400",0.378,"35,681","32,700",0.359,"56,733","49,700",0.38,"41,121","39,300",0.324
3,LU,1145,  Ufhusen,Total,503,0.244,484,119,0.815,"41,127","37,400",0.387,"31,923","29,800",0.378,"49,945","44,900",0.385,"37,091","36,100",0.334
3,LU,1146,  Wauwil,Total,"1,117",1.046,936,199,0.799,"52,353","46,100",0.396,"39,760","36,133",0.381,"61,244","53,800",0.386,"45,118","41,900",0.345
3,LU,1147,  Wikon,Total,851,0.814,957,206,0.791,"52,687","46,100",0.397,"40,197","37,200",0.371,"60,842","53,000",0.392,"45,107","42,905",0.342
3,LU,1150,  Zell (LU),Total,"1,135",1.064,938,137,0.874,"48,128","40,700",0.437,"36,835","30,467",0.424,"57,031","47,300",0.424,"42,121","37,000",0.382
3,LU,1151,  Willisau,Total,"4,509",4.313,957,177,0.837,"50,351","42,900",0.41,"38,245","34,200",0.380,"58,876","48,900",0.405,"43,390","40,000",0.348
4,UR,1201,  Altdorf (UR),Total,"5,521",6.315,"1,144",258,0.809,"54,937","47,900",0.402,"42,605","39,048",0.373,"62,401","53,100",0.399,"47,204","44,200",0.346
4,UR,1202,  Andermatt,Total,910,1.845,"2,027",244,0.888,"56,370","41,600",0.537,"42,998","34,512",0.508,"63,421","46,450",0.512,"47,407","39,650",0.471
4,UR,1203,  Attinghausen,Total,870,0.659,757,181,0.792,"50,921","48,400",0.371,"37,647","34,926",0.359,"59,922","55,700",0.367,"42,812","40,800",0.322
4,UR,1204,  Bauen,Total,117,0.163,"1,390",151,0.864,"49,047","35,700",0.508,"39,475","32,500",0.478,"54,956","38,200",0.489,"43,411","35,100",0.448
4,UR,1205,  Bürglen (UR),Total,"2,239",2.035,909,183,0.829,"50,445","44,000",0.405,"37,544","35,048",0.376,"58,850","51,200",0.398,"42,493","40,800",0.342
4,UR,1206,  Erstfeld,Total,"2,124",1.122,528,197,0.711,"46,774","44,700",0.341,"36,330","35,533",0.325,"54,156","50,150",0.338,"40,893","41,000",0.295
4,UR,1207,  Flüelen,Total,"1,140",1.552,"1,362",233,0.823,"57,023","46,650",0.417,"43,910","37,933",0.399,"64,844","53,750",0.407,"48,613","43,300",0.367
4,UR,1208,  Göschenen,Total,253,0.122,481,184,0.681,"45,215","42,400",0.35,"35,756","35,600",0.331,"51,405","47,500",0.354,"39,707","39,200",0.309
4,UR,1209,  Gurtnellen,Total,339,0.143,422,120,0.793,"38,711","36,100",0.377,"31,446","29,100",0.382,"45,426","42,400",0.364,"35,520","34,400",0.338
4,UR,1210,  Hospental,Total,136,0.082,601,159,0.795,"39,447","35,800",0.47,"31,824","30,533",0.452,"45,686","41,250",0.44,"35,867","35,167",0.408
4,UR,1211,  Isenthal,Total,287,0.059,205,62,0.738,"35,309","33,800",0.361,"26,662","24,000",0.352,"44,443","41,900",0.367,"31,828","31,867",0.309
4,UR,1212,  Realp,Total,105,0.083,788,180,0.773,"45,179","37,200",0.424,"37,561","35,000",0.399,"49,801","41,500",0.409,"40,800","37,000",0.377
4,UR,1213,  Schattdorf,Total,"2,878",2.694,936,258,0.774,"53,975","49,100",0.373,"40,655","38,750",0.351,"61,996","55,300",0.367,"45,489","43,800",0.321
4,UR,1214,  Seedorf (UR),Total,904,0.96,"1,062",234,0.812,"56,489","50,500",0.385,"40,313","37,306",0.363,"66,794","60,550",0.378,"46,121","44,080",0.326
4,UR,1215,  Seelisberg,Total,441,0.412,935,184,0.809,"45,979","38,500",0.445,"37,520","31,900",0.447,"53,015","45,100",0.415,"41,857","36,700",0.403
4,UR,1216,  Silenen,Total,"1,193",0.528,442,164,0.707,"44,832","43,900",0.338,"34,763","33,500",0.324,"52,377","49,200",0.341,"39,369","38,900",0.295
4,UR,1217,  Sisikon,Total,222,0.149,672,163,0.768,"47,164","40,450",0.372,"38,085","33,917",0.368,"54,526","46,300",0.364,"42,600","39,383",0.334
4,UR,1218,  Spiringen,Total,478,0.167,349,94,0.784,"38,955","34,750",0.355,"30,031","27,372",0.338,"47,756","42,200",0.348,"35,137","34,583",0.296
4,UR,1219,  Unterschächen,Total,395,0.228,576,103,0.863,"40,844","38,000",0.366,"31,987","28,143",0.371,"49,504","44,300",0.352,"36,971","34,300",0.320
4,UR,1220,  Wassen,Total,257,0.138,537,121,0.802,"41,615","38,400",0.398,"32,591","28,800",0.385,"49,089","44,900",0.39,"37,123","36,048",0.346
5,SZ,1301,  Einsiedeln,Total,"9,077",14.933,"1,645",213,0.852,"58,370","46,300",0.466,"44,256","37,600",0.433,"66,327","51,900",0.455,"49,068","42,800",0.404
5,SZ,1311,  Gersau,Total,"1,423",2.051,"1,442",163,0.861,"51,941","40,700",0.489,"41,046","32,208",0.478,"59,253","46,400",0.463,"45,590","37,600",0.439
5,SZ,1321,  Feusisberg,Total,"3,189",51.887,"16,271",814,0.888,"190,985","67,500",0.714,"142,479","55,300",0.694,"198,601","76,600",0.697,"147,191","60,500",0.675
5,SZ,1322,  Freienbach,Total,"10,119",119.445,"11,804",706,0.888,"152,385","63,900",0.676,"116,150","51,900",0.659,"159,711","71,400",0.658,"120,735","56,900",0.637
5,SZ,1323,  Wollerau,Total,"4,453",85.224,"19,138",919,0.878,"214,418","69,800",0.728,"157,515","57,100",0.709,"221,738","78,600",0.713,"162,043","61,400",0.693
5,SZ,1331,  Küssnacht (SZ),Total,"7,504",33.072,"4,407",388,0.891,"86,377","53,500",0.561,"65,558","43,234",0.537,"94,271","59,400",0.542,"70,376","48,608",0.508
5,SZ,1341,  Altendorf,Total,"4,028",21.65,"5,375",529,0.861,"96,990","57,500",0.562,"71,716","46,817",0.527,"105,114","63,800",0.545,"76,682","52,300",0.502
5,SZ,1342,  Galgenen,Total,"2,990",6.605,"2,209",310,0.852,"66,291","49,800",0.468,"49,993","41,400",0.433,"74,470","55,650",0.456,"54,973","46,200",0.406
5,SZ,1343,  Innerthal,Total,112,0.101,902,116,0.887,"45,818","39,550",0.414,"35,061","29,333",0.396,"53,956","45,050",0.401,"39,953","36,121",0.357
5,SZ,1344,  Lachen,Total,"5,189",18.261,"3,519",437,0.856,"79,462","54,200",0.512,"61,978","45,200",0.491,"86,796","60,000",0.498,"66,542","50,125",0.465
5,SZ,1345,  Reichenburg,Total,"1,987",2.535,"1,276",211,0.819,"56,044","46,500",0.428,"42,485","38,200",0.395,"64,327","52,500",0.419,"47,520","43,278",0.366
5,SZ,1346,  Schübelbach,Total,"5,252",5.696,"1,085",209,0.813,"53,195","46,400",0.417,"41,117","36,900",0.398,"61,246","52,300",0.409,"46,004","42,488",0.367
5,SZ,1347,  Tuggen,Total,"1,935",4.798,"2,480",305,0.871,"68,436","49,900",0.48,"52,789","41,600",0.452,"76,127","55,100",0.465,"57,549","46,500",0.423
5,SZ,1348,  Vorderthal,Total,625,0.415,664,141,0.792,"45,200","41,700",0.404,"35,516","31,800",0.382,"52,564","45,800",0.397,"40,059","37,200",0.350
5,SZ,1349,  Wangen (SZ),Total,"2,946",4.495,"1,526",264,0.815,"59,865","48,700",0.44,"45,478","39,800",0.403,"67,711","53,850",0.433,"50,289","45,000",0.379
5,SZ,1361,  Alpthal,Total,379,0.696,"1,837",179,0.888,"56,960","42,300",0.478,"44,130","35,900",0.447,"64,511","48,500",0.458,"48,721","40,000",0.411
5,SZ,1362,  Arth,Total,"6,715",8.306,"1,237",200,0.84,"53,886","45,100",0.434,"41,342","36,200",0.413,"61,933","51,200",0.426,"46,154","41,600",0.382
5,SZ,1363,  Illgau,Total,414,0.225,543,105,0.825,"42,821","39,950",0.404,"31,425","27,917",0.392,"52,587","46,750",0.396,"36,877","34,667",0.348
5,SZ,1364,  Ingenbohl,Total,"5,465",9.979,"1,826",202,0.872,"58,641","45,000",0.492,"45,655","36,667",0.469,"65,884","50,800",0.478,"50,162","42,200",0.440
5,SZ,1365,  Lauerz,Total,606,0.642,"1,059",195,0.822,"52,918","46,300",0.418,"39,303","36,000",0.398,"62,301","52,450",0.407,"44,712","41,633",0.361
5,SZ,1366,  Morschach,Total,656,0.933,"1,423",157,0.872,"51,923","42,450",0.5,"39,569","32,050",0.485,"60,195","49,450",0.467,"44,434","37,795",0.438
5,SZ,1367,  Muotathal,Total,"1,985",1.228,619,146,0.805,"45,382","41,200",0.381,"34,731","31,200",0.362,"54,026","48,000",0.376,"39,779","37,300",0.326
5,SZ,1368,  Oberiberg,Total,620,0.849,"1,370",130,0.864,"49,579","37,400",0.517,"39,833","29,193",0.512,"56,468","41,900",0.485,"44,191","35,913",0.470
5,SZ,1369,  Riemenstalden,Total,41,0.006,156,0,0.768,"32,388","30,600",0.347,"23,899","22,000",0.368,"44,456","46,900",0.319,"30,223","27,889",0.289
5,SZ,1370,  Rothenthurm,Total,"1,247",0.966,775,168,0.815,"49,175","43,700",0.378,"37,672","34,100",0.370,"58,317","50,600",0.373,"42,932","40,074",0.330
5,SZ,1371,  Sattel,Total,"1,116",1.566,"1,403",202,0.84,"55,723","44,050",0.455,"42,501","36,750",0.433,"64,292","50,000",0.439,"47,554","41,400",0.398
5,SZ,1372,  Schwyz,Total,"9,008",14.48,"1,607",228,0.852,"58,086","47,200",0.459,"44,563","38,600",0.429,"65,712","52,700",0.449,"49,159","43,800",0.400
5,SZ,1373,  Steinen,Total,"1,891",1.676,886,207,0.782,"52,525","46,500",0.384,"40,034","37,400",0.365,"61,272","53,700",0.381,"45,193","43,000",0.334
5,SZ,1374,  Steinerberg,Total,521,0.668,"1,283",182,0.859,"53,807","42,900",0.437,"40,587","35,333",0.406,"62,864","50,100",0.422,"45,839","39,667",0.371
5,SZ,1375,  Unteriberg,Total,"1,437",1.103,768,147,0.826,"45,813","39,400",0.415,"36,115","32,200",0.397,"53,344","45,600",0.405,"40,688","37,000",0.363
6,OW,1401,  Alpnach,Total,"3,429",3.723,"1,086",239,0.797,"55,207","48,300",0.382,"42,981","38,611",0.365,"63,351","54,300",0.382,"47,877","44,200",0.338
6,OW,1402,  Engelberg,Total,"2,708",9.624,"3,554",288,0.905,"69,198","40,800",0.621,"54,002","33,177",0.609,"75,862","45,400",0.6,"58,067","38,500",0.581
6,OW,1403,  Giswil,Total,"2,137",1.892,885,173,0.828,"48,485","42,400",0.41,"37,721","33,400",0.393,"56,147","48,400",0.405,"42,346","39,000",0.364
6,OW,1404,  Kerns,Total,"3,403",3.239,952,194,0.82,"51,726","45,600",0.394,"39,278","35,600",0.370,"60,233","52,200",0.392,"44,242","41,533",0.339
6,OW,1405,  Lungern,Total,"1,229",1.248,"1,016",173,0.849,"49,797","43,100",0.427,"38,111","32,900",0.410,"57,682","49,700",0.417,"42,819","38,533",0.377
6,OW,1406,  Sachseln,Total,"2,962",4.896,"1,653",215,0.863,"59,459","47,000",0.447,"44,700","37,106",0.421,"67,984","53,000",0.439,"49,720","42,894",0.392
6,OW,1407,  Sarnen,Total,"6,201",86.475,"13,945",268,0.98,"166,594","48,500",0.798,"151,315","39,300",0.821,"174,321","54,200",0.779,"155,993","44,600",0.800
7,NW,1501,  Beckenried,Total,"2,081",4.184,"2,010",324,0.834,"64,898","50,800",0.449,"49,861","41,100",0.427,"72,410","56,300",0.437,"54,409","45,944",0.399
7,NW,1502,  Buochs,Total,"3,265",4.88,"1,495",302,0.818,"59,408","48,900",0.419,"45,604","40,800",0.388,"66,779","54,700",0.413,"50,095","45,500",0.364
7,NW,1503,  Dallenwil,Total,"1,048",0.731,698,189,0.748,"50,051","44,600",0.367,"38,815","35,972",0.346,"58,035","49,900",0.369,"43,497","41,512",0.318
7,NW,1504,  Emmetten,Total,927,2.29,"2,470",302,0.884,"62,957","44,600",0.53,"49,622","37,600",0.507,"69,015","49,500",0.51,"53,481","42,000",0.478
7,NW,1505,  Ennetbürgen,Total,"2,798",7.934,"2,836",428,0.842,"74,152","53,950",0.47,"57,795","44,000",0.448,"81,125","59,550",0.456,"62,178","49,000",0.423
7,NW,1506,  Ennetmoos,Total,"1,219",1.519,"1,246",275,0.795,"57,952","49,800",0.394,"44,437","38,700",0.371,"65,858","55,400",0.388,"49,201","44,467",0.344
7,NW,1507,  Hergiswil (NW),Total,"3,644",34.583,"9,491",545,0.919,"131,288","56,700",0.679,"105,258","47,117",0.667,"137,375","61,800",0.661,"109,185","51,927",0.646
7,NW,1508,  Oberdorf (NW),Total,"1,767",2.079,"1,177",243,0.805,"56,946","48,900",0.395,"43,343","38,700",0.371,"65,177","55,000",0.392,"48,235","44,200",0.343
7,NW,1509,  Stans,Total,"4,941",8.239,"1,668",334,0.821,"62,182","51,100",0.43,"47,703","42,100",0.397,"69,311","56,100",0.424,"52,065","46,900",0.374
7,NW,1510,  Stansstad,Total,"2,857",10.582,"3,704",408,0.879,"80,429","52,800",0.516,"64,104","44,333",0.495,"86,556","58,000",0.5,"68,080","48,231",0.470
7,NW,1511,  Wolfenschiessen,Total,"1,181",0.744,630,149,0.798,"46,525","41,700",0.376,"35,380","32,200",0.357,"55,236","48,200",0.372,"40,424","38,000",0.322
8,GL,1630,  Glarus Nord,Total,"10,345",11.343,"1,096",191,0.838,"52,151","44,400",0.42,"40,141","35,467",0.394,"60,192","50,400",0.411,"45,049","40,952",0.362
8,GL,1631,  Glarus Süd,Total,"5,976",4.624,774,166,0.806,"46,506","40,800",0.42,"36,634","33,083",0.399,"53,787","45,950",0.412,"41,210","38,200",0.370
8,GL,1632,  Glarus,Total,"7,367",8.598,"1,167",190,0.845,"52,567","44,300",0.431,"40,992","35,400",0.410,"60,386","49,900",0.423,"45,793","41,200",0.380
9,ZG,1701,  Baar,Total,"13,786",52.898,"3,837",453,0.867,"83,010","55,600",0.527,"62,058","45,333",0.494,"90,674","62,200",0.512,"66,725","50,400",0.468
9,ZG,1702,  Cham,Total,"9,249",30.547,"3,303",500,0.841,"79,502","57,100",0.499,"59,230","46,800",0.464,"87,254","63,100",0.487,"63,922","51,733",0.441
9,ZG,1703,  Hünenberg,Total,"4,955",24.948,"5,035",622,0.856,"96,433","62,200",0.548,"68,769","49,077",0.509,"104,800","69,400",0.533,"73,726","54,600",0.485
9,ZG,1704,  Menzingen,Total,"2,675",4.721,"1,765",214,0.842,"59,412","46,400",0.488,"45,089","37,833",0.449,"66,396","51,300",0.48,"49,325","42,611",0.429
9,ZG,1705,  Neuheim,Total,"1,231",4.218,"3,427",432,0.842,"79,388","54,700",0.516,"57,980","44,800",0.476,"87,592","61,600",0.502,"62,806","50,267",0.451
9,ZG,1706,  Oberägeri,Total,"3,367",25.688,"7,629",457,0.893,"114,318","56,500",0.64,"80,110","44,944",0.600,"122,228","63,000",0.621,"84,813","50,300",0.575
9,ZG,1707,  Risch,Total,"6,005",21.969,"3,658",529,0.858,"83,240","58,500",0.5,"62,518","47,154",0.468,"91,191","65,600",0.486,"67,345","52,500",0.442
9,ZG,1708,  Steinhausen,Total,"5,573",15.682,"2,814",456,0.834,"75,203","56,400",0.475,"55,387","45,111",0.440,"83,459","63,600",0.466,"60,341","50,700",0.416
9,ZG,1709,  Unterägeri,Total,"4,887",16.874,"3,453",413,0.861,"79,031","53,900",0.517,"57,292","43,800",0.473,"87,006","59,900",0.502,"62,106","48,800",0.447
9,ZG,1710,  Walchwil,Total,"2,129",29.262,"13,744",760,0.901,"168,927","64,100",0.716,"126,330","53,000",0.705,"176,205","72,000",0.699,"130,745","56,958",0.687
9,ZG,1711,  Zug,Total,"17,881",147.358,"8,241",674,0.877,"121,738","62,200",0.626,"92,502","51,700",0.600,"128,614","69,000",0.609,"96,779","56,400",0.579
10,FR,2004,  Bussy (FR),Total,279,0.2,716,312,0.695,"52,120","50,700",0.341,"40,839","40,095",0.323,"60,234","56,100",0.349,"45,835","46,700",0.296
10,FR,2005,  Châbles,Total,420,0.879,"2,093",319,0.847,"66,269","52,750",0.478,"47,340","39,317",0.456,"76,938","59,100",0.463,"53,452","47,300",0.422
10,FR,2008,  Châtillon (FR),Total,260,0.388,"1,492",321,0.802,"60,726","50,150",0.44,"43,502","38,646",0.397,"69,977","56,500",0.441,"48,885","44,150",0.377
10,FR,2009,  Cheiry,Total,228,0.101,441,115,0.743,"43,479","42,050",0.372,"33,589","29,908",0.372,"52,136","48,500",0.371,"38,848","38,983",0.334
10,FR,2010,  Cheyres,Total,867,1.45,"1,672",210,0.87,"57,679","45,800",0.474,"44,406","37,100",0.453,"65,967","51,700",0.454,"49,480","42,500",0.416
10,FR,2011,  Cugy (FR),Total,945,0.875,926,155,0.842,"49,368","43,500",0.436,"37,027","33,286",0.408,"58,083","49,100",0.432,"42,133","40,200",0.376
10,FR,2013,  Domdidier,Total,"1,689",1.435,850,180,0.804,"50,820","45,400",0.406,"37,295","35,048",0.375,"60,124","51,400",0.404,"42,715","41,800",0.344
10,FR,2014,  Dompierre (FR),Total,551,0.368,668,158,0.788,"47,976","44,200",0.392,"36,255","33,222",0.378,"57,202","50,100",0.391,"41,619","40,600",0.344
10,FR,2015,  Estavayer-le-Lac,Total,"3,694",3.652,989,162,0.83,"50,080","43,100",0.446,"38,133","33,900",0.419,"58,187","49,000",0.44,"43,033","39,823",0.390
10,FR,2016,  Fétigny,Total,504,0.371,735,158,0.791,"50,664","47,100",0.399,"36,262","33,652",0.378,"61,203","54,650",0.402,"42,290","40,919",0.347
10,FR,2022,  Gletterens,Total,565,0.592,"1,048",209,0.794,"54,583","47,900",0.419,"39,833","36,000",0.392,"63,964","53,100",0.411,"45,447","42,300",0.363
10,FR,2024,  Léchelles,Total,485,0.506,"1,044",204,0.844,"50,729","45,700",0.429,"39,947","37,438",0.423,"59,282","52,000",0.422,"45,077","43,462",0.388
10,FR,2025,  Lully (FR),Total,596,0.433,726,160,0.789,"49,360","45,650",0.407,"35,453","32,829",0.386,"59,798","53,700",0.404,"41,344","40,733",0.350
10,FR,2027,  Ménières,Total,210,0.231,"1,102",132,0.856,"54,380","45,400",0.429,"37,461","31,761",0.397,"65,743","56,150",0.42,"43,971","39,633",0.363
10,FR,2029,  Montagny (FR),Total,"1,348",1.008,748,149,0.805,"48,395","43,250",0.421,"35,812","33,127",0.397,"57,639","51,100",0.417,"41,228","39,796",0.366
10,FR,2033,  Morens (FR),Total,86,0.047,547,164,0.76,"47,136","40,250",0.365,"33,845","32,850",0.320,"56,321","48,700",0.371,"39,174","37,783",0.294
10,FR,2034,  Murist,Total,352,0.209,594,128,0.79,"46,339","42,250",0.404,"33,928","30,878",0.385,"56,482","50,100",0.403,"39,770","38,400",0.351
10,FR,2035,  Nuvilly,Total,231,0.137,591,136,0.769,"46,336","43,600",0.395,"34,746","32,000",0.375,"56,055","51,500",0.386,"40,648","38,429",0.339
10,FR,2038,  Prévondavaux,Total,37,0.028,753,173,0.778,"47,746","42,300",0.334,"37,420","35,400",0.330,"56,170","54,900",0.311,"42,501","38,000",0.279
10,FR,2039,  Rueyres-les-Prés,Total,240,0.329,"1,370",164,0.894,"54,113","43,700",0.44,"38,770","33,467",0.401,"63,600","49,300",0.436,"44,317","41,414",0.369
10,FR,2040,  Russy,Total,138,0.126,914,171,0.805,"51,041","44,750",0.42,"39,574","36,427",0.390,"59,244","47,600",0.419,"44,506","42,980",0.363
10,FR,2041,  Saint-Aubin (FR),Total,914,0.919,"1,006",223,0.789,"54,614","49,450",0.405,"39,752","36,850",0.371,"64,088","57,250",0.404,"45,262","43,883",0.343
10,FR,2043,  Sévaz,Total,142,0.109,769,222,0.76,"52,722","48,400",0.352,"39,775","35,767",0.328,"62,137","54,150",0.363,"45,290","43,750",0.302
10,FR,2044,  Surpierre,Total,204,0.142,695,108,0.831,"44,657","37,450",0.442,"33,334","29,650",0.407,"53,014","42,300",0.446,"38,323","34,200",0.385
10,FR,2045,  Vallon,Total,215,0.162,756,114,0.836,"47,278","40,600",0.424,"34,702","31,600",0.404,"56,869","48,900",0.413,"40,257","37,600",0.366
10,FR,2047,  Villeneuve (FR),Total,217,0.094,435,165,0.715,"43,770","41,600",0.4,"32,921","33,400",0.390,"52,815","48,400",0.396,"38,131","38,500",0.355
10,FR,2049,  Vuissens,Total,127,0.072,568,117,0.767,"46,402","41,000",0.427,"33,700","34,000",0.411,"56,109","49,600",0.427,"39,270","38,762",0.380
10,FR,2050,  Les Montets,Total,795,0.621,781,163,0.798,"50,229","45,400",0.396,"37,958","34,400",0.372,"58,985","52,100",0.396,"43,158","41,733",0.341
10,FR,2051,  Delley-Portalban,Total,680,1.196,"1,759",215,0.876,"58,807","47,800",0.476,"46,736","36,750",0.465,"66,582","52,700",0.465,"51,549","43,138",0.434
10,FR,2052,  Vernay,Total,661,0.475,719,127,0.82,"46,349","41,100",0.457,"33,094","31,600",0.423,"55,420","47,400",0.458,"38,219","38,143",0.397
10,FR,2061,  Auboranges,Total,160,0.747,"4,666",338,0.912,"88,369","55,200",0.575,"66,545","35,717",0.574,"97,643","59,600",0.558,"71,907","46,625",0.542
10,FR,2063,  Billens-Hennens,Total,384,0.246,640,166,0.752,"48,219","44,150",0.41,"35,457","33,400",0.376,"57,314","49,250",0.418,"40,705","40,938",0.355
10,FR,2066,  Chapelle (Glâne),Total,143,0.189,"1,322",120,0.841,"55,095","47,800",0.481,"39,484","30,200",0.473,"65,750","55,700",0.461,"45,514","39,778",0.432
10,FR,2067,  Le Châtelard,Total,202,0.126,626,90,0.831,"44,564","40,450",0.444,"31,418","27,800",0.407,"54,965","47,200",0.445,"37,177","35,267",0.374
10,FR,2068,  Châtonnaye,Total,443,0.287,648,180,0.774,"48,415","43,800",0.387,"36,497","34,600",0.362,"57,623","50,100",0.392,"41,739","40,900",0.332
10,FR,2072,  Ecublens (FR),Total,192,0.319,"1,659",166,0.891,"58,217","45,100",0.467,"42,024","35,633",0.426,"67,831","54,850",0.459,"47,825","41,400",0.397
10,FR,2079,  Grangettes,Total,114,0.176,"1,542",150,0.914,"52,143","42,250",0.477,"37,438","31,361",0.425,"61,243","46,400",0.458,"42,690","40,344",0.380
10,FR,2086,  Massonnens,Total,280,0.204,729,126,0.81,"48,264","42,200",0.416,"35,230","31,705",0.394,"58,133","52,400",0.411,"40,833","40,081",0.358
10,FR,2087,  Mézières (FR),Total,550,0.614,"1,116",145,0.86,"51,437","42,850",0.459,"36,544","32,783",0.417,"61,005","49,300",0.455,"42,096","38,800",0.389
10,FR,2089,  Montet (Glâne),Total,210,0.234,"1,113",269,0.764,"59,798","55,000",0.384,"41,743","40,124",0.359,"71,017","69,650",0.384,"48,223","48,236",0.331
10,FR,2096,  Romont (FR),Total,"2,748",2.244,817,123,0.848,"46,380","40,200",0.441,"35,131","31,000",0.421,"54,921","46,650",0.433,"40,236","37,024",0.386
10,FR,2097,  Rue,Total,851,0.746,877,192,0.799,"50,860","45,500",0.403,"38,599","35,800",0.384,"59,949","52,400",0.399,"43,991","42,200",0.350
10,FR,2099,  Siviriez,Total,"1,271",19.77,"15,555",160,0.99,"177,364","43,500",0.838,"164,566","33,600",0.864,"186,557","50,100",0.818,"169,945","40,200",0.842
10,FR,2102,  Ursy,Total,"1,612",1.934,"1,200",163,0.866,"53,511","44,400",0.445,"39,876","33,111",0.432,"63,268","51,850",0.435,"45,512","40,748",0.395
10,FR,2111,  Villaz-Saint-Pierre,Total,669,0.413,618,159,0.781,"46,519","42,700",0.41,"34,517","33,200",0.381,"55,199","49,600",0.412,"39,546","39,632",0.349
10,FR,2113,  Vuisternens-devant-Romont,Total,"1,226",1.023,835,143,0.818,"50,311","43,750",0.41,"36,791","32,243",0.381,"60,162","50,300",0.412,"42,399","39,127",0.351
10,FR,2114,  Villorsonnens,Total,731,0.642,878,164,0.82,"50,559","45,600",0.417,"37,213","33,600",0.390,"59,779","51,700",0.418,"42,539","41,333",0.361
10,FR,2115,  Torny,Total,490,0.306,624,194,0.733,"50,106","46,200",0.374,"36,616","35,233",0.348,"60,103","52,750",0.383,"42,297","41,852",0.320
10,FR,2116,  La Folliaz,Total,530,0.443,836,181,0.797,"51,143","45,100",0.408,"36,983","34,467",0.376,"60,985","51,300",0.405,"42,624","41,033",0.344
10,FR,2121,  Haut-Intyamon,Total,959,0.409,426,112,0.767,"39,844","36,300",0.423,"31,046","28,333",0.408,"47,743","42,700",0.415,"35,878","33,800",0.373
10,FR,2122,  Pont-en-Ogoz,Total,"1,035",1.391,"1,344",201,0.835,"56,784","47,800",0.442,"42,098","37,100",0.415,"65,925","54,700",0.434,"47,505","43,154",0.384
10,FR,2123,  Botterens,Total,300,0.303,"1,012",163,0.836,"52,298","46,400",0.418,"37,472","32,933",0.384,"62,211","53,800",0.413,"43,293","40,600",0.352
10,FR,2124,  Broc,Total,"1,392",1.069,768,162,0.806,"48,428","43,650",0.404,"36,808","33,340",0.381,"57,075","50,300",0.4,"41,972","39,919",0.348
10,FR,2125,  Bulle,Total,"12,074",14.385,"1,191",173,0.855,"52,074","43,700",0.453,"39,869","34,600",0.426,"60,165","49,800",0.444,"44,770","40,700",0.395
10,FR,2128,  Châtel-sur-Montsalvens,Total,189,0.186,985,216,0.776,"49,177","40,900",0.465,"38,188","36,190",0.444,"56,342","43,500",0.45,"42,606","42,600",0.414
10,FR,2129,  Corbières,Total,479,0.528,"1,102",229,0.796,"55,636","48,200",0.402,"42,052","37,500",0.384,"64,863","54,300",0.394,"47,477","43,500",0.352
10,FR,2130,  Crésuz,Total,257,1.205,"4,687",184,0.957,"77,743","38,000",0.688,"58,478","30,778",0.652,"83,360","42,600",0.664,"62,149","37,300",0.623
10,FR,2131,  Echarlens,Total,440,0.603,"1,371",188,0.833,"57,558","47,850",0.462,"40,020","34,910",0.415,"68,004","53,900",0.458,"45,876","43,200",0.388
10,FR,2134,  Grandvillard,Total,457,0.629,"1,377",143,0.891,"52,749","41,200",0.492,"37,616","31,905",0.448,"62,258","48,700",0.481,"43,150","37,700",0.414
10,FR,2135,  Gruyères,Total,"1,294",1.43,"1,105",153,0.86,"49,404","41,150",0.477,"36,420","32,367",0.442,"57,866","46,600",0.469,"41,391","38,033",0.413
10,FR,2137,  Hauteville,Total,367,0.47,"1,281",165,0.863,"53,963","45,900",0.459,"39,285","33,800",0.429,"63,939","52,400",0.451,"45,063","41,875",0.394
10,FR,2138,  Jaun,Total,431,0.197,458,81,0.848,"36,093","31,900",0.458,"27,416","24,100",0.435,"43,832","38,300",0.449,"31,849","29,500",0.396
10,FR,2140,  Marsens,Total,949,1.466,"1,545",268,0.828,"60,124","50,700",0.466,"41,623","37,467",0.429,"70,732","59,200",0.462,"47,526","45,524",0.401
10,FR,2143,  Morlon,Total,357,0.694,"1,943",246,0.861,"63,208","48,700",0.487,"45,599","38,400",0.445,"72,089","56,300",0.478,"50,995","44,200",0.420
10,FR,2145,  Le Pâquier (FR),Total,640,0.954,"1,491",187,0.853,"57,733","48,250",0.471,"40,807","35,896",0.433,"67,202","54,800",0.464,"46,288","43,822",0.404
10,FR,2147,  Pont-la-Ville,Total,339,0.431,"1,272",185,0.822,"56,313","48,300",0.442,"42,484","36,381",0.434,"65,593","55,800",0.433,"47,845","41,600",0.401
10,FR,2148,  Riaz,Total,"1,354",1.495,"1,104",227,0.8,"55,200","49,350",0.419,"40,562","37,967",0.387,"64,431","55,900",0.417,"45,982","44,438",0.360
10,FR,2149,  La Roche,Total,932,1.674,"1,796",134,0.926,"55,561","41,400",0.518,"40,452","31,389",0.487,"64,570","48,900",0.503,"45,754","38,308",0.450
10,FR,2152,  Sâles,Total,828,0.817,987,114,0.862,"49,452","42,300",0.455,"36,036","30,663",0.424,"59,200","48,000",0.452,"41,591","38,083",0.392
10,FR,2153,  Sorens,Total,618,0.675,"1,093",179,0.848,"52,327","44,100",0.43,"39,104","33,950",0.399,"61,359","49,200",0.428,"44,396","42,450",0.369
10,FR,2155,  Vaulruz,Total,569,0.553,973,186,0.805,"52,796","45,000",0.418,"38,810","35,000",0.386,"62,488","50,900",0.416,"44,438","41,800",0.357
10,FR,2160,  Vuadens,Total,"1,268",1.233,973,181,0.81,"52,686","46,950",0.425,"38,068","35,400",0.385,"62,427","53,000",0.427,"43,688","42,932",0.359
10,FR,2162,  Bas-Intyamon,Total,737,0.46,625,161,0.777,"45,699","41,800",0.406,"34,578","32,300",0.382,"54,433","47,600",0.405,"39,745","38,944",0.349
10,FR,2163,  Val-de-Charmey,Total,"1,612",1.809,"1,122",163,0.85,"48,196","38,950",0.488,"36,348","31,000",0.452,"55,593","43,900",0.475,"40,885","37,210",0.422
10,FR,2171,  Arconciel,Total,487,0.607,"1,246",209,0.817,"57,203","50,200",0.438,"41,049","37,200",0.404,"67,022","57,300",0.435,"46,725","44,800",0.375
10,FR,2172,  Autafond,Total,37,0.031,828,143,0.783,"50,270","41,400",0.449,"34,872","32,900",0.431,"60,897","59,700",0.428,"40,742","36,700",0.392
10,FR,2173,  Autigny,Total,445,0.347,779,159,0.801,"49,626","44,400",0.418,"35,600","32,571",0.380,"59,520","49,900",0.421,"41,259","40,000",0.354
10,FR,2174,  Avry,Total,"1,050",2.148,"2,046",244,0.847,"64,424","49,550",0.5,"46,021","38,367",0.473,"74,164","56,800",0.489,"51,622","46,167",0.444
10,FR,2175,  Belfaux,Total,"1,664",1.844,"1,108",190,0.808,"54,794","47,400",0.434,"39,651","36,021",0.402,"64,502","54,450",0.429,"45,253","43,048",0.372
10,FR,2177,  Chénens,Total,469,0.426,909,150,0.839,"50,358","43,700",0.449,"34,787","33,400",0.395,"60,577","48,700",0.455,"40,548","41,800",0.375
10,FR,2179,  Chésopelloz,Total,75,0.442,"5,891",197,0.929,"93,852","46,400",0.659,"66,081","37,200",0.618,"101,623","49,500",0.64,"70,731","41,762",0.587
10,FR,2183,  Corminboeuf,Total,"1,322",2.863,"2,166",396,0.816,"69,259","56,050",0.471,"48,495","42,725",0.433,"79,152","63,500",0.465,"54,234","49,555",0.409
10,FR,2184,  Corpataux-Magnedens,Total,676,0.583,862,224,0.736,"56,036","53,150",0.382,"39,708","37,800",0.356,"66,952","61,550",0.386,"45,898","45,643",0.329
10,FR,2185,  Corserey,Total,229,0.24,"1,049",171,0.825,"52,206","44,300",0.447,"37,442","34,762",0.407,"61,750","50,700",0.44,"43,032","40,500",0.376
10,FR,2186,  Cottens (FR),Total,754,0.965,"1,280",172,0.83,"56,707","46,400",0.462,"38,771","34,500",0.426,"67,701","55,350",0.453,"44,896","41,692",0.396
10,FR,2189,  Ependes (FR),Total,663,0.691,"1,043",157,0.84,"50,534","43,800",0.474,"36,571","33,308",0.442,"59,346","50,100",0.474,"41,567","39,800",0.417
10,FR,2192,  Farvagny,Total,"1,289",1.327,"1,029",171,0.836,"51,668","44,400",0.45,"37,277","34,500",0.411,"61,250","50,800",0.452,"42,823","41,429",0.385
10,FR,2194,  Ferpicloz,Total,153,1.948,"12,734",266,0.966,"158,071","53,700",0.781,"135,208","37,571",0.813,"168,634","61,600",0.758,"141,256","46,733",0.787
10,FR,2196,  Fribourg,Total,"22,670",24.809,"1,094",152,0.846,"49,217","40,500",0.468,"39,074","33,200",0.445,"56,236","46,200",0.455,"43,465","38,733",0.414
10,FR,2197,  Givisiez,Total,"1,715",1.941,"1,132",262,0.797,"55,838","50,200",0.408,"42,654","39,000",0.396,"64,825","57,400",0.402,"48,007","45,769",0.363
10,FR,2198,  Granges-Paccot,Total,"1,898",1.898,"1,000",206,0.796,"53,096","47,250",0.421,"40,666","38,148",0.404,"61,792","53,450",0.417,"45,835","43,717",0.374
10,FR,2200,  Grolley,Total,"1,076",1.096,"1,019",159,0.83,"51,204","44,850",0.466,"36,339","33,646",0.424,"60,426","51,000",0.464,"41,704","41,200",0.400
10,FR,2206,  Marly,Total,"4,633",5.788,"1,249",161,0.842,"52,893","42,900",0.487,"38,671","33,700",0.454,"61,364","49,600",0.474,"43,722","39,700",0.425
10,FR,2208,  Matran,Total,925,1.673,"1,809",198,0.856,"59,818","46,600",0.512,"41,726","36,476",0.462,"69,063","52,500",0.504,"47,068","42,500",0.439
10,FR,2211,  Neyruz (FR),Total,"1,460",2.22,"1,520",260,0.815,"59,750","51,400",0.466,"42,300","39,067",0.423,"69,230","57,400",0.463,"47,741","45,500",0.399
10,FR,2213,  Noréaz,Total,341,0.443,"1,298",211,0.818,"57,187","47,000",0.47,"38,663","35,200",0.418,"68,111","52,400",0.47,"44,722","44,000",0.396
10,FR,2216,  Pierrafortscha,Total,82,0.359,"4,383",265,0.903,"79,918","44,950",0.628,"51,910","38,888",0.549,"90,051","49,100",0.608,"57,587","44,900",0.518
10,FR,2217,  Ponthaux,Total,364,0.323,886,181,0.788,"53,790","46,650",0.396,"38,477","36,500",0.371,"64,454","56,350",0.393,"44,502","41,688",0.339
10,FR,2220,  Le Mouret,Total,"1,792",1.664,929,160,0.815,"50,588","44,400",0.451,"36,778","33,233",0.420,"59,726","50,700",0.45,"42,066","40,081",0.394
10,FR,2221,  Prez-vers-Noréaz,Total,621,0.633,"1,020",150,0.826,"50,985","43,800",0.469,"37,806","33,063",0.441,"59,542","49,200",0.468,"42,855","40,067",0.416
10,FR,2222,  Rossens (FR),Total,768,0.842,"1,097",212,0.795,"54,815","48,250",0.453,"38,737","36,812",0.418,"64,507","54,950",0.451,"44,261","44,050",0.392
10,FR,2223,  Le Glèbe,Total,679,0.565,832,146,0.807,"51,036","46,400",0.434,"35,553","32,600",0.403,"61,785","53,300",0.435,"41,496","41,100",0.373
10,FR,2225,  Senèdes,Total,82,0.055,674,195,0.766,"51,839","48,400",0.36,"37,358","34,419",0.338,"61,365","56,850",0.362,"42,954","42,550",0.309
10,FR,2226,  Treyvaux,Total,812,0.628,774,119,0.832,"47,881","41,700",0.433,"34,915","30,488",0.407,"57,482","48,350",0.432,"40,467","37,879",0.378
10,FR,2228,  Villars-sur-Glâne,Total,"6,666",11.589,"1,738",208,0.848,"59,908","47,500",0.488,"43,970","37,000",0.460,"68,976","55,000",0.473,"49,278","43,700",0.428
10,FR,2230,  Villarsel-sur-Marly,Total,50,0.039,770,151,0.753,"49,086","41,450",0.461,"35,123","33,095",0.405,"57,684","47,700",0.462,"40,097","39,882",0.387
10,FR,2231,  Vuisternens-en-Ogoz,Total,506,0.428,846,153,0.836,"50,598","46,150",0.411,"36,177","32,722",0.395,"61,872","54,250",0.41,"42,519","40,289",0.361
10,FR,2233,  Hauterive (FR),Total,"1,316",1.386,"1,053",210,0.791,"55,115","49,500",0.433,"39,349","37,095",0.398,"64,978","56,150",0.431,"44,981","44,883",0.371
10,FR,2234,  La Brillaz,Total,"1,026",1.346,"1,312",210,0.82,"58,474","50,150",0.448,"40,147","36,529",0.403,"69,161","57,350",0.448,"46,175","43,750",0.379
10,FR,2235,  La Sonnaz,Total,603,0.641,"1,064",212,0.786,"55,109","50,700",0.436,"39,642","36,000",0.409,"65,346","58,500",0.434,"45,422","43,867",0.381
10,FR,2243,  Barberêche,Total,321,0.535,"1,668",159,0.877,"55,988","40,900",0.503,"42,102","32,000",0.478,"64,633","47,900",0.491,"47,239","38,800",0.448
10,FR,2250,  Courgevaux,Total,801,1.006,"1,256",187,0.831,"55,216","45,700",0.461,"39,955","35,300",0.432,"64,736","52,100",0.452,"45,499","41,933",0.403
10,FR,2251,  Courlevon,Total,186,0.208,"1,121",233,0.803,"54,222","48,250",0.404,"41,600","38,522",0.376,"62,300","56,600",0.402,"46,705","43,850",0.352
10,FR,2254,  Courtepin,Total,"1,789",1.575,880,177,0.804,"52,249","46,700",0.412,"37,068","34,333",0.386,"62,653","55,300",0.409,"43,005","41,846",0.355
10,FR,2257,  Cressier (FR),Total,538,0.611,"1,136",201,0.785,"56,125","46,650",0.43,"41,216","36,150",0.400,"65,450","54,400",0.427,"46,672","43,515",0.374
10,FR,2258,  Fräschels,Total,275,0.382,"1,391",246,0.798,"58,501","47,000",0.452,"42,184","38,200",0.410,"67,807","53,700",0.445,"47,875","44,200",0.390
10,FR,2259,  Galmiz,Total,388,0.376,969,196,0.809,"52,483","46,550",0.399,"40,835","35,449",0.390,"61,002","51,750",0.398,"46,002","42,390",0.361
10,FR,2260,  Gempenach,Total,200,0.139,696,203,0.744,"48,633","46,150",0.378,"38,394","38,950",0.355,"55,903","50,000",0.38,"43,042","42,550",0.333
10,FR,2261,  Greng,Total,112,0.89,"7,945",989,0.836,"123,890","78,450",0.581,"102,606","58,231",0.605,"132,675","88,300",0.56,"107,615","67,300",0.579
10,FR,2262,  Gurmels,Total,"2,407",2.617,"1,087",188,0.817,"54,188","46,000",0.427,"39,290","35,611",0.390,"63,462","52,800",0.424,"44,749","42,056",0.365
10,FR,2264,  Jeuss,Total,240,0.397,"1,654",312,0.834,"60,542","50,850",0.481,"41,401","38,246",0.427,"70,822","54,100",0.479,"47,212","46,798",0.407
10,FR,2265,  Kerzers,Total,"2,754",2.906,"1,055",216,0.799,"54,739","47,900",0.407,"41,066","37,550",0.378,"63,823","54,850",0.402,"46,466","44,098",0.349
10,FR,2266,  Kleinbösingen,Total,373,0.501,"1,343",360,0.75,"61,486","51,700",0.396,"47,020","41,400",0.372,"69,950","58,900",0.396,"52,172","48,533",0.349
10,FR,2270,  Lurtigen,Total,121,0.062,512,148,0.749,"44,694","41,200",0.369,"35,404","32,923",0.352,"52,107","49,600",0.368,"40,135","37,800",0.326
10,FR,2271,  Meyriez,Total,380,0.96,"2,527",323,0.815,"70,478","50,900",0.508,"50,357","42,967",0.462,"78,942","60,550",0.502,"55,332","47,342",0.444
10,FR,2272,  Misery-Courtion,Total,"1,000",0.807,807,158,0.822,"49,139","44,650",0.416,"36,160","33,272",0.395,"58,879","50,600",0.414,"41,783","40,050",0.362
10,FR,2274,  Muntelier,Total,576,1.579,"2,741",588,0.79,"78,045","63,100",0.437,"58,083","49,514",0.402,"86,843","68,850",0.43,"63,397","54,171",0.382
10,FR,2275,  Murten,Total,"4,012",5.664,"1,412",208,0.826,"56,996","45,900",0.45,"43,079","37,600",0.415,"65,186","51,900",0.441,"48,067","43,117",0.388
10,FR,2276,  Ried bei Kerzers,Total,575,0.9,"1,565",274,0.835,"60,182","48,800",0.444,"43,974","38,600",0.411,"69,705","55,500",0.439,"49,569","45,400",0.384
10,FR,2277,  Salvenach,Total,345,0.555,"1,608",233,0.857,"60,171","48,900",0.442,"45,249","38,000",0.416,"68,987","54,300",0.435,"50,606","44,100",0.387
10,FR,2278,  Ulmiz,Total,253,0.245,968,197,0.801,"51,130","45,700",0.438,"38,783","35,667",0.411,"59,660","50,300",0.429,"43,973","42,000",0.381
10,FR,2279,  Villarepos,Total,364,0.457,"1,254",218,0.817,"55,934","47,300",0.422,"43,275","38,400",0.400,"64,143","51,550",0.415,"48,195","44,267",0.369
10,FR,2280,  Bas-Vully,Total,"1,257",1.559,"1,240",276,0.782,"58,173","50,500",0.418,"44,306","39,667",0.404,"66,965","57,500",0.413,"49,568","44,933",0.376
10,FR,2281,  Haut-Vully,Total,871,2.978,"3,419",481,0.831,"80,370","58,000",0.507,"60,401","45,600",0.480,"88,534","64,300",0.491,"65,460","51,300",0.455
10,FR,2283,  Wallenried,Total,252,0.285,"1,132",184,0.825,"53,927","46,000",0.452,"37,323","33,113",0.415,"63,729","53,800",0.449,"42,881","41,083",0.388
10,FR,2291,  Alterswil,Total,"1,228",0.82,668,180,0.77,"48,536","44,600",0.372,"37,258","34,800",0.351,"56,996","50,300",0.375,"42,332","40,615",0.321
10,FR,2292,  Brünisried,Total,424,0.249,588,199,0.729,"47,595","43,250",0.357,"37,765","36,400",0.335,"54,946","48,650",0.361,"42,427","41,333",0.313
10,FR,2293,  Düdingen,Total,"4,780",5.679,"1,188",213,0.82,"54,411","46,100",0.43,"41,282","37,211",0.394,"62,427","51,450",0.426,"46,162","43,088",0.368
10,FR,2294,  Giffers,Total,894,0.757,846,191,0.793,"51,276","45,850",0.392,"38,523","36,771",0.359,"59,990","50,650",0.392,"43,739","41,967",0.331
10,FR,2295,  Bösingen,Total,"2,008",2.044,"1,018",251,0.772,"55,504","49,550",0.399,"41,220","38,367",0.374,"64,375","57,000",0.397,"46,532","45,000",0.349
10,FR,2296,  Heitenried,Total,822,0.505,614,180,0.75,"48,658","44,450",0.373,"36,624","34,200",0.345,"57,508","50,600",0.382,"41,850","40,900",0.321
10,FR,2298,  Oberschrot,Total,743,0.346,466,135,0.757,"42,905","40,500",0.399,"32,719","31,625",0.363,"51,063","45,800",0.408,"37,637","38,048",0.341
10,FR,2299,  Plaffeien,Total,"1,340",0.687,513,125,0.793,"40,755","37,200",0.421,"31,921","29,633",0.396,"47,860","42,400",0.418,"36,402","35,048",0.367
10,FR,2300,  Plasselb,Total,638,0.372,583,168,0.763,"45,537","42,250",0.392,"35,588","33,922",0.374,"53,271","46,800",0.39,"40,343","39,952",0.344
10,FR,2301,  Rechthalten,Total,663,0.475,717,185,0.765,"49,079","44,100",0.382,"38,035","34,600",0.358,"57,194","49,700",0.383,"42,927","41,100",0.330
10,FR,2302,  St. Antoni,Total,"1,191",0.963,809,198,0.791,"50,928","45,800",0.365,"39,020","35,333",0.345,"59,359","52,100",0.364,"44,146","41,190",0.315
10,FR,2303,  St. Silvester,Total,595,0.259,435,155,0.725,"43,525","42,500",0.367,"33,649","32,900",0.347,"51,286","46,700",0.371,"38,401","38,579",0.319
10,FR,2304,  St. Ursen,Total,820,0.636,776,150,0.824,"46,076","39,300",0.443,"35,014","32,883",0.402,"54,043","44,300",0.442,"39,839","38,507",0.378
10,FR,2305,  Schmitten (FR),Total,"2,348",2.571,"1,095",204,0.815,"54,172","47,200",0.428,"39,711","36,833",0.396,"63,256","53,700",0.425,"45,033","42,711",0.368
10,FR,2306,  Tafers,Total,"1,938",2.447,"1,263",208,0.825,"55,714","46,100",0.44,"41,349","36,800",0.405,"64,265","52,500",0.437,"46,402","42,829",0.379
10,FR,2307,  Tentlingen,Total,801,0.595,743,179,0.769,"49,702","44,900",0.395,"37,911","35,467",0.372,"57,758","50,800",0.395,"42,810","41,000",0.345
10,FR,2308,  Ueberstorf,Total,"1,423",1.516,"1,066",228,0.795,"54,912","47,600",0.395,"41,445","37,900",0.363,"63,460","53,500",0.393,"46,546","43,722",0.336
10,FR,2309,  Wünnewil-Flamatt,Total,"3,252",2.976,915,180,0.816,"50,532","43,900",0.418,"38,329","34,800",0.396,"59,177","50,950",0.411,"43,488","40,976",0.364
10,FR,2310,  Zumholz,Total,254,0.123,486,139,0.777,"42,241","40,900",0.372,"33,849","30,800",0.368,"49,448","46,300",0.368,"38,254","36,952",0.333
10,FR,2321,  Attalens,Total,"1,882",2.676,"1,422",202,0.825,"57,960","47,600",0.462,"41,805","36,400",0.432,"67,482","54,700",0.457,"47,336","43,600",0.404
10,FR,2323,  Bossonnens,Total,826,0.845,"1,023",152,0.839,"50,910","42,250",0.45,"36,442","33,200",0.399,"60,531","48,250",0.447,"42,012","38,495",0.371
10,FR,2325,  Châtel-Saint-Denis,Total,"3,763",5.424,"1,441",185,0.862,"55,374","44,400",0.47,"41,559","35,200",0.440,"64,137","50,700",0.459,"46,758","41,300",0.407
10,FR,2328,  Granges (Veveyse),Total,466,0.613,"1,315",224,0.797,"58,595","51,150",0.439,"41,822","37,177",0.409,"68,747","58,150",0.43,"47,637","44,484",0.378
10,FR,2333,  Remaufens,Total,555,0.73,"1,316",191,0.832,"58,217","49,100",0.433,"40,842","36,100",0.401,"69,059","58,900",0.427,"47,056","43,300",0.368
10,FR,2335,  Saint-Martin (FR),Total,602,0.575,955,95,0.865,"47,289","39,850",0.49,"33,398","28,217",0.458,"57,205","47,200",0.479,"39,006","36,390",0.423
10,FR,2336,  Semsales,Total,815,0.739,907,188,0.807,"51,701","45,400",0.394,"39,380","35,722",0.369,"60,536","51,300",0.393,"44,651","42,125",0.339
10,FR,2337,  Le Flon,Total,647,0.387,598,109,0.801,"46,102","42,700",0.419,"33,247","29,500",0.403,"56,555","51,500",0.417,"39,104","37,800",0.368
10,FR,2338,  La Verrerie,Total,620,0.479,773,91,0.855,"46,398","39,950",0.445,"33,251","28,586",0.417,"56,493","47,850",0.437,"39,039","35,476",0.381
11,SO,2401,  Egerkingen,Total,"2,047",1.996,975,242,0.786,"52,768","47,900",0.399,"41,188","39,067",0.386,"60,717","53,900",0.393,"46,087","44,267",0.354
11,SO,2402,  Härkingen,Total,933,1.014,"1,086",326,0.758,"56,721","51,300",0.38,"44,405","42,100",0.365,"65,015","56,600",0.376,"49,507","46,700",0.336
11,SO,2403,  Kestenholz,Total,"1,050",1.086,"1,034",236,0.794,"53,961","47,900",0.405,"40,493","38,600",0.375,"62,733","53,550",0.401,"45,750","44,300",0.343
11,SO,2404,  Neuendorf,Total,"1,220",1.238,"1,015",283,0.774,"54,417","49,550",0.404,"41,166","39,150",0.377,"62,958","55,250",0.402,"46,347","45,071",0.350
11,SO,2405,  Niederbuchsiten,Total,700,0.541,773,254,0.733,"51,459","48,050",0.358,"41,645","39,250",0.354,"59,037","53,400",0.354,"46,347","44,350",0.324
11,SO,2406,  Oberbuchsiten,Total,"1,312",1.178,898,236,0.759,"52,288","48,450",0.393,"40,544","38,156",0.373,"60,357","53,850",0.388,"45,474","43,800",0.343
11,SO,2407,  Oensingen,Total,"3,807",4.086,"1,073",234,0.801,"52,948","46,600",0.411,"42,287","39,222",0.392,"60,116","51,600",0.406,"46,770","43,900",0.367
11,SO,2408,  Wolfwil,Total,"1,243",1.365,"1,098",216,0.813,"54,340","48,300",0.403,"41,503","37,267",0.383,"62,636","54,500",0.397,"46,618","43,200",0.353
11,SO,2421,  Aedermannsdorf,Total,328,0.232,708,147,0.813,"46,199","39,050",0.414,"34,753","32,310",0.386,"54,884","48,200",0.403,"39,986","38,300",0.347
11,SO,2422,  Balsthal,Total,"3,530",3.316,939,186,0.822,"49,673","44,200",0.428,"38,133","35,200",0.408,"57,546","49,600",0.419,"42,906","40,748",0.376
11,SO,2423,  Gänsbrunnen,Total,59,0.024,410,77,0.79,"38,449","36,000",0.447,"29,931","27,238",0.446,"47,390","43,800",0.433,"35,115","34,250",0.401
11,SO,2424,  Herbetswil,Total,345,0.15,436,139,0.726,"41,806","39,800",0.405,"32,338","31,100",0.392,"49,616","45,600",0.402,"37,078","37,500",0.361
11,SO,2425,  Holderbank (SO),Total,393,0.296,753,148,0.826,"46,112","41,000",0.419,"35,886","32,300",0.399,"54,111","46,300",0.412,"40,794","38,000",0.366
11,SO,2426,  Laupersdorf,Total,"1,006",0.591,587,174,0.749,"47,400","44,150",0.376,"35,967","34,167",0.365,"56,217","52,050",0.371,"41,254","40,883",0.328
11,SO,2427,  Matzendorf,Total,796,0.56,704,178,0.778,"47,951","42,800",0.4,"36,226","34,550",0.373,"56,174","48,250",0.393,"41,316","40,000",0.343
11,SO,2428,  Mümliswil-Ramiswil,Total,"1,525",1.022,670,151,0.798,"45,196","40,800",0.411,"35,298","32,200",0.392,"52,909","46,900",0.406,"39,996","37,762",0.360
11,SO,2429,  Welschenrohr,Total,691,0.399,577,125,0.815,"41,812","37,600",0.416,"32,542","29,500",0.389,"49,156","43,600",0.412,"37,016","35,267",0.359
11,SO,2445,  Biezwil,Total,198,0.274,"1,383",216,0.829,"57,294","48,900",0.414,"43,934","39,650",0.377,"65,550","55,150",0.413,"49,033","45,300",0.351
11,SO,2455,  Lüterkofen-Ichertswil,Total,472,0.741,"1,569",388,0.789,"63,082","53,350",0.409,"48,671","43,450",0.381,"71,079","58,650",0.402,"53,633","48,533",0.354
11,SO,2456,  Lüterswil-Gächliwil,Total,212,0.221,"1,041",223,0.808,"51,697","44,500",0.433,"40,464","37,667",0.410,"58,801","50,100",0.431,"45,012","43,400",0.386
11,SO,2457,  Messen,Total,875,1.163,"1,329",201,0.847,"55,398","46,100",0.454,"40,600","36,200",0.422,"64,460","52,900",0.444,"46,047","42,300",0.390
11,SO,2461,  Schnottwil,Total,662,0.758,"1,145",247,0.789,"55,566","49,200",0.419,"42,449","39,317",0.400,"63,999","54,700",0.412,"47,679","45,100",0.370
11,SO,2463,  Unterramsern,Total,121,0.218,"1,799",284,0.839,"63,509","51,200",0.441,"47,013","41,733",0.407,"73,336","58,500",0.425,"53,066","46,300",0.374
11,SO,2464,  Lüsslingen-Nennigkofen,Total,642,0.915,"1,425",292,0.823,"58,174","49,550",0.434,"43,682","41,050",0.394,"66,501","56,250",0.428,"48,758","46,050",0.365
11,SO,2465,  Buchegg,Total,"1,577",1.878,"1,191",248,0.792,"56,076","48,000",0.42,"42,956","39,000",0.390,"64,431","53,800",0.414,"48,095","44,958",0.363
11,SO,2471,  Bättwil,Total,689,1.096,"1,591",344,0.781,"63,219","55,700",0.444,"45,449","40,700",0.421,"72,534","63,100",0.435,"50,983","48,056",0.393
11,SO,2472,  Büren (SO),Total,596,1.05,"1,762",201,0.849,"59,470","45,250",0.504,"43,840","36,652",0.477,"68,318","54,600",0.484,"49,211","42,800",0.442
11,SO,2473,  Dornach,Total,"4,104",11.305,"2,755",310,0.866,"68,990","49,000",0.538,"52,006","41,000",0.503,"76,505","54,550",0.522,"56,665","45,900",0.475
11,SO,2474,  Gempen,Total,523,1.095,"2,094",442,0.817,"67,079","58,300",0.475,"49,876","44,300",0.461,"75,919","63,700",0.46,"55,168","50,133",0.428
11,SO,2475,  Hochwald,Total,787,2.367,"3,008",342,0.856,"73,030","53,000",0.545,"51,022","40,900",0.505,"81,856","60,500",0.528,"56,260","47,700",0.476
11,SO,2476,  Hofstetten-Flüh,Total,"1,888",5.92,"3,135",461,0.842,"76,712","56,700",0.517,"54,050","44,646",0.474,"85,519","63,700",0.5,"59,394","50,467",0.446
11,SO,2477,  Metzerlen-Mariastein,Total,584,0.853,"1,461",349,0.782,"58,617","52,100",0.452,"45,976","42,248",0.439,"66,022","57,150",0.441,"50,734","47,472",0.413
11,SO,2478,  Nuglar-St. Pantaleon,Total,916,1.384,"1,511",297,0.795,"60,355","51,750",0.453,"43,995","41,500",0.411,"68,621","57,400",0.447,"49,071","47,414",0.387
11,SO,2479,  Rodersdorf,Total,831,1.587,"1,910",284,0.811,"62,844","50,900",0.501,"45,244","39,000",0.471,"71,451","57,100",0.483,"50,482","45,308",0.440
11,SO,2480,  Seewen,Total,650,0.962,"1,480",224,0.852,"56,020","45,850",0.476,"41,330","38,367",0.435,"63,760","53,400",0.465,"46,112","43,057",0.406
11,SO,2481,  Witterswil,Total,899,2.6,"2,893",350,0.871,"72,283","52,100",0.545,"49,239","40,333",0.492,"81,028","60,100",0.527,"54,480","47,300",0.462
11,SO,2491,  Hauenstein-Ifenthal,Total,179,0.139,778,192,0.73,"51,055","48,100",0.412,"37,457","35,300",0.386,"60,725","56,000",0.407,"43,154","40,500",0.355
11,SO,2492,  Kienberg,Total,318,0.23,723,126,0.801,"45,857","36,250",0.446,"35,114","30,804",0.426,"53,803","44,300",0.434,"39,933","36,290",0.392
11,SO,2493,  Lostorf,Total,"2,373",3.579,"1,508",310,0.806,"60,227","52,000",0.45,"44,258","40,667",0.419,"68,882","58,300",0.442,"49,531","46,333",0.393
11,SO,2495,  Niedergösgen,Total,"2,342",1.87,798,177,0.795,"48,075","43,300",0.424,"37,438","34,800",0.404,"55,682","48,500",0.415,"42,132","40,267",0.374
11,SO,2497,  Obergösgen,Total,"1,393",1.354,972,191,0.816,"50,258","43,800",0.421,"39,666","35,500",0.403,"57,591","49,200",0.41,"44,300","41,200",0.373
11,SO,2498,  Rohr (SO),Total,53,0.039,733,159,0.721,"50,691","37,600",0.392,"36,407","34,700",0.355,"60,389","47,800",0.392,"42,178","39,300",0.330
11,SO,2499,  Stüsslingen,Total,639,0.884,"1,384",326,0.793,"59,896","51,700",0.419,"44,358","40,900",0.390,"68,884","58,700",0.411,"49,872","46,933",0.362
11,SO,2500,  Trimbach,Total,"4,017",2.732,680,137,0.818,"43,348","38,900",0.451,"33,806","31,133",0.431,"50,469","44,000",0.441,"38,169","36,667",0.401
11,SO,2501,  Winznau,Total,"1,124",1.025,912,276,0.744,"52,931","48,350",0.399,"40,972","39,250",0.374,"60,550","53,850",0.398,"45,686","44,883",0.349
11,SO,2502,  Wisen (SO),Total,246,0.302,"1,227",217,0.794,"56,329","49,600",0.437,"43,002","38,417",0.423,"64,708","57,250",0.423,"48,240","44,700",0.393
11,SO,2503,  Erlinsbach (SO),Total,"2,074",1.958,944,226,0.769,"52,351","47,800",0.417,"40,027","38,256",0.395,"60,575","53,950",0.41,"45,065","43,900",0.364
11,SO,2511,  Aeschi (SO),Total,796,1.057,"1,328",275,0.801,"57,847","48,650",0.421,"45,344","40,400",0.398,"65,515","53,450",0.417,"50,155","45,150",0.375
11,SO,2513,  Biberist,Total,"5,237",4.355,832,205,0.77,"49,766","44,900",0.417,"38,856","37,154",0.391,"57,126","49,800",0.412,"43,476","42,300",0.365
11,SO,2514,  Bolken,Total,331,0.254,766,190,0.748,"51,829","49,000",0.407,"37,568","35,231",0.378,"61,215","55,300",0.405,"43,204","42,600",0.350
11,SO,2516,  Deitingen,Total,"1,330",1.293,972,246,0.761,"54,400","48,950",0.405,"40,748","38,306",0.375,"62,908","55,700",0.4,"45,948","44,542",0.347
11,SO,2517,  Derendingen,Total,"3,996",2.741,686,186,0.762,"47,046","43,400",0.403,"36,999","35,867",0.382,"54,209","48,400",0.4,"41,487","40,900",0.356
11,SO,2518,  Etziken,Total,495,0.442,893,218,0.756,"52,481","47,100",0.406,"40,146","38,400",0.376,"60,403","52,500",0.403,"45,049","43,100",0.350
11,SO,2519,  Gerlafingen,Total,"2,966",1.835,619,157,0.787,"44,586","41,700",0.408,"34,979","33,219",0.397,"52,129","47,100",0.403,"39,589","38,972",0.364
11,SO,2520,  Halten,Total,519,0.609,"1,173",266,0.792,"56,075","50,900",0.428,"40,800","38,000",0.397,"64,989","57,800",0.42,"46,196","44,381",0.368
11,SO,2523,  Horriwil,Total,505,0.662,"1,312",179,0.841,"56,261","46,300",0.449,"42,018","35,600",0.436,"65,445","54,600",0.434,"47,571","42,100",0.399
11,SO,2524,  Hüniken,Total,54,0.052,956,211,0.688,"60,780","53,800",0.317,"47,030","38,250",0.325,"70,050","61,250",0.315,"52,587","45,372",0.294
11,SO,2525,  Kriegstetten,Total,794,0.819,"1,032",287,0.764,"54,990","49,300",0.404,"41,950","40,633",0.369,"62,917","53,950",0.401,"46,892","45,867",0.345
11,SO,2526,  Lohn-Ammannsegg,Total,"1,708",3.809,"2,230",476,0.808,"70,174","57,050",0.452,"52,940","46,894",0.421,"78,333","63,050",0.441,"58,022","51,350",0.396
11,SO,2527,  Luterbach,Total,"2,177",1.569,721,234,0.725,"50,332","47,500",0.375,"39,457","38,500",0.356,"57,945","53,200",0.375,"44,187","43,700",0.331
11,SO,2528,  Obergerlafingen,Total,689,0.777,"1,128",273,0.804,"55,368","48,300",0.39,"42,343","39,467",0.363,"63,365","53,900",0.388,"47,308","44,833",0.335
11,SO,2529,  Oekingen,Total,482,0.606,"1,257",291,0.791,"58,146","51,900",0.414,"42,919","40,500",0.380,"67,156","57,700",0.412,"48,291","46,000",0.353
11,SO,2530,  Recherswil,Total,"1,122",1.057,942,276,0.765,"53,878","48,800",0.379,"41,255","39,781",0.353,"62,360","55,400",0.373,"46,533","45,667",0.323
11,SO,2532,  Subingen,Total,"1,867",1.694,908,225,0.762,"52,885","47,600",0.408,"40,118","38,231",0.384,"61,245","53,300",0.406,"45,221","44,400",0.357
11,SO,2534,  Zuchwil,Total,"5,541",3.403,614,178,0.758,"44,923","42,100",0.4,"36,128","34,900",0.383,"51,590","46,700",0.397,"40,350","39,923",0.357
11,SO,2535,  Drei Höfe,Total,456,0.422,925,222,0.772,"52,722","46,250",0.408,"39,443","38,350",0.373,"61,356","51,750",0.404,"44,727","43,500",0.345
11,SO,2541,  Balm bei Günsberg,Total,114,0.202,"1,771",270,0.801,"64,539","46,650",0.457,"45,055","40,976",0.406,"74,339","56,150",0.451,"51,051","45,050",0.385
11,SO,2542,  Bellach,Total,"3,271",2.866,876,192,0.788,"49,775","44,300",0.421,"38,722","36,000",0.396,"57,027","49,700",0.413,"43,306","41,100",0.369
11,SO,2543,  Bettlach,Total,"3,142",5.044,"1,605",300,0.837,"59,992","49,800",0.442,"46,498","41,400",0.410,"67,458","54,700",0.435,"51,223","46,667",0.385
11,SO,2544,  Feldbrunnen-St. Niklaus,Total,649,4.147,"6,389",793,0.836,"109,216","67,100",0.565,"79,914","57,619",0.519,"117,078","73,300",0.55,"84,872","61,800",0.499
11,SO,2545,  Flumenthal,Total,635,0.509,802,214,0.75,"50,541","46,400",0.378,"39,847","37,800",0.354,"57,719","52,200",0.379,"44,452","42,000",0.331
11,SO,2546,  Grenchen,Total,"10,721",8.505,793,181,0.797,"47,149","42,300",0.419,"37,596","35,000",0.396,"53,737","47,000",0.414,"41,806","39,900",0.371
11,SO,2547,  Günsberg,Total,744,1.906,"2,562",297,0.897,"67,472","47,400",0.512,"50,187","40,400",0.463,"74,937","52,650",0.496,"54,860","45,200",0.433
11,SO,2548,  Hubersdorf,Total,429,0.406,946,262,0.737,"55,171","50,000",0.408,"40,549","39,300",0.387,"64,872","57,700",0.404,"46,299","45,300",0.356
11,SO,2549,  Kammersrohr,Total,27,0.18,"6,680",158,0.915,"95,837","37,800",0.692,"72,091","34,600",0.646,"100,944","40,400",0.672,"75,662","37,200",0.620
11,SO,2550,  Langendorf,Total,"2,400",2.954,"1,231",288,0.789,"56,319","48,300",0.427,"43,064","40,113",0.391,"63,860","53,700",0.424,"47,761","45,500",0.368
11,SO,2551,  Lommiswil,Total,896,0.997,"1,112",304,0.753,"57,108","51,350",0.413,"42,042","39,790",0.382,"65,984","57,600",0.407,"47,455","45,938",0.356
11,SO,2553,  Oberdorf (SO),Total,997,1.98,"1,986",397,0.803,"66,109","54,500",0.469,"47,569","42,500",0.431,"75,260","61,700",0.458,"53,057","49,100",0.405
11,SO,2554,  Riedholz,Total,"1,354",2.248,"1,660",424,0.777,"64,645","55,300",0.423,"47,797","44,354",0.392,"73,515","61,900",0.415,"53,221","50,171",0.366
11,SO,2555,  Rüttenen,Total,946,1.279,"1,352",284,0.791,"58,212","50,100",0.43,"44,787","39,250",0.401,"66,002","55,650",0.419,"49,614","45,200",0.372
11,SO,2556,  Selzach,Total,"2,052",2.064,"1,006",218,0.791,"53,432","46,500",0.405,"41,589","38,456",0.386,"61,562","52,400",0.403,"46,595","43,304",0.358
11,SO,2571,  Boningen,Total,465,0.421,905,263,0.763,"53,110","49,100",0.383,"42,014","40,500",0.362,"61,232","52,400",0.386,"46,985","45,800",0.334
11,SO,2572,  Däniken,Total,"1,767",1.861,"1,053",281,0.773,"54,441","49,100",0.398,"42,972","40,200",0.385,"62,032","53,800",0.392,"47,672","45,200",0.357
11,SO,2573,  Dulliken,Total,"2,965",1.688,569,156,0.771,"43,722","41,000",0.413,"34,096","32,200",0.399,"50,963","46,400",0.406,"38,569","38,000",0.368
11,SO,2574,  Eppenberg-Wöschnau,Total,193,0.259,"1,344",148,0.885,"51,478","39,300",0.492,"40,497","32,100",0.461,"57,579","43,600",0.478,"44,413","37,100",0.434
11,SO,2575,  Fulenbach,Total,"1,027",1.074,"1,046",263,0.783,"54,250","48,700",0.404,"41,503","38,600",0.378,"62,401","54,100",0.397,"46,446","44,300",0.348
11,SO,2576,  Gretzenbach,Total,"1,560",1.876,"1,202",214,0.815,"55,148","47,200",0.438,"40,768","37,500",0.403,"63,891","52,950",0.432,"46,033","44,000",0.375
11,SO,2578,  Gunzgen,Total,"1,040",0.883,849,290,0.735,"52,915","49,950",0.377,"41,099","39,929",0.356,"60,840","55,400",0.376,"46,031","45,926",0.329
11,SO,2579,  Hägendorf,Total,"2,854",4.452,"1,560",283,0.823,"60,121","50,300",0.444,"45,189","39,683",0.419,"68,648","56,800",0.434,"50,361","45,840",0.390
11,SO,2580,  Kappel (SO),Total,"1,839",2.888,"1,570",294,0.832,"60,010","50,200",0.434,"45,185","40,615",0.401,"68,332","55,500",0.425,"50,318","46,429",0.372
11,SO,2581,  Olten,Total,"12,052",13.871,"1,151",217,0.811,"51,697","44,700",0.446,"42,370","38,293",0.422,"57,708","49,050",0.437,"46,257","42,800",0.398
11,SO,2582,  Rickenbach (SO),Total,540,0.988,"1,829",335,0.83,"62,840","51,650",0.449,"48,586","40,850",0.425,"70,626","56,450",0.437,"53,514","46,696",0.398
11,SO,2583,  Schönenwerd,Total,"3,000",2.106,702,173,0.788,"46,247","42,400",0.416,"35,876","33,883",0.391,"53,668","47,750",0.41,"40,509","39,460",0.362
11,SO,2584,  Starrkirch-Wil,Total,"1,024",1.921,"1,876",442,0.8,"65,479","56,800",0.453,"48,096","43,269",0.424,"74,489","62,550",0.445,"53,491","50,217",0.398
11,SO,2585,  Walterswil (SO),Total,443,0.34,769,180,0.778,"48,786","43,100",0.404,"37,909","34,133",0.379,"56,364","50,100",0.399,"42,627","39,933",0.352
11,SO,2586,  Wangen bei Olten,Total,"3,146",3.645,"1,159",258,0.796,"54,656","47,500",0.433,"41,880","39,479",0.404,"62,457","52,350",0.429,"46,693","44,800",0.380
11,SO,2601,  Solothurn,Total,"11,737",17.451,"1,487",299,0.816,"57,048","48,100",0.446,"46,691","42,100",0.416,"63,113","52,200",0.438,"50,645","46,400",0.394
11,SO,2611,  Bärschwil,Total,527,0.315,599,155,0.753,"44,832","39,600",0.41,"35,164","33,000",0.393,"51,677","45,600",0.405,"39,564","36,600",0.368
11,SO,2612,  Beinwil (SO),Total,155,0.074,477,117,0.788,"41,155","38,700",0.399,"32,302","30,000",0.403,"49,973","45,900",0.395,"37,408","36,733",0.358
11,SO,2613,  Breitenbach,Total,"2,250",2.837,"1,261",202,0.84,"53,698","44,900",0.459,"40,286","35,800",0.434,"61,836","51,100",0.446,"45,241","41,414",0.401
11,SO,2614,  Büsserach,Total,"1,348",2.022,"1,500",220,0.861,"56,788","47,600",0.468,"41,388","37,919",0.418,"64,997","52,600",0.455,"46,369","43,900",0.387
11,SO,2615,  Erschwil,Total,541,0.541,"1,000",190,0.825,"51,106","44,200",0.431,"38,343","35,200",0.410,"59,552","50,700",0.419,"43,515","41,467",0.377
11,SO,2616,  Fehren,Total,373,0.271,726,192,0.758,"49,065","45,100",0.422,"36,334","34,733",0.390,"57,636","50,000",0.422,"41,418","40,875",0.365
11,SO,2617,  Grindel,Total,308,0.297,963,139,0.862,"47,101","39,500",0.455,"36,063","30,835",0.443,"54,737","47,250",0.436,"40,826","37,033",0.403
11,SO,2618,  Himmelried,Total,600,0.975,"1,624",299,0.821,"59,930","47,950",0.455,"46,280","40,183",0.430,"67,562","53,050",0.444,"51,079","45,367",0.403
11,SO,2619,  Kleinlützel,Total,804,0.465,578,132,0.797,"42,709","38,750",0.43,"33,015","30,517",0.411,"50,047","44,050",0.417,"37,629","35,650",0.376
11,SO,2620,  Meltingen,Total,401,0.308,767,168,0.785,"47,714","42,800",0.436,"36,264","33,667",0.422,"55,825","50,800",0.429,"41,226","39,933",0.392
11,SO,2621,  Nunningen,Total,"1,157",1.404,"1,214",210,0.827,"54,187","46,100",0.445,"41,566","36,600",0.423,"62,046","52,400",0.437,"46,386","42,542",0.394
11,SO,2622,  Zullwil,Total,377,0.206,546,154,0.76,"44,681","42,400",0.398,"34,116","32,100",0.390,"52,850","49,700",0.397,"38,940","38,300",0.355
12,BS,2701,  Basel,Total,"110,705",259.125,"2,341",210,0.883,"61,891","43,900",0.535,"49,869","37,300",0.512,"68,556","49,200",0.508,"54,268","42,100",0.475
12,BS,2702,  Bettingen,Total,689,6.755,"9,803",685,0.911,"135,166","63,500",0.697,"109,226","50,000",0.708,"143,702","69,000",0.673,"114,531","55,333",0.682
12,BS,2703,  Riehen,Total,"12,717",48.981,"3,852",495,0.853,"83,132","57,200",0.537,"60,800","45,619",0.501,"91,572","64,200",0.516,"66,081","51,300",0.469
13,BL,2761,  Aesch (BL),Total,"6,146",9.894,"1,610",424,0.78,"63,445","54,900",0.418,"47,711","44,083",0.388,"71,841","61,400",0.405,"52,967","49,856",0.357
13,BL,2762,  Allschwil,Total,"12,700",25.359,"1,997",448,0.801,"66,018","54,200",0.451,"50,721","45,200",0.419,"73,907","60,000",0.436,"55,728","50,272",0.389
13,BL,2763,  Arlesheim,Total,"5,699",23.724,"4,163",458,0.87,"85,172","56,400",0.557,"62,163","45,333",0.518,"93,625","63,000",0.535,"67,438","51,000",0.486
13,BL,2764,  Biel-Benken,Total,"1,860",8.268,"4,445",860,0.799,"103,201","71,000",0.527,"71,597","52,767",0.494,"113,273","80,600",0.506,"77,608","59,250",0.464
13,BL,2765,  Binningen,Total,"9,351",44.319,"4,740",548,0.865,"91,140","58,500",0.559,"67,782","48,333",0.522,"99,140","64,500",0.538,"72,825","53,400",0.493
13,BL,2766,  Birsfelden,Total,"6,594",6.321,959,270,0.768,"51,991","47,800",0.4,"41,787","40,000",0.386,"59,215","53,200",0.384,"46,472","44,867",0.350
13,BL,2767,  Bottmingen,Total,"3,852",20.135,"5,227",764,0.826,"98,537","65,800",0.536,"71,032","53,300",0.498,"107,293","72,950",0.516,"76,396","58,300",0.470
13,BL,2768,  Ettingen,Total,"2,996",5.794,"1,934",490,0.783,"68,203","58,050",0.427,"51,084","46,000",0.397,"76,695","64,700",0.413,"56,370","51,838",0.367
13,BL,2769,  Münchenstein,Total,"7,398",11.746,"1,588",313,0.815,"59,296","49,800",0.46,"45,070","40,733",0.432,"67,583","55,900",0.441,"50,235","46,267",0.396
13,BL,2770,  Muttenz,Total,"10,789",20.574,"1,907",397,0.817,"64,597","53,500",0.453,"48,697","43,867",0.417,"72,745","59,200",0.439,"53,811","48,900",0.386
13,BL,2771,  Oberwil (BL),Total,"6,577",24.197,"3,679",603,0.827,"83,643","61,100",0.508,"60,512","49,000",0.470,"92,486","68,200",0.49,"65,939","54,333",0.441
13,BL,2772,  Pfeffingen,Total,"1,358",6.257,"4,607",756,0.826,"94,184","69,350",0.528,"65,113","51,050",0.493,"104,085","76,500",0.509,"71,067","57,752",0.464
13,BL,2773,  Reinach (BL),Total,"11,609",27.949,"2,408",440,0.836,"69,999","55,100",0.474,"51,685","45,000",0.430,"78,113","61,100",0.457,"56,788","50,000",0.399
13,BL,2774,  Schönenbuch,Total,830,2.08,"2,506",624,0.779,"75,053","62,250",0.448,"55,549","48,733",0.427,"84,107","69,300",0.431,"61,103","54,972",0.396
13,BL,2775,  Therwil,Total,"5,876",17.54,"2,985",553,0.826,"77,374","59,900",0.484,"56,199","46,781",0.451,"86,394","67,200",0.466,"61,726","52,679",0.419
13,BL,2781,  Blauen,Total,417,0.959,"2,300",300,0.87,"66,726","49,900",0.483,"49,798","40,000",0.453,"75,188","57,200",0.462,"55,048","45,667",0.417
13,BL,2782,  Brislach,Total,922,0.81,879,218,0.768,"53,326","50,900",0.398,"39,277","37,200",0.384,"63,188","58,200",0.39,"45,196","43,464",0.346
13,BL,2783,  Burg im Leimental,Total,164,0.364,"2,218",203,0.893,"62,970","49,350",0.511,"47,032","37,000",0.489,"71,721","55,450",0.485,"52,391","43,493",0.444
13,BL,2784,  Dittingen,Total,440,0.387,879,215,0.761,"52,146","46,300",0.398,"40,128","38,917",0.374,"60,329","52,550",0.385,"45,288","44,250",0.340
13,BL,2785,  Duggingen,Total,846,1.49,"1,762",367,0.807,"64,412","54,350",0.444,"46,174","41,350",0.410,"74,196","60,450",0.431,"52,071","47,829",0.378
13,BL,2786,  Grellingen,Total,"1,092",1.285,"1,177",197,0.822,"52,866","44,450",0.459,"40,454","34,805",0.438,"60,895","51,000",0.438,"45,512","40,850",0.399
13,BL,2787,  Laufen,Total,"3,382",3.667,"1,084",231,0.8,"52,888","46,500",0.43,"40,954","38,547",0.402,"60,797","51,250",0.415,"45,929","43,750",0.366
13,BL,2788,  Liesberg,Total,735,0.652,888,206,0.778,"50,779","45,600",0.409,"38,778","37,200",0.380,"58,652","51,700",0.399,"43,726","41,700",0.347
13,BL,2789,  Nenzlingen,Total,237,0.346,"1,461",226,0.82,"59,978","49,400",0.421,"43,155","38,700",0.378,"69,517","57,100",0.408,"48,947","43,190",0.345
13,BL,2790,  Roggenburg,Total,176,0.079,446,97,0.794,"40,023","37,100",0.41,"30,910","27,749",0.400,"48,235","43,450",0.396,"35,989","34,400",0.355
13,BL,2791,  Röschenz,Total,"1,063",1.549,"1,457",385,0.77,"62,933","54,700",0.402,"46,735","43,667",0.371,"71,995","60,500",0.395,"52,289","49,133",0.342
13,BL,2792,  Wahlen,Total,835,0.705,844,245,0.746,"53,011","49,600",0.385,"39,715","38,154",0.361,"61,878","56,400",0.378,"45,200","43,750",0.328
13,BL,2793,  Zwingen,Total,"1,330",1.359,"1,022",228,0.791,"53,444","47,300",0.41,"41,379","38,200",0.393,"61,643","53,550",0.396,"46,529","44,000",0.356
13,BL,2821,  Arisdorf,Total,933,1.912,"2,049",457,0.795,"70,000","59,100",0.422,"51,521","45,100",0.400,"79,697","68,200",0.408,"57,343","51,286",0.366
13,BL,2822,  Augst,Total,602,0.911,"1,513",505,0.749,"62,551","58,550",0.403,"49,903","46,350",0.390,"69,974","63,650",0.388,"54,725","51,579",0.358
13,BL,2823,  Bubendorf,Total,"2,609",3.87,"1,483",339,0.797,"60,607","52,000",0.442,"44,034","41,133",0.409,"69,819","59,300",0.429,"49,617","46,800",0.376
13,BL,2824,  Frenkendorf,Total,"3,780",5.184,"1,371",268,0.821,"57,537","48,600",0.434,"43,145","39,300",0.402,"66,210","54,900",0.418,"48,460","45,113",0.364
13,BL,2825,  Füllinsdorf,Total,"2,610",4.604,"1,764",341,0.817,"62,197","51,300",0.457,"46,719","41,000",0.432,"70,560","58,150",0.436,"51,896","46,700",0.395
13,BL,2826,  Giebenach,Total,617,0.922,"1,495",463,0.749,"63,781","58,800",0.406,"47,916","44,000",0.393,"72,825","66,200",0.392,"53,484","50,900",0.360
13,BL,2827,  Hersberg,Total,198,0.398,"2,012",675,0.749,"70,355","62,950",0.417,"52,221","50,144",0.380,"79,271","69,200",0.407,"57,716","55,233",0.354
13,BL,2828,  Lausen,Total,"2,960",2.978,"1,006",313,0.749,"55,470","50,900",0.397,"41,937","40,700",0.375,"64,344","57,600",0.387,"47,380","46,633",0.340
13,BL,2829,  Liestal,Total,"8,506",13.105,"1,541",274,0.825,"58,391","48,300",0.461,"44,413","39,517",0.433,"66,742","54,600",0.443,"49,582","45,144",0.396
13,BL,2830,  Lupsingen,Total,784,2.334,"2,977",589,0.824,"79,708","62,150",0.474,"56,476","46,734",0.451,"89,977","71,700",0.455,"62,536","54,081",0.416
13,BL,2831,  Pratteln,Total,"9,437",10.006,"1,060",215,0.813,"52,195","46,200",0.427,"40,395","37,000",0.411,"60,449","52,300",0.407,"45,531","42,867",0.369
13,BL,2832,  Ramlinsburg,Total,422,1.051,"2,492",590,0.769,"75,000","61,800",0.447,"54,111","47,967",0.409,"84,301","70,300",0.437,"59,738","53,200",0.382
13,BL,2833,  Seltisberg,Total,774,2.03,"2,623",638,0.771,"77,125","63,400",0.446,"55,245","49,659",0.412,"86,670","70,400",0.433,"61,030","56,569",0.383
13,BL,2834,  Ziefen,Total,860,0.894,"1,040",201,0.795,"53,968","48,000",0.44,"38,228","35,900",0.407,"63,649","56,150",0.424,"44,016","42,700",0.370
13,BL,2841,  Anwil,Total,327,0.382,"1,170",180,0.835,"54,003","45,400",0.436,"39,048","34,100",0.405,"63,947","51,400",0.419,"44,962","41,700",0.364
13,BL,2842,  Böckten,Total,454,0.935,"2,059",324,0.848,"66,980","53,200",0.451,"50,718","41,560",0.433,"76,369","60,350",0.433,"56,442","47,150",0.397
13,BL,2843,  Buckten,Total,387,0.363,938,207,0.765,"53,991","47,400",0.393,"40,756","37,500",0.373,"63,070","55,000",0.376,"46,336","44,143",0.334
13,BL,2844,  Buus,Total,584,0.62,"1,062",260,0.788,"54,833","49,200",0.408,"40,721","38,923",0.379,"64,072","56,000",0.397,"46,306","45,350",0.343
13,BL,2845,  Diepflingen,Total,413,0.475,"1,151",314,0.766,"58,231","54,300",0.395,"42,879","41,148",0.367,"67,913","62,800",0.386,"48,669","47,100",0.332
13,BL,2846,  Gelterkinden,Total,"3,619",3.796,"1,049",289,0.767,"55,027","49,400",0.403,"42,087","40,333",0.375,"63,235","55,100",0.392,"47,238","45,867",0.343
13,BL,2847,  Häfelfingen,Total,160,0.161,"1,005",243,0.758,"55,228","47,450",0.394,"43,079","41,250",0.373,"64,417","53,050",0.378,"48,597","44,554",0.336
13,BL,2848,  Hemmiken,Total,167,0.125,747,200,0.754,"50,116","43,600",0.395,"38,024","36,381",0.364,"58,456","47,700",0.384,"43,368","41,556",0.334
13,BL,2849,  Itingen,Total,"1,163",1.475,"1,269",345,0.767,"60,179","54,400",0.398,"44,674","40,762",0.379,"69,649","60,400",0.384,"50,434","47,231",0.343
13,BL,2850,  Känerkinden,Total,306,0.725,"2,368",381,0.845,"69,818","55,450",0.469,"53,047","42,293",0.461,"79,234","62,450",0.451,"58,721","48,781",0.424
13,BL,2851,  Kilchberg (BL),Total,78,0.144,"1,848",397,0.804,"66,750","52,450",0.423,"47,611","38,143",0.417,"77,931","68,850",0.407,"54,040","49,205",0.379
13,BL,2852,  Läufelfingen,Total,747,0.931,"1,246",191,0.853,"54,678","47,400",0.441,"40,363","36,133",0.417,"63,939","55,200",0.425,"45,967","42,476",0.377
13,BL,2853,  Maisprach,Total,587,1.18,"2,011",433,0.807,"66,630","54,300",0.456,"50,752","44,857",0.428,"74,681","61,000",0.442,"55,840","49,900",0.398
13,BL,2854,  Nusshof,Total,139,0.405,"2,916",962,0.737,"85,127","73,500",0.396,"61,475","53,222",0.381,"96,293","82,600",0.384,"67,996","60,400",0.351
13,BL,2855,  Oltingen,Total,265,0.174,657,151,0.774,"48,715","45,000",0.388,"35,951","33,333",0.364,"58,848","51,300",0.385,"41,937","40,600",0.327
13,BL,2856,  Ormalingen,Total,"1,273",1.726,"1,356",302,0.797,"59,242","50,900",0.411,"44,646","41,300",0.372,"67,634","55,800",0.402,"49,901","46,500",0.342
13,BL,2857,  Rickenbach (BL),Total,337,0.414,"1,228",262,0.794,"57,824","50,400",0.404,"42,327","39,400",0.384,"67,458","58,500",0.392,"48,101","45,067",0.347
13,BL,2858,  Rothenfluh,Total,460,0.524,"1,138",206,0.8,"54,582","45,950",0.445,"39,776","35,075",0.408,"63,727","53,550",0.43,"45,277","41,250",0.372
13,BL,2859,  Rümlingen,Total,211,0.166,786,182,0.749,"51,280","46,600",0.387,"38,602","35,000",0.387,"61,176","56,100",0.367,"44,439","40,692",0.341
13,BL,2860,  Rünenberg,Total,461,0.693,"1,504",276,0.828,"60,633","52,300",0.427,"43,607","38,813",0.388,"69,615","59,400",0.41,"49,128","45,300",0.353
13,BL,2861,  Sissach,Total,"4,075",7.241,"1,777",363,0.811,"63,737","52,700",0.436,"48,624","42,857",0.404,"72,023","57,900",0.424,"53,772","48,100",0.373
13,BL,2862,  Tecknau,Total,467,0.477,"1,022",154,0.85,"50,525","44,000",0.455,"36,517","32,333",0.434,"60,268","52,000",0.431,"42,429","39,067",0.389
13,BL,2863,  Tenniken,Total,531,0.605,"1,139",346,0.741,"59,256","52,800",0.375,"44,014","41,900",0.345,"68,366","61,300",0.369,"49,583","46,905",0.316
13,BL,2864,  Thürnen,Total,838,0.911,"1,087",251,0.791,"54,804","48,000",0.403,"42,130","39,600",0.384,"63,259","54,750",0.391,"47,382","44,850",0.348
13,BL,2865,  Wenslingen,Total,416,0.506,"1,217",334,0.762,"60,399","54,250",0.386,"44,356","40,195",0.365,"69,972","60,900",0.378,"50,214","46,367",0.334
13,BL,2866,  Wintersingen,Total,382,0.442,"1,156",231,0.783,"55,510","48,300",0.424,"42,606","38,750",0.409,"63,564","57,200",0.407,"47,661","43,150",0.374
13,BL,2867,  Wittinsburg,Total,227,0.301,"1,327",279,0.778,"61,567","50,800",0.403,"44,547","39,600",0.381,"72,196","59,800",0.392,"50,693","46,500",0.345
13,BL,2868,  Zeglingen,Total,275,0.178,646,203,0.724,"50,278","47,300",0.373,"37,009","35,737",0.350,"60,011","53,200",0.364,"42,823","41,429",0.312
13,BL,2869,  Zunzgen,Total,"1,530",1.395,912,243,0.755,"53,500","48,400",0.39,"40,611","38,367",0.366,"61,959","55,100",0.377,"45,915","44,200",0.331
13,BL,2881,  Arboldswil,Total,311,0.653,"2,099",437,0.808,"70,098","55,900",0.422,"51,195","41,400",0.403,"80,277","67,000",0.402,"57,301","48,571",0.366
13,BL,2882,  Bennwil,Total,344,0.44,"1,278",277,0.794,"59,339","48,350",0.407,"42,805","39,239",0.374,"69,794","55,250",0.394,"48,904","45,633",0.337
13,BL,2883,  Bretzwil,Total,428,0.315,736,178,0.785,"50,161","46,300",0.388,"37,143","34,267",0.381,"60,388","55,450",0.377,"43,126","40,822",0.335
13,BL,2884,  Diegten,Total,905,0.86,951,276,0.742,"55,713","51,900",0.383,"41,720","38,500",0.371,"65,461","60,600",0.372,"47,587","45,733",0.333
13,BL,2885,  Eptingen,Total,311,0.164,527,170,0.71,"46,734","42,500",0.36,"36,047","34,167",0.344,"55,498","48,500",0.357,"41,434","39,714",0.308
13,BL,2886,  Hölstein,Total,"1,375",1.882,"1,369",312,0.795,"59,527","52,400",0.424,"44,088","41,389",0.401,"68,756","60,000",0.409,"49,668","46,667",0.365
13,BL,2887,  Lampenberg,Total,290,0.494,"1,704",304,0.811,"62,970","51,550",0.447,"46,859","40,754",0.426,"71,914","58,150",0.429,"52,294","45,950",0.390
13,BL,2888,  Langenbruck,Total,595,0.371,624,153,0.783,"44,834","40,500",0.416,"34,809","31,200",0.399,"52,840","47,500",0.4,"39,847","37,667",0.357
13,BL,2889,  Lauwil,Total,180,0.119,662,238,0.683,"52,870","49,650",0.357,"38,622","37,336",0.328,"62,828","55,000",0.349,"44,684","43,850",0.295
13,BL,2890,  Liedertswil,Total,94,0.075,795,277,0.708,"54,588","49,350",0.321,"43,378","37,183",0.324,"62,539","54,350",0.306,"48,474","41,588",0.286
13,BL,2891,  Niederdorf,Total,"1,029",0.996,968,209,0.791,"52,726","45,800",0.417,"38,914","37,267",0.380,"61,692","52,700",0.404,"44,421","42,692",0.345
13,BL,2892,  Oberdorf (BL),Total,"1,371",1.452,"1,059",203,0.81,"53,076","46,600",0.435,"39,344","35,389",0.415,"62,285","53,700",0.417,"44,888","41,733",0.374
13,BL,2893,  Reigoldswil,Total,970,0.771,795,178,0.787,"48,935","44,150",0.423,"37,030","35,106",0.396,"57,381","49,300",0.411,"42,196","40,800",0.358
13,BL,2894,  Titterten,Total,245,0.223,911,215,0.769,"52,071","49,200",0.419,"39,090","36,762",0.406,"61,022","56,700",0.402,"44,525","41,700",0.366
13,BL,2895,  Waldenburg,Total,706,0.601,851,179,0.797,"48,272","42,500",0.434,"37,723","35,198",0.408,"56,252","48,500",0.423,"42,709","39,991",0.374
14,SH,2901,  Gächlingen,Total,477,0.428,896,188,0.792,"51,113","45,900",0.419,"37,395","34,615",0.382,"59,837","52,400",0.408,"42,682","41,462",0.351
14,SH,2903,  Löhningen,Total,765,1,"1,308",312,0.79,"59,531","51,300",0.395,"44,808","41,100",0.383,"68,755","59,400",0.38,"50,294","46,100",0.346
14,SH,2904,  Neunkirch,Total,"1,224",1.43,"1,168",229,0.822,"54,288","47,400",0.419,"41,493","38,450",0.389,"61,906","52,650",0.409,"46,258","43,512",0.359
14,SH,2914,  Büttenhardt,Total,198,0.279,"1,408",219,0.788,"61,674","54,650",0.411,"46,052","39,165",0.401,"70,593","59,950",0.401,"51,389","44,021",0.370
14,SH,2915,  Dörflingen,Total,565,0.881,"1,560",363,0.795,"61,924","52,000",0.426,"46,091","41,500",0.399,"70,353","59,800",0.411,"51,341","47,400",0.370
14,SH,2917,  Lohn (SH),Total,409,0.605,"1,478",281,0.817,"61,713","52,500",0.413,"44,664","39,400",0.386,"71,613","63,500",0.408,"50,465","45,500",0.357
14,SH,2919,  Stetten (SH),Total,680,2.375,"3,493",572,0.824,"83,046","61,950",0.497,"56,802","45,056",0.465,"93,464","73,100",0.48,"62,838","52,090",0.434
14,SH,2920,  Thayngen,Total,"3,092",3.085,998,228,0.791,"53,452","47,400",0.39,"41,167","37,633",0.368,"61,294","53,600",0.383,"45,985","43,512",0.338
14,SH,2931,  Bargen (SH),Total,173,0.134,774,192,0.801,"45,614","40,400",0.402,"37,627","36,700",0.389,"52,011","47,000",0.389,"41,792","40,200",0.358
14,SH,2932,  Beringen,Total,"2,629",2.607,992,250,0.758,"55,007","49,400",0.383,"42,499","38,700",0.364,"62,729","55,300",0.377,"47,283","44,333",0.336
14,SH,2933,  Buchberg,Total,460,1.429,"3,107",385,0.837,"78,521","56,600",0.49,"56,428","43,950",0.462,"87,767","65,900",0.473,"61,963","49,215",0.432
14,SH,2936,  Merishausen,Total,448,0.449,"1,001",176,0.816,"52,850","46,850",0.425,"37,917","33,776",0.398,"63,385","53,150",0.411,"43,946","41,795",0.357
14,SH,2937,  Neuhausen am Rheinfall,Total,"6,142",5.836,950,166,0.846,"47,971","41,100",0.43,"37,673","33,100",0.409,"54,924","46,900",0.419,"41,994","38,351",0.377
14,SH,2938,  Rüdlingen,Total,418,1.441,"3,447",463,0.871,"81,136","58,550",0.505,"59,121","42,083",0.483,"90,607","68,300",0.484,"64,768","49,575",0.448
14,SH,2939,  Schaffhausen,Total,"22,492",29.483,"1,311",210,0.836,"54,013","45,000",0.444,"42,666","37,400",0.417,"60,843","50,200",0.434,"46,961","42,300",0.390
14,SH,2951,  Beggingen,Total,297,0.166,558,126,0.817,"41,256","38,400",0.42,"31,247","29,375",0.391,"49,155","43,000",0.416,"35,955","35,900",0.357
14,SH,2952,  Schleitheim,Total,"1,000",0.754,754,148,0.815,"46,410","40,500",0.416,"35,647","31,133",0.394,"54,059","46,600",0.406,"40,324","36,367",0.362
14,SH,2953,  Siblingen,Total,486,0.505,"1,040",250,0.776,"55,963","50,350",0.38,"42,485","38,250",0.365,"64,313","57,050",0.373,"47,690","44,472",0.336
14,SH,2961,  Buch (SH),Total,196,0.268,"1,367",206,0.819,"55,145","43,150",0.455,"42,661","36,592",0.420,"62,877","49,950",0.442,"47,538","40,874",0.392
14,SH,2962,  Hemishofen,Total,268,0.311,"1,162",195,0.811,"54,577","47,200",0.432,"40,702","35,700",0.402,"63,065","54,100",0.424,"45,880","42,333",0.374
14,SH,2963,  Ramsen,Total,810,0.614,758,162,0.811,"47,348","40,500",0.402,"36,313","33,150",0.374,"55,354","46,450",0.398,"41,253","38,600",0.344
14,SH,2964,  Stein am Rhein,Total,"2,045",3.118,"1,524",206,0.852,"56,016","44,100",0.47,"42,844","36,133",0.437,"63,406","49,400",0.454,"47,499","41,300",0.406
14,SH,2971,  Hallau,Total,"1,209",1.014,838,174,0.808,"48,938","43,000",0.415,"37,272","33,500",0.392,"57,332","49,700",0.402,"42,363","39,900",0.356
14,SH,2972,  Oberhallau,Total,231,0.183,792,226,0.756,"53,289","47,800",0.35,"39,911","37,200",0.336,"62,987","56,600",0.345,"45,672","44,000",0.302
14,SH,2973,  Trasadingen,Total,349,0.243,695,130,0.809,"45,331","40,800",0.414,"34,971","29,700",0.401,"53,064","47,900",0.4,"39,704","36,538",0.362
14,SH,2974,  Wilchingen,Total,968,0.861,889,181,0.791,"51,096","44,850",0.421,"38,004","34,377",0.397,"59,708","51,600",0.41,"43,163","40,759",0.365
15,AR,3001,  Herisau,Total,"9,673",9.674,"1,000",187,0.828,"50,079","43,300",0.425,"39,384","35,278",0.403,"56,945","48,200",0.419,"43,616","40,300",0.377
15,AR,3002,  Hundwil,Total,520,0.199,383,93,0.784,"39,482","35,400",0.398,"29,908","27,448",0.387,"48,856","43,100",0.384,"35,103","33,050",0.338
15,AR,3003,  Schönengrund,Total,311,0.237,763,167,0.821,"46,135","41,200",0.4,"36,290","33,417",0.384,"54,149","46,400",0.394,"40,937","38,600",0.347
15,AR,3004,  Schwellbrunn,Total,851,0.649,763,140,0.824,"46,775","40,500",0.418,"35,247","31,333",0.397,"55,529","47,500",0.403,"40,366","37,667",0.360
15,AR,3005,  Stein (AR),Total,779,1.147,"1,473",190,0.845,"57,893","44,900",0.45,"42,733","35,048",0.428,"67,191","53,200",0.432,"48,162","41,000",0.392
15,AR,3006,  Urnäsch,Total,"1,319",0.809,613,117,0.828,"42,881","37,900",0.41,"32,924","29,167",0.393,"51,399","44,700",0.399,"37,878","34,500",0.354
15,AR,3007,  Waldstatt,Total,986,0.849,861,176,0.799,"50,867","44,000",0.411,"38,008","34,100",0.392,"59,797","50,600",0.402,"43,205","39,833",0.360
15,AR,3021,  Bühler,Total,965,0.779,808,140,0.845,"46,624","40,500",0.418,"35,431","30,769",0.403,"55,094","47,300",0.41,"40,371","37,000",0.368
15,AR,3022,  Gais,Total,"1,815",2.6,"1,433",188,0.851,"55,771","45,100",0.459,"41,733","34,500",0.429,"63,433","50,700",0.448,"46,334","40,111",0.402
15,AR,3023,  Speicher,Total,"2,521",4.432,"1,758",258,0.842,"60,840","47,500",0.465,"45,245","39,133",0.426,"68,981","53,000",0.455,"50,119","44,100",0.400
15,AR,3024,  Teufen (AR),Total,"3,850",15.465,"4,017",345,0.889,"82,304","51,250",0.562,"64,093","42,200",0.543,"89,389","57,600",0.545,"68,460","46,894",0.517
15,AR,3025,  Trogen,Total,"1,039",1.187,"1,143",155,0.84,"50,896","41,600",0.474,"38,065","33,200",0.440,"58,705","47,400",0.462,"42,709","38,692",0.411
15,AR,3031,  Grub (AR),Total,612,0.603,985,144,0.861,"47,642","41,550",0.447,"35,806","31,633",0.419,"55,554","47,800",0.433,"40,583","37,405",0.384
15,AR,3032,  Heiden,Total,"2,500",2.842,"1,137",196,0.834,"52,540","44,800",0.43,"40,246","35,833",0.404,"60,049","50,350",0.423,"44,803","40,967",0.378
15,AR,3033,  Lutzenberg,Total,762,0.826,"1,084",209,0.795,"53,439","44,750",0.42,"41,914","37,543",0.406,"60,671","50,950",0.405,"46,459","42,100",0.376
15,AR,3034,  Rehetobel,Total,"1,034",1.279,"1,237",167,0.848,"52,449","42,450",0.467,"39,073","33,550",0.434,"60,397","49,200",0.46,"43,795","38,855",0.408
15,AR,3035,  Reute (AR),Total,429,0.38,885,173,0.81,"48,621","42,000",0.416,"37,320","33,600",0.388,"56,024","48,700",0.41,"41,848","39,700",0.360
15,AR,3036,  Wald (AR),Total,512,0.521,"1,017",121,0.869,"47,506","38,100",0.472,"36,185","30,033",0.448,"55,169","43,200",0.465,"40,714","35,917",0.419
15,AR,3037,  Walzenhausen,Total,"1,285",1.709,"1,330",186,0.863,"51,940","42,800",0.469,"40,095","34,600",0.438,"58,372","47,700",0.457,"44,071","39,700",0.411
15,AR,3038,  Wolfhalden,Total,"1,068",1.204,"1,127",172,0.837,"51,698","43,000",0.444,"39,304","34,500",0.419,"59,490","49,650",0.43,"44,010","39,433",0.387
16,AI,3101,  Appenzell,Total,"3,521",6.994,"1,986",242,0.868,"61,801","46,700",0.472,"48,632","38,500",0.451,"69,257","52,300",0.46,"53,199","44,100",0.422
16,AI,3102,  Gonten,Total,829,0.796,960,151,0.84,"48,954","40,900",0.425,"37,842","32,000",0.409,"57,491","47,900",0.417,"42,783","37,700",0.374
16,AI,3103,  Rüte,Total,"1,980",7.291,"3,683",215,0.926,"77,140","46,900",0.577,"52,540","37,090",0.514,"86,281","54,150",0.557,"57,723","42,700",0.481
16,AI,3104,  Schlatt-Haslen,Total,674,0.551,818,139,0.833,"46,623","40,050",0.415,"36,994","31,150",0.399,"54,428","46,600",0.407,"41,602","36,556",0.365
16,AI,3105,  Schwende,Total,"1,221",1.494,"1,223",188,0.835,"54,266","44,700",0.45,"40,428","35,300",0.427,"63,421","50,500",0.441,"45,645","41,133",0.396
16,AI,3111,  Oberegg,Total,"1,182",1.205,"1,019",184,0.825,"50,925","43,200",0.419,"39,809","35,000",0.405,"58,427","49,200",0.408,"44,390","39,183",0.374
17,SG,3201,  Häggenschwil,Total,673,0.84,"1,249",197,0.835,"56,625","47,200",0.417,"40,745","34,533",0.384,"66,534","56,300",0.411,"46,342","41,300",0.352
17,SG,3202,  Muolen,Total,649,0.577,888,183,0.807,"51,667","43,900",0.405,"37,447","33,600",0.377,"61,724","53,600",0.402,"43,180","40,688",0.343
17,SG,3203,  St. Gallen,Total,"47,926",63.492,"1,325",193,0.853,"52,606","43,200",0.458,"42,230","36,267",0.434,"59,075","48,100",0.448,"46,308","41,133",0.406
17,SG,3204,  Wittenbach,Total,"5,610",5.192,925,195,0.8,"51,487","45,300",0.401,"39,264","35,600",0.379,"59,512","51,500",0.397,"44,114","41,519",0.351
17,SG,3211,  Berg (SG),Total,456,0.781,"1,712",312,0.82,"63,486","52,500",0.444,"45,232","39,593",0.418,"73,556","62,000",0.43,"51,048","45,600",0.386
17,SG,3212,  Eggersriet,Total,"1,287",1.574,"1,223",220,0.817,"56,641","48,900",0.419,"41,685","36,810",0.393,"65,806","55,600",0.41,"47,120","44,000",0.361
17,SG,3213,  Goldach,Total,"5,536",6.332,"1,144",212,0.821,"54,246","46,000",0.408,"41,731","37,367",0.378,"61,838","51,700",0.404,"46,417","43,000",0.352
17,SG,3214,  Mörschwil,Total,"2,020",8.674,"4,294",479,0.868,"87,736","57,650",0.55,"60,587","45,572",0.502,"97,194","65,100",0.533,"66,093","51,000",0.474
17,SG,3215,  Rorschach,Total,"5,588",3.67,657,122,0.829,"42,586","37,300",0.417,"34,328","30,100",0.403,"49,275","43,000",0.408,"38,515","35,195",0.371
17,SG,3216,  Rorschacherberg,Total,"4,441",6.043,"1,361",206,0.835,"55,657","45,700",0.443,"42,648","37,077",0.415,"63,270","51,600",0.434,"47,391","42,278",0.389
17,SG,3217,  Steinach,Total,"2,115",2.209,"1,044",216,0.806,"53,417","46,700",0.405,"40,998","37,154",0.379,"61,164","52,300",0.4,"45,793","43,000",0.352
17,SG,3218,  Tübach,Total,729,1.702,"2,335",421,0.838,"71,342","55,600",0.439,"52,387","44,100",0.414,"80,936","64,200",0.427,"58,003","50,200",0.382
17,SG,3219,  Untereggen,Total,583,0.897,"1,539",218,0.824,"60,819","50,100",0.453,"43,086","37,125",0.411,"70,645","55,700",0.45,"48,727","44,250",0.388
17,SG,3231,  Au (SG),Total,"4,523",5.252,"1,161",208,0.833,"53,046","45,300",0.417,"41,382","36,857",0.400,"60,475","51,100",0.407,"45,915","41,900",0.368
17,SG,3232,  Balgach,Total,"2,772",4.024,"1,452",228,0.849,"56,915","47,050",0.432,"43,905","37,867",0.404,"64,560","52,700",0.426,"48,548","43,200",0.377
17,SG,3233,  Berneck,Total,"2,309",3.153,"1,365",207,0.838,"56,534","46,800",0.437,"42,494","36,400",0.413,"64,793","52,600",0.428,"47,460","41,900",0.382
17,SG,3234,  Diepoldsau,Total,"3,520",4.17,"1,185",214,0.829,"55,685","47,800",0.404,"41,503","36,733",0.378,"64,545","54,700",0.399,"46,777","43,000",0.346
17,SG,3235,  Rheineck,Total,"2,024",1.755,867,145,0.84,"47,565","41,000",0.42,"36,797","32,350",0.394,"54,899","46,750",0.413,"41,373","38,083",0.364
17,SG,3236,  St. Margrethen,Total,"3,407",1.863,547,143,0.791,"43,468","40,400",0.378,"34,025","31,800",0.368,"51,127","45,900",0.378,"38,717","37,500",0.338
17,SG,3237,  Thal,Total,"3,778",5.165,"1,367",196,0.855,"55,352","45,250",0.445,"42,205","36,028",0.420,"63,303","51,450",0.435,"47,062","41,667",0.389
17,SG,3238,  Widnau,Total,"5,440",5.388,991,198,0.807,"52,418","46,200",0.406,"39,759","35,905",0.385,"60,653","52,600",0.401,"44,718","41,619",0.354
17,SG,3251,  Altstätten,Total,"6,745",6.386,947,152,0.856,"47,754","40,900",0.434,"36,609","32,400",0.410,"55,698","46,700",0.424,"41,408","38,111",0.375
17,SG,3252,  Eichberg,Total,861,0.846,983,151,0.853,"49,796","41,400",0.431,"37,464","31,900",0.416,"58,601","48,800",0.422,"42,619","38,083",0.380
17,SG,3253,  Marbach (SG),Total,"1,177",1.183,"1,005",185,0.832,"52,312","45,000",0.416,"38,458","35,000",0.385,"61,100","51,500",0.411,"43,639","41,000",0.355
17,SG,3254,  Oberriet (SG),Total,"5,006",4.017,802,181,0.812,"49,245","44,700",0.386,"37,828","34,800",0.370,"57,555","50,900",0.381,"42,790","40,600",0.334
17,SG,3255,  Rebstein,Total,"2,644",2.23,843,174,0.819,"48,311","42,300",0.407,"37,292","33,926",0.384,"56,195","48,700",0.397,"42,121","39,600",0.349
17,SG,3256,  Rüthi (SG),Total,"1,284",0.884,689,178,0.781,"47,647","43,150",0.388,"36,140","33,394",0.369,"56,215","50,300",0.382,"41,287","39,717",0.335
17,SG,3271,  Buchs (SG),Total,"7,803",7.388,947,197,0.807,"49,978","43,500",0.412,"39,116","35,600",0.391,"57,439","49,200",0.401,"43,744","40,700",0.358
17,SG,3272,  Gams,Total,"1,971",1.656,840,167,0.807,"48,750","42,500",0.428,"36,561","33,000",0.406,"57,429","49,200",0.415,"41,686","38,900",0.369
17,SG,3273,  Grabs,Total,"4,081",4.731,"1,159",183,0.851,"51,992","43,600",0.448,"38,499","34,100",0.418,"60,667","50,500",0.432,"43,676","39,900",0.380
17,SG,3274,  Sennwald,Total,"3,202",2.571,803,175,0.809,"47,547","42,000",0.408,"36,953","33,414",0.394,"55,637","48,200",0.395,"41,930","39,000",0.356
17,SG,3275,  Sevelen,Total,"2,963",2.563,865,167,0.817,"47,680","41,800",0.419,"36,985","32,600",0.404,"55,720","48,500",0.405,"41,861","38,300",0.367
17,SG,3276,  Wartau,Total,"3,025",2.418,799,163,0.807,"47,956","42,000",0.414,"36,148","32,467",0.395,"56,567","49,200",0.403,"41,292","38,600",0.359
17,SG,3291,  Bad Ragaz,Total,"3,531",3.806,"1,078",204,0.809,"52,753","44,600",0.412,"41,100","36,800",0.385,"60,185","49,700",0.408,"45,706","41,667",0.358
17,SG,3292,  Flums,Total,"3,009",1.563,519,112,0.805,"40,741","36,300",0.411,"31,586","27,778",0.395,"48,852","42,200",0.398,"36,418","33,467",0.354
17,SG,3293,  Mels,Total,"4,988",3.887,779,178,0.804,"49,189","44,300",0.388,"37,440","34,220",0.367,"57,708","50,600",0.384,"42,491","40,500",0.333
17,SG,3294,  Pfäfers,Total,941,0.613,651,109,0.826,"43,416","38,500",0.442,"32,469","28,200",0.427,"52,132","44,600",0.423,"37,545","35,238",0.382
17,SG,3295,  Quarten,Total,"1,916",1.3,679,131,0.816,"42,253","36,700",0.454,"32,834","29,200",0.439,"50,554","42,100",0.421,"37,845","34,735",0.388
17,SG,3296,  Sargans,Total,"3,713",3.745,"1,009",208,0.809,"52,093","45,300",0.398,"40,812","37,000",0.374,"59,674","50,800",0.393,"45,457","42,313",0.346
17,SG,3297,  Vilters-Wangs,Total,"2,686",2.39,890,182,0.808,"50,421","43,350",0.41,"37,933","34,774",0.385,"59,170","51,000",0.402,"43,096","40,450",0.352
17,SG,3298,  Walenstadt,Total,"3,227",3.097,960,182,0.818,"51,209","44,200",0.405,"38,931","34,900",0.379,"59,439","50,800",0.398,"43,863","40,667",0.347
17,SG,3311,  Amden,Total,"1,156",1.644,"1,422",200,0.848,"53,931","42,300",0.472,"41,122","34,806",0.439,"61,618","47,200",0.453,"45,975","39,890",0.405
17,SG,3312,  Benken (SG),Total,"1,571",1.615,"1,028",172,0.834,"52,239","44,700",0.422,"38,209","33,905",0.396,"61,861","52,600",0.414,"43,803","40,238",0.362
17,SG,3313,  Kaltbrunn,Total,"2,710",2.262,835,193,0.798,"50,929","45,000",0.382,"38,864","36,000",0.358,"59,545","51,300",0.383,"43,999","41,600",0.328
17,SG,3315,  Schänis,Total,"2,141",1.492,697,181,0.768,"49,502","44,500",0.375,"37,523","34,615",0.353,"58,341","52,100",0.374,"42,789","40,667",0.323
17,SG,3316,  Weesen,Total,971,1.334,"1,374",183,0.829,"55,409","44,600",0.459,"42,171","35,200",0.429,"63,238","49,700",0.449,"47,001","40,533",0.401
17,SG,3338,  Schmerikon,Total,"2,120",3.263,"1,539",205,0.854,"58,194","46,700",0.448,"43,151","36,800",0.413,"66,540","52,750",0.438,"48,199","42,683",0.383
17,SG,3339,  Uznach,Total,"3,465",3.634,"1,049",182,0.835,"52,147","44,700",0.426,"38,314","34,800",0.396,"61,392","51,200",0.415,"43,794","41,200",0.361
17,SG,3340,  Rapperswil-Jona,Total,"16,317",36.81,"2,256",346,0.855,"67,349","51,200",0.47,"51,122","42,100",0.435,"75,272","57,100",0.458,"56,032","47,462",0.407
17,SG,3341,  Gommiswald,Total,"2,962",4.002,"1,351",192,0.846,"55,287","45,100",0.447,"41,479","35,500",0.415,"63,733","51,600",0.434,"46,529","41,048",0.383
17,SG,3342,  Eschenbach (SG),Total,"5,183",5.85,"1,129",186,0.836,"53,438","44,800",0.429,"39,576","35,238",0.398,"62,299","51,700",0.423,"44,823","41,300",0.368
17,SG,3352,  Ebnat-Kappel,Total,"3,020",1.952,646,121,0.828,"43,670","37,600",0.416,"33,703","29,862",0.396,"51,577","43,950",0.407,"38,481","35,683",0.362
17,SG,3359,  Wildhaus-Alt St. Johann,Total,"1,640",0.917,559,95,0.835,"39,270","33,900",0.441,"30,383","25,429",0.429,"47,587","40,650",0.416,"35,295","31,567",0.379
17,SG,3360,  Nesslau,Total,"2,229",1.491,669,113,0.841,"42,509","36,100",0.426,"33,020","28,333",0.403,"50,466","42,400",0.412,"37,798","33,800",0.363
17,SG,3372,  Hemberg,Total,523,0.321,614,100,0.864,"40,705","35,100",0.429,"30,592","26,933",0.411,"49,938","42,600",0.411,"35,867","33,158",0.361
17,SG,3374,  Lichtensteig,Total,"1,216",1.058,870,162,0.851,"46,375","40,550",0.414,"37,217","33,200",0.387,"53,250","44,300",0.411,"41,520","38,586",0.359
17,SG,3375,  Oberhelfenschwil,Total,745,0.678,910,137,0.865,"47,393","40,600",0.427,"36,159","30,800",0.410,"56,146","47,800",0.419,"41,210","36,800",0.372
17,SG,3378,  Neckertal,Total,"2,414",1.231,510,106,0.814,"40,611","35,750",0.412,"31,569","28,300",0.393,"48,517","42,000",0.402,"36,258","33,900",0.356
17,SG,3379,  Wattwil,Total,"5,107",3.664,718,121,0.839,"44,700","38,600",0.419,"34,570","29,900",0.399,"52,672","44,500",0.409,"39,387","35,615",0.363
17,SG,3392,  Kirchberg (SG),Total,"4,740",3.969,837,143,0.837,"48,200","42,000",0.42,"35,789","31,700",0.397,"57,352","49,000",0.409,"41,130","38,133",0.359
17,SG,3393,  Lütisburg,Total,816,0.742,909,148,0.85,"48,184","41,100",0.431,"36,378","31,800",0.411,"57,212","47,600",0.416,"41,569","38,156",0.370
17,SG,3394,  Mosnang,Total,"1,499",1.203,803,112,0.863,"46,435","38,800",0.423,"34,108","29,200",0.400,"56,310","46,100",0.416,"39,687","35,600",0.361
17,SG,3395,  Bütschwil-Ganterschwil,Total,"2,759",2.374,860,135,0.853,"47,177","40,200",0.421,"35,760","31,200",0.389,"55,339","46,200",0.414,"40,661","36,867",0.357
17,SG,3401,  Degersheim,Total,"2,220",1.634,736,133,0.817,"46,956","40,650",0.42,"34,999","31,392",0.393,"55,716","47,000",0.415,"40,021","37,133",0.362
17,SG,3402,  Flawil,Total,"5,938",5.42,913,174,0.825,"50,269","43,650",0.412,"38,114","34,244",0.388,"58,667","49,700",0.408,"43,124","40,095",0.357
17,SG,3405,  Jonschwil,Total,"2,019",2.352,"1,165",212,0.827,"56,747","48,700",0.4,"41,200","37,333",0.369,"66,510","57,100",0.394,"46,866","43,300",0.336
17,SG,3407,  Oberuzwil,Total,"3,621",4.142,"1,144",209,0.828,"54,424","46,400",0.418,"40,927","36,600",0.393,"63,089","52,900",0.411,"46,074","42,500",0.362
17,SG,3408,  Uzwil,Total,"7,241",6.066,838,181,0.805,"50,256","44,800",0.398,"37,721","34,600",0.375,"58,718","51,600",0.392,"42,760","40,600",0.343
17,SG,3422,  Niederbüren,Total,807,0.701,869,163,0.812,"51,888","45,100",0.408,"36,968","32,944",0.376,"62,212","53,300",0.408,"42,769","40,200",0.346
17,SG,3423,  Niederhelfenschwil,Total,"1,581",1.839,"1,163",190,0.822,"56,333","46,500",0.421,"39,671","35,333",0.381,"66,586","54,600",0.419,"45,438","41,714",0.354
17,SG,3424,  Oberbüren,Total,"2,404",2.856,"1,188",241,0.814,"56,634","48,100",0.393,"42,792","38,100",0.367,"65,406","55,100",0.39,"47,974","44,276",0.337
17,SG,3426,  Zuzwil (SG),Total,"2,775",5.38,"1,939",319,0.829,"65,416","52,000",0.448,"48,390","41,200",0.413,"74,135","58,400",0.439,"53,599","46,667",0.387
17,SG,3427,  Wil (SG),Total,"14,399",20.545,"1,427",204,0.848,"55,702","45,100",0.446,"43,215","37,100",0.418,"62,961","50,800",0.437,"47,669","42,053",0.391
17,SG,3441,  Andwil (SG),Total,"1,006",1.595,"1,585",242,0.839,"61,881","49,700",0.429,"44,523","38,700",0.400,"71,909","58,550",0.418,"50,282","44,821",0.366
17,SG,3442,  Gaiserwald,Total,"4,863",8.566,"1,761",315,0.826,"63,461","51,400",0.438,"47,261","40,733",0.405,"71,892","58,000",0.431,"52,302","46,429",0.379
17,SG,3443,  Gossau (SG),Total,"10,832",12.648,"1,168",213,0.827,"54,262","46,500",0.411,"41,835","37,536",0.384,"62,151","52,100",0.405,"46,651","43,000",0.355
17,SG,3444,  Waldkirch,Total,"1,873",2.222,"1,186",174,0.847,"54,826","45,600",0.425,"39,891","34,800",0.397,"64,717","52,800",0.417,"45,521","41,100",0.362
18,GR,3503,  Mutten,Total,39,0.022,562,63,0.864,"39,969","33,200",0.401,"31,424","24,333",0.411,"48,205","42,000",0.366,"36,828","33,833",0.350
18,GR,3506,  Vaz/Obervaz,Total,"2,343",4.858,"2,073",192,0.898,"47,990","23,300",0.649,"35,667","20,300",0.625,"56,131","31,800",0.583,"40,666","24,333",0.556
18,GR,3513,  Lantsch/Lenz,Total,451,0.281,623,147,0.778,"36,847","29,900",0.517,"29,529","23,867",0.508,"44,103","35,700",0.466,"34,065","29,133",0.448
18,GR,3514,  Schmitten (GR),Total,175,0.057,326,105,0.735,"34,558","31,400",0.455,"27,437","26,700",0.441,"41,443","35,600",0.419,"31,829","31,500",0.390
18,GR,3521,  Bergün/Bravuogn,Total,347,0.166,480,106,0.784,"35,658","30,900",0.518,"26,552","24,500",0.505,"44,940","38,100",0.467,"31,937","29,750",0.438
18,GR,3522,  Filisur,Total,266,0.227,854,152,0.853,"44,314","38,300",0.469,"33,225","31,667",0.440,"52,169","42,850",0.442,"37,951","36,678",0.396
18,GR,3531,  Bivio,Total,184,0.088,479,103,0.802,"28,687","18,300",0.573,"23,845","15,833",0.590,"36,484","26,450",0.475,"28,603","19,833",0.494
18,GR,3532,  Cunter,Total,187,0.147,788,119,0.844,"38,296","29,700",0.542,"30,029","25,667",0.529,"46,764","36,700",0.484,"35,020","30,778",0.464
18,GR,3533,  Marmorera,Total,25,0.123,"4,916",82,0.937,"71,208","30,800",0.729,"53,529","24,600",0.711,"77,796","33,400",0.677,"57,880","26,900",0.662
18,GR,3534,  Mulegns,Total,18,0.006,330,85,0.735,"36,911","30,550",0.433,"28,657","24,367",0.406,"43,867","38,250",0.388,"33,047","27,850",0.350
18,GR,3536,  Riom-Parsonz,Total,252,0.158,628,129,0.823,"36,075","29,650",0.511,"28,079","24,800",0.484,"44,481","35,350",0.451,"33,163","29,350",0.418
18,GR,3538,  Salouf,Total,172,0.081,473,68,0.818,"33,892","25,600",0.553,"25,532","23,050",0.512,"41,893","30,050",0.515,"30,167","25,850",0.465
18,GR,3539,  Savognin,Total,789,0.534,676,138,0.817,"37,266","29,300",0.53,"28,989","25,300",0.511,"45,088","34,000",0.481,"33,766","29,300",0.451
18,GR,3540,  Sur,Total,63,0.019,308,70,0.808,"26,503","16,200",0.558,"22,731","15,500",0.550,"32,333","21,700",0.475,"26,489","18,500",0.473
18,GR,3541,  Tinizong-Rona,Total,231,0.154,666,125,0.821,"39,815","33,500",0.492,"32,016","30,095",0.477,"46,542","37,600",0.462,"36,377","35,200",0.433
18,GR,3542,  Albula/Alvra,Total,961,0.503,524,104,0.823,"36,617","31,300",0.481,"28,774","26,100",0.461,"43,906","35,900",0.455,"33,246","31,000",0.417
18,GR,3551,  Brusio,Total,756,0.389,514,80,0.857,"37,251","30,600",0.45,"28,759","25,450",0.425,"44,391","36,350",0.429,"33,121","30,000",0.384
18,GR,3561,  Poschiavo,Total,"2,168",1.618,746,109,0.865,"43,062","36,000",0.455,"32,231","28,483",0.428,"50,730","42,150",0.442,"36,853","34,163",0.393
18,GR,3572,  Falera,Total,557,0.485,872,163,0.822,"35,293","17,700",0.588,"26,956","14,000",0.586,"43,493","27,400",0.512,"31,897","19,467",0.503
18,GR,3575,  Laax,Total,"1,722",2.1,"1,219",195,0.843,"38,257","16,250",0.623,"30,056","13,606",0.614,"46,602","29,300",0.533,"35,158","19,414",0.527
18,GR,3581,  Sagogn,Total,497,0.333,670,135,0.812,"39,595","33,900",0.515,"29,193","26,300",0.488,"48,373","38,600",0.475,"34,397","32,900",0.432
18,GR,3582,  Schluein,Total,377,0.366,972,169,0.85,"43,544","37,100",0.499,"34,509","29,200",0.483,"50,967","40,400",0.454,"39,087","34,733",0.429
18,GR,3603,  Vals,Total,692,0.402,582,111,0.803,"39,599","35,000",0.481,"31,065","28,000",0.456,"46,325","39,250",0.466,"35,252","32,872",0.422
18,GR,3611,  Andiast,Total,136,0.036,268,71,0.763,"31,910","29,750",0.452,"25,014","23,167",0.448,"39,302","33,200",0.434,"29,455","28,050",0.402
18,GR,3612,  Obersaxen,Total,720,0.422,587,70,0.867,"31,733","19,700",0.588,"24,148","17,500",0.572,"39,359","26,150",0.537,"28,732","21,317",0.509
18,GR,3616,  Waltensburg/Vuorz,Total,245,0.1,409,99,0.783,"34,493","29,600",0.48,"27,211","25,600",0.459,"41,194","35,400",0.449,"31,393","28,900",0.415
18,GR,3617,  Mundaun,Total,278,0.107,384,123,0.761,"30,808","26,850",0.531,"25,003","22,195",0.530,"38,164","33,050",0.474,"29,568","27,817",0.463
18,GR,3618,  Lumnezia,Total,"1,443",0.676,468,109,0.816,"37,348","33,400",0.436,"29,356","27,467",0.407,"44,347","37,200",0.421,"33,718","32,533",0.370
18,GR,3619,  Ilanz/Glion,Total,"2,884",2.108,731,132,0.831,"43,610","38,000",0.455,"33,342","30,100",0.426,"50,941","43,450",0.446,"37,834","35,536",0.397
18,GR,3633,  Fürstenau,Total,201,0.193,961,152,0.819,"50,959","44,100",0.432,"36,844","33,700",0.398,"59,775","53,100",0.423,"42,016","40,300",0.370
18,GR,3637,  Rothenbrunnen,Total,175,0.104,595,125,0.755,"46,174","41,100",0.416,"35,404","32,389",0.401,"54,070","48,800",0.41,"40,174","39,300",0.371
18,GR,3638,  Scharans,Total,493,0.465,944,180,0.806,"50,549","43,700",0.445,"37,682","33,600",0.410,"58,499","48,900",0.441,"42,426","40,067",0.384
18,GR,3640,  Sils im Domleschg,Total,490,0.295,603,179,0.743,"48,405","43,300",0.371,"36,537","33,433",0.354,"56,533","53,350",0.373,"41,420","39,450",0.330
18,GR,3661,  Cazis,Total,"1,202",0.694,578,143,0.789,"43,509","41,000",0.421,"33,302","31,088",0.403,"51,099","45,900",0.42,"37,879","37,770",0.375
18,GR,3662,  Flerden,Total,116,0.042,361,125,0.704,"41,885","41,800",0.398,"30,292","29,883",0.359,"51,438","49,900",0.4,"35,603","35,910",0.323
18,GR,3663,  Masein,Total,255,0.185,725,206,0.761,"50,844","48,400",0.383,"37,557","34,600",0.366,"60,216","56,100",0.375,"42,940","42,200",0.330
18,GR,3668,  Thusis,Total,"1,696",1.325,781,170,0.813,"46,638","42,400",0.425,"36,128","33,400",0.405,"54,140","47,400",0.419,"40,714","39,204",0.376
18,GR,3669,  Tschappina,Total,74,0.018,238,60,0.755,"32,695","30,150",0.424,"24,823","23,000",0.415,"40,827","37,800",0.409,"29,794","27,850",0.369
18,GR,3670,  Urmein,Total,104,0.115,"1,106",197,0.805,"47,313","41,800",0.51,"37,431","30,067",0.521,"55,834","48,300",0.446,"42,491","36,100",0.459
18,GR,3672,  Safiental,Total,518,0.222,429,59,0.859,"37,138","32,250",0.41,"28,566","24,250",0.396,"45,136","39,500",0.41,"33,285","29,950",0.358
18,GR,3673,  Domleschg,Total,"1,144",1.069,935,168,0.819,"49,473","41,850",0.446,"37,153","34,033",0.414,"57,037","48,800",0.437,"41,689","39,033",0.385
18,GR,3681,  Avers,Total,107,0.046,432,72,0.807,"37,404","31,900",0.459,"29,484","25,429",0.439,"44,223","38,100",0.461,"33,763","30,500",0.417
18,GR,3691,  Hinterrhein,Total,40,0.019,481,59,0.863,"36,575","28,850",0.42,"28,027","22,883",0.378,"44,900","36,850",0.419,"32,822","28,646",0.334
18,GR,3693,  Nufenen,Total,74,0.068,926,85,0.855,"47,934","35,750",0.461,"33,138","26,250",0.450,"59,068","52,250",0.444,"38,963","31,133",0.406
18,GR,3694,  Splügen,Total,306,0.172,563,170,0.764,"37,522","34,650",0.49,"29,745","26,650",0.480,"45,425","40,000",0.441,"34,560","32,500",0.423
18,GR,3695,  Sufers,Total,68,0.038,563,193,0.717,"48,440","45,650",0.341,"36,117","35,471",0.336,"58,579","54,150",0.336,"41,999","42,850",0.293
18,GR,3701,  Andeer,Total,554,0.364,658,161,0.781,"46,087","41,850",0.404,"35,842","33,750",0.389,"53,558","47,000",0.4,"40,347","38,750",0.356
18,GR,3703,  Casti-Wergenstein,Total,36,0.017,478,82,0.805,"39,411","31,900",0.476,"28,926","26,739",0.425,"48,569","37,800",0.463,"34,125","31,200",0.399
18,GR,3705,  Donat,Total,120,0.066,547,85,0.847,"42,448","37,150",0.408,"31,166","26,609",0.375,"51,763","43,800",0.419,"36,480","35,204",0.352
18,GR,3707,  Lohn (GR),Total,30,0.006,190,48,0.719,"31,567","32,100",0.431,"25,672","24,200",0.420,"39,183","39,400",0.415,"30,647","29,517",0.376
18,GR,3708,  Mathon,Total,51,0.009,167,58,0.705,"25,180","22,700",0.459,"21,732","20,700",0.462,"31,280","26,300",0.424,"25,455","25,300",0.408
18,GR,3711,  Rongellen,Total,36,0.022,605,229,0.668,"49,283","43,600",0.347,"41,007","41,800",0.324,"55,872","49,600",0.344,"45,513","43,800",0.300
18,GR,3712,  Zillis-Reischen,Total,234,0.123,525,120,0.776,"45,074","43,150",0.395,"34,286","30,005",0.392,"53,336","50,700",0.395,"39,216","37,025",0.362
18,GR,3713,  Ferrera,Total,56,0.027,477,195,0.67,"43,454","40,750",0.398,"34,861","37,396",0.374,"50,911","45,300",0.381,"39,460","41,650",0.338
18,GR,3721,  Bonaduz,Total,"1,781",1.917,"1,076",239,0.779,"55,822","49,500",0.412,"40,979","38,000",0.376,"64,514","55,800",0.413,"46,129","44,208",0.354
18,GR,3722,  Domat/Ems,Total,"4,319",3.855,893,206,0.783,"52,082","46,900",0.397,"39,372","36,667",0.375,"60,428","53,400",0.394,"44,375","42,333",0.347
18,GR,3723,  Rhäzüns,Total,748,0.602,805,199,0.779,"51,476","47,250",0.4,"37,769","35,267",0.377,"60,682","52,900",0.401,"43,072","42,000",0.349
18,GR,3731,  Felsberg,Total,"1,344",1.94,"1,443",289,0.809,"60,658","52,000",0.424,"43,939","39,717",0.395,"69,999","60,300",0.418,"49,391","45,650",0.367
18,GR,3732,  Flims,Total,"2,283",2.983,"1,307",199,0.848,"42,350","28,800",0.574,"32,679","23,800",0.558,"50,235","36,400",0.516,"37,406","28,400",0.497
18,GR,3733,  Tamins,Total,724,0.687,949,219,0.781,"52,011","46,650",0.409,"40,340","38,700",0.380,"59,241","52,200",0.405,"44,865","42,976",0.356
18,GR,3734,  Trin,Total,857,0.63,735,191,0.761,"46,755","44,100",0.432,"35,831","33,800",0.414,"55,042","49,000",0.413,"40,812","40,000",0.374
18,GR,3746,  Zernez,Total,841,0.771,917,194,0.798,"52,222","46,600",0.404,"39,150","34,952",0.381,"60,898","53,300",0.398,"44,388","41,556",0.350
18,GR,3752,  Samnaun,Total,461,0.522,"1,132",154,0.859,"48,320","39,600",0.483,"37,023","31,667",0.453,"55,917","44,300",0.47,"41,695","37,500",0.423
18,GR,3762,  Scuol,Total,"2,961",2.719,918,148,0.839,"45,104","37,800",0.486,"34,229","29,900",0.462,"53,144","42,800",0.46,"39,121","36,000",0.420
18,GR,3764,  Valsot,Total,528,0.335,634,107,0.827,"43,917","38,850",0.416,"33,171","28,100",0.404,"52,624","45,200",0.405,"38,263","35,095",0.366
18,GR,3781,  Bever,Total,439,0.842,"1,918",414,0.821,"60,463","49,100",0.48,"46,964","39,800",0.467,"67,773","55,400",0.465,"51,545","44,300",0.438
18,GR,3782,  Celerina/Schlarigna,Total,"1,336",6.95,"5,202",442,0.921,"79,889","32,050",0.705,"63,410","26,781",0.715,"87,448","40,400",0.667,"67,906","31,138",0.677
18,GR,3783,  Madulain,Total,227,0.243,"1,073",319,0.742,"38,228","15,700",0.577,"28,724","12,600",0.569,"46,136","26,100",0.527,"33,498","16,733",0.511
18,GR,3784,  Pontresina,Total,"1,467",3.928,"2,678",318,0.859,"61,047","39,300",0.582,"44,996","31,278",0.560,"69,516","43,800",0.545,"50,084","38,333",0.515
18,GR,3785,  La Punt-Chamues-ch,Total,688,1.955,"2,842",280,0.903,"55,252","22,450",0.67,"39,401","18,600",0.632,"63,228","32,900",0.614,"44,222","23,177",0.575
18,GR,3786,  Samedan,Total,"1,987",3.159,"1,590",357,0.807,"56,335","46,600",0.474,"42,972","37,600",0.446,"64,216","50,800",0.456,"47,816","43,700",0.414
18,GR,3787,  St. Moritz,Total,"3,833",17.409,"4,542",345,0.9,"76,283","41,700",0.647,"58,993","33,200",0.635,"82,927","46,100",0.617,"63,185","38,700",0.601
18,GR,3788,  S-chanf,Total,413,0.776,"1,879",345,0.841,"62,845","50,700",0.437,"47,602","40,944",0.400,"70,385","57,000",0.428,"52,322","46,267",0.373
18,GR,3789,  Sils im Engadin/Segl,Total,530,1.112,"2,098",212,0.866,"53,046","34,300",0.603,"39,987","26,750",0.593,"61,289","39,950",0.55,"44,961","32,689",0.535
18,GR,3790,  Silvaplana,Total,"1,273",2.966,"2,330",238,0.879,"47,011","17,000",0.659,"37,568","13,500",0.662,"54,088","27,000",0.587,"42,005","18,067",0.592
18,GR,3791,  Zuoz,Total,924,1.22,"1,320",264,0.801,"45,286","30,500",0.548,"34,299","24,703",0.539,"53,734","38,700",0.501,"39,314","29,317",0.484
18,GR,3792,  Bregaglia,Total,"1,177",0.908,771,129,0.836,"38,914","28,800",0.52,"30,743","25,600",0.513,"46,339","33,700",0.476,"35,248","29,810",0.460
18,GR,3804,  Buseno,Total,70,0.022,317,105,0.708,"36,787","32,300",0.414,"30,241","27,050",0.387,"42,163","39,150",0.419,"33,796","31,950",0.372
18,GR,3805,  Castaneda,Total,180,0.122,678,145,0.773,"45,337","39,550",0.405,"36,962","33,050",0.393,"51,555","46,100",0.396,"41,006","36,800",0.364
18,GR,3808,  Rossa,Total,114,0.056,495,116,0.778,"38,632","36,700",0.423,"31,460","26,950",0.419,"44,554","43,700",0.408,"35,439","32,081",0.389
18,GR,3810,  Santa Maria in Calanca,Total,96,0.081,846,125,0.853,"42,039","35,000",0.5,"34,105","31,200",0.463,"46,316","38,950",0.489,"37,143","34,095",0.444
18,GR,3821,  Lostallo,Total,454,0.277,611,167,0.754,"46,528","41,050",0.383,"35,688","33,750",0.354,"53,974","48,150",0.386,"40,269","38,750",0.333
18,GR,3822,  Mesocco,Total,"1,131",0.631,558,106,0.817,"34,715","26,600",0.538,"27,491","23,056",0.530,"40,531","30,600",0.511,"31,107","27,267",0.494
18,GR,3823,  Soazza,Total,233,0.365,"1,566",175,0.893,"51,448","40,400",0.502,"41,539","32,231",0.498,"57,645","46,200",0.491,"45,443","38,000",0.469
18,GR,3831,  Cama,Total,353,0.487,"1,380",181,0.885,"52,761","43,600",0.46,"42,488","34,100",0.465,"59,861","48,700",0.442,"46,863","40,545",0.427
18,GR,3832,  Grono,Total,570,0.599,"1,051",138,0.857,"49,298","40,200",0.464,"36,928","31,392",0.442,"56,800","45,700",0.454,"41,427","36,952",0.414
18,GR,3833,  Leggia,Total,90,0.03,331,182,0.622,"41,749","44,750",0.337,"33,777","34,189",0.318,"47,817","48,350",0.352,"37,708","39,217",0.303
18,GR,3834,  Roveredo (GR),Total,"1,448",0.953,658,151,0.794,"45,783","41,500",0.411,"35,203","32,390",0.391,"52,885","47,900",0.407,"39,545","38,000",0.364
18,GR,3835,  San Vittore,Total,476,0.501,"1,052",160,0.852,"48,476","41,350",0.462,"36,916","32,367",0.422,"55,009","45,200",0.458,"40,988","37,382",0.402
18,GR,3836,  Verdabbio,Total,105,0.03,284,60,0.772,"33,580","28,600",0.474,"25,912","24,100",0.458,"40,582","39,300",0.446,"30,056","27,375",0.415
18,GR,3837,  Calanca,Total,163,0.04,248,83,0.747,"31,225","29,600",0.441,"26,702","25,467",0.436,"35,633","33,500",0.429,"29,832","30,100",0.408
18,GR,3847,  Val Müstair,Total,"1,055",0.599,568,100,0.836,"39,238","33,600",0.442,"30,999","27,300",0.423,"46,122","38,800",0.425,"35,296","32,133",0.387
18,GR,3851,  Davos,Total,"7,662",12.347,"1,611",228,0.851,"51,820","40,050",0.526,"40,414","33,317",0.504,"59,402","44,800",0.49,"45,040","38,600",0.460
18,GR,3861,  Fideris,Total,363,0.193,530,117,0.78,"43,030","36,700",0.431,"33,332","30,042",0.411,"50,320","42,600",0.426,"37,648","35,133",0.382
18,GR,3862,  Furna,Total,110,0.024,221,60,0.77,"33,933","30,250",0.383,"25,585","24,050",0.364,"42,281","37,150",0.387,"30,262","29,079",0.325
18,GR,3863,  Jenaz,Total,664,0.415,624,146,0.791,"45,848","41,650",0.385,"35,095","32,550",0.360,"53,602","47,900",0.383,"39,826","38,383",0.329
18,GR,3871,  Klosters-Serneus,Total,"2,901",5.313,"1,831",214,0.866,"50,597","35,600",0.557,"39,234","28,300",0.548,"58,527","41,500",0.507,"44,012","33,810",0.492
18,GR,3881,  Conters im Prättigau,Total,130,0.136,"1,048",148,0.859,"48,283","39,400",0.433,"38,313","30,833",0.434,"55,798","46,850",0.418,"42,845","35,250",0.396
18,GR,3882,  Küblis,Total,493,0.314,637,169,0.787,"45,243","41,900",0.399,"34,902","32,500",0.380,"52,980","46,400",0.389,"39,575","38,375",0.345
18,GR,3883,  Saas,Total,462,0.258,558,149,0.775,"43,522","38,650",0.377,"34,661","32,250",0.361,"50,794","44,250",0.372,"39,199","36,829",0.329
18,GR,3891,  Luzein,Total,729,0.536,735,126,0.835,"44,309","38,800",0.432,"34,153","29,867",0.415,"52,044","44,300",0.416,"38,774","35,200",0.377
18,GR,3893,  St. Antönien,Total,183,0.039,213,52,0.754,"35,154","32,800",0.389,"25,738","23,400",0.364,"44,161","40,700",0.387,"30,854","28,667",0.328
18,GR,3901,  Chur,Total,"22,237",30.704,"1,381",260,0.825,"55,444","47,200",0.451,"44,176","39,900",0.425,"61,823","51,800",0.446,"48,237","44,619",0.402
18,GR,3911,  Churwalden,Total,"1,403",1.113,793,166,0.805,"42,572","36,700",0.491,"33,566","29,900",0.472,"49,696","40,600",0.457,"37,951","35,300",0.428
18,GR,3921,  Arosa,Total,"2,335",2.794,"1,197",189,0.833,"45,448","35,900",0.516,"35,619","29,800",0.494,"52,692","40,000",0.478,"40,124","34,400",0.448
18,GR,3926,  Maladers,Total,309,0.196,634,199,0.744,"47,158","45,500",0.374,"36,275","35,700",0.349,"54,402","51,500",0.377,"40,786","40,800",0.327
18,GR,3932,  Tschiertschen-Praden,Total,239,0.092,385,139,0.739,"36,376","37,300",0.451,"29,028","27,500",0.445,"44,254","40,900",0.398,"33,949","34,400",0.381
18,GR,3941,  Haldenstein,Total,593,0.709,"1,195",302,0.782,"57,043","51,400",0.425,"42,906","39,800",0.399,"65,506","56,600",0.425,"47,892","46,200",0.376
18,GR,3945,  Trimmis,Total,"1,860",2.356,"1,266",268,0.804,"57,579","50,300",0.416,"43,334","39,483",0.388,"65,569","56,800",0.41,"48,151","44,967",0.362
18,GR,3946,  Untervaz,Total,"1,395",1.299,931,272,0.746,"55,354","50,000",0.379,"41,784","39,067",0.352,"64,006","56,500",0.381,"46,915","45,300",0.328
18,GR,3947,  Zizers,Total,"1,963",2.286,"1,164",231,0.806,"55,609","48,600",0.416,"41,895","38,300",0.388,"63,677","54,300",0.414,"46,747","43,700",0.364
18,GR,3951,  Fläsch,Total,436,1.112,"2,550",416,0.857,"69,959","54,450",0.485,"53,367","44,095",0.454,"77,463","59,800",0.475,"58,011","50,022",0.428
18,GR,3952,  Jenins,Total,542,1.074,"1,982",291,0.834,"63,954","48,950",0.468,"48,222","40,700",0.435,"71,702","55,050",0.46,"52,906","45,767",0.410
18,GR,3953,  Maienfeld,Total,"1,725",3.737,"2,167",353,0.839,"66,362","51,800",0.46,"50,418","42,000",0.421,"74,134","56,900",0.451,"55,124","47,500",0.396
18,GR,3954,  Malans,Total,"1,351",3.212,"2,378",326,0.844,"68,697","52,400",0.49,"50,553","41,000",0.465,"77,489","59,900",0.475,"55,791","47,200",0.435
18,GR,3955,  Landquart,Total,"5,121",3.967,775,203,0.766,"50,048","46,400",0.389,"38,312","36,333",0.368,"57,967","52,300",0.391,"43,139","42,200",0.344
18,GR,3961,  Grüsch,Total,"1,209",1.033,854,179,0.803,"48,983","44,000",0.427,"36,733","34,500",0.400,"57,373","49,700",0.419,"41,695","39,400",0.369
18,GR,3962,  Schiers,Total,"1,480",1.044,705,163,0.797,"46,861","43,000",0.409,"35,598","33,000",0.381,"54,735","48,400",0.409,"40,326","38,850",0.353
18,GR,3972,  Seewis im Prättigau,Total,804,0.631,784,160,0.822,"47,749","41,900",0.425,"35,397","32,488",0.393,"56,427","47,950",0.419,"40,483","38,950",0.361
18,GR,3981,  Breil/Brigels,Total,861,0.483,561,116,0.82,"37,713","33,700",0.468,"28,634","25,900",0.448,"46,514","38,700",0.425,"33,782","30,900",0.387
18,GR,3982,  Disentis/Mustér,Total,"1,360",0.915,673,129,0.827,"40,933","35,950",0.483,"31,012","29,167",0.453,"48,533","41,100",0.455,"35,627","34,600",0.410
18,GR,3983,  Medel (Lucmagn),Total,267,0.107,400,89,0.803,"37,604","33,400",0.438,"28,898","26,000",0.396,"44,349","37,200",0.445,"33,043","33,000",0.374
18,GR,3985,  Sumvitg,Total,770,0.319,415,91,0.808,"38,498","34,850",0.429,"28,800","26,823",0.395,"46,344","40,700",0.426,"33,536","32,900",0.366
18,GR,3986,  Tujetsch,Total,890,0.661,742,152,0.827,"42,857","38,750",0.462,"33,550","30,739",0.440,"50,009","42,950",0.438,"37,984","36,500",0.401
18,GR,3987,  Trun,Total,779,0.317,407,113,0.771,"38,607","35,000",0.417,"30,343","28,400",0.381,"45,402","39,400",0.418,"34,602","33,900",0.358
19,AG,4001,  Aarau,Total,"13,380",21.432,"1,602",354,0.806,"60,177","50,000",0.431,"48,266","43,333",0.398,"66,706","54,800",0.421,"52,488","47,742",0.372
19,AG,4002,  Biberstein,Total,904,2.689,"2,975",671,0.797,"80,368","65,450",0.441,"60,520","50,650",0.412,"88,571","71,800",0.429,"65,666","56,129",0.387
19,AG,4003,  Buchs (AG),Total,"4,508",5.05,"1,120",362,0.751,"57,625","51,800",0.374,"45,183","43,000",0.351,"65,753","57,900",0.368,"50,239","48,279",0.321
19,AG,4004,  Densbüren,Total,425,0.371,873,217,0.759,"51,933","44,800",0.399,"39,401","38,000",0.357,"60,165","50,200",0.393,"44,496","43,467",0.330
19,AG,4005,  Erlinsbach (AG),Total,"2,290",4.714,"2,058",440,0.8,"68,980","56,250",0.434,"51,459","45,000",0.407,"77,823","64,050",0.418,"56,888","50,488",0.376
19,AG,4006,  Gränichen,Total,"4,349",4.192,964,291,0.749,"55,208","50,400",0.383,"41,876","39,833",0.360,"63,904","56,800",0.376,"47,228","45,600",0.327
19,AG,4007,  Hirschthal,Total,951,1.613,"1,696",378,0.804,"64,024","53,800",0.409,"48,499","42,700",0.371,"72,651","59,800",0.4,"53,822","48,533",0.342
19,AG,4008,  Küttigen,Total,"3,615",6.918,"1,914",405,0.803,"66,189","54,000",0.443,"49,535","44,100",0.406,"74,453","60,500",0.431,"54,654","49,500",0.377
19,AG,4009,  Muhen,Total,"2,247",2.508,"1,116",312,0.762,"57,446","50,500",0.382,"44,018","41,100",0.356,"65,939","57,000",0.376,"49,226","46,267",0.326
19,AG,4010,  Oberentfelden,Total,"4,468",4.041,904,224,0.769,"52,475","47,400",0.397,"40,141","37,707",0.375,"60,924","54,100",0.386,"45,361","43,571",0.341
19,AG,4012,  Suhr,Total,"5,544",5.985,"1,079",231,0.792,"54,797","48,100",0.408,"41,669","38,400",0.384,"63,533","54,500",0.399,"46,977","44,163",0.349
19,AG,4013,  Unterentfelden,Total,"2,360",2.977,"1,262",334,0.774,"59,327","52,100",0.393,"45,005","41,392",0.370,"67,916","58,900",0.383,"50,259","47,000",0.337
19,AG,4021,  Baden,Total,"11,993",24.344,"2,030",466,0.796,"67,021","54,800",0.439,"52,667","46,400",0.407,"74,333","59,800",0.429,"57,314","51,333",0.382
19,AG,4022,  Bellikon,Total,940,2.54,"2,702",698,0.756,"79,571","65,500",0.42,"60,383","52,433",0.391,"87,978","73,300",0.41,"65,613","58,900",0.366
19,AG,4023,  Bergdietikon,Total,"1,560",5.352,"3,431",669,0.798,"84,792","62,900",0.457,"62,813","51,900",0.423,"93,557","70,300",0.442,"68,262","57,060",0.396
19,AG,4024,  Birmenstorf (AG),Total,"1,631",2.862,"1,755",530,0.756,"68,603","58,300",0.391,"51,065","46,700",0.359,"77,803","66,600",0.386,"56,646","52,762",0.332
19,AG,4026,  Ennetbaden,Total,"1,956",6.848,"3,501",751,0.793,"84,614","63,750",0.47,"62,697","53,267",0.425,"92,756","69,500",0.459,"67,759","58,464",0.402
19,AG,4027,  Fislisbach,Total,"3,233",4.206,"1,301",348,0.785,"59,267","51,500",0.4,"45,259","41,900",0.372,"67,430","57,700",0.391,"50,316","47,444",0.341
19,AG,4028,  Freienwil,Total,548,0.819,"1,495",423,0.748,"64,220","58,500",0.411,"46,963","44,661",0.389,"73,732","65,350",0.404,"52,506","49,700",0.359
19,AG,4029,  Gebenstorf,Total,"2,931",3.273,"1,117",326,0.749,"57,479","50,900",0.388,"44,380","41,100",0.366,"65,579","57,000",0.378,"49,412","46,900",0.334
19,AG,4030,  Killwangen,Total,"1,093",1.758,"1,609",510,0.746,"66,256","57,700",0.4,"48,716","45,700",0.376,"75,658","66,100",0.391,"54,394","51,700",0.346
19,AG,4031,  Künten,Total,952,1.086,"1,141",315,0.756,"58,272","51,100",0.397,"43,813","40,660",0.371,"66,797","57,500",0.391,"49,010","46,679",0.341
19,AG,4032,  Mägenwil,Total,"1,157",1.547,"1,337",344,0.771,"60,973","53,000",0.399,"45,240","42,500",0.366,"70,155","59,400",0.392,"50,660","47,429",0.336
19,AG,4033,  Mellingen,Total,"3,010",3.823,"1,270",318,0.775,"58,979","50,750",0.399,"45,060","41,800",0.374,"67,377","57,200",0.391,"50,221","46,500",0.343
19,AG,4034,  Neuenhof,Total,"4,983",3.3,662,198,0.748,"48,010","45,000",0.375,"37,758","36,000",0.367,"56,076","51,300",0.365,"42,740","41,667",0.328
19,AG,4035,  Niederrohrdorf,Total,"2,119",3.827,"1,806",470,0.769,"68,061","57,300",0.405,"50,627","45,700",0.371,"76,975","63,800",0.396,"56,067","51,133",0.344
19,AG,4037,  Oberrohrdorf,Total,"2,422",6.19,"2,556",525,0.794,"74,478","58,300",0.453,"55,341","47,045",0.419,"82,629","64,100",0.441,"60,399","52,050",0.393
19,AG,4038,  Obersiggenthal,Total,"4,909",9.048,"1,843",394,0.805,"65,604","54,000",0.437,"49,374","43,462",0.409,"74,036","60,600",0.424,"54,563","49,000",0.378
19,AG,4039,  Remetschwil,Total,"1,138",3.015,"2,650",471,0.813,"73,903","57,800",0.48,"52,450","44,200",0.444,"83,263","67,150",0.467,"58,039","50,533",0.416
19,AG,4040,  Spreitenbach,Total,"5,992",4.715,787,174,0.805,"49,398","45,050",0.396,"37,138","33,939",0.383,"58,792","51,900",0.383,"42,754","40,667",0.340
19,AG,4041,  Stetten (AG),Total,"1,201",1.356,"1,129",283,0.778,"57,493","50,100",0.394,"43,144","40,389",0.363,"66,841","56,300",0.387,"48,813","46,100",0.330
19,AG,4042,  Turgi,Total,"1,766",1.822,"1,032",217,0.79,"52,510","46,100",0.419,"41,178","38,050",0.395,"60,147","51,550",0.408,"45,943","43,200",0.362
19,AG,4044,  Untersiggenthal,Total,"4,071",5.13,"1,260",314,0.778,"58,204","50,500",0.414,"43,810","40,733",0.389,"66,626","57,300",0.404,"48,960","46,308",0.357
19,AG,4045,  Wettingen,Total,"12,585",21.366,"1,698",339,0.813,"61,930","51,100",0.441,"48,040","42,200",0.408,"69,319","56,600",0.43,"52,704","47,300",0.380
19,AG,4046,  Wohlenschwil,Total,846,1.092,"1,291",251,0.781,"59,219","51,650",0.416,"43,822","39,750",0.383,"68,370","57,850",0.408,"49,335","45,183",0.354
19,AG,4047,  Würenlingen,Total,"2,541",3.193,"1,257",360,0.758,"60,935","54,000",0.383,"45,107","42,095",0.358,"70,317","61,800",0.376,"50,787","47,905",0.327
19,AG,4048,  Würenlos,Total,"3,455",7.862,"2,276",541,0.787,"72,999","61,100",0.432,"52,998","46,800",0.400,"82,590","69,000",0.422,"58,713","53,200",0.371
19,AG,4049,  Ehrendingen,Total,"2,681",3.859,"1,440",394,0.77,"62,777","54,700",0.401,"45,998","42,600",0.364,"72,027","61,300",0.395,"51,582","48,800",0.336
19,AG,4061,  Arni (AG),Total,"1,025",2.858,"2,788",673,0.776,"78,990","63,800",0.45,"55,726","49,300",0.408,"88,653","72,400",0.439,"61,508","55,476",0.382
19,AG,4062,  Berikon,Total,"2,709",5.134,"1,895",415,0.802,"66,587","55,000",0.432,"50,237","44,200",0.403,"74,995","61,800",0.42,"55,403","50,200",0.373
19,AG,4063,  Bremgarten (AG),Total,"4,718",6.84,"1,450",278,0.82,"58,847","49,800",0.427,"46,022","40,100",0.405,"66,526","55,350",0.415,"50,850","45,333",0.373
19,AG,4064,  Büttikon,Total,566,0.937,"1,656",398,0.775,"65,801","54,100",0.4,"49,604","42,800",0.375,"74,697","60,350",0.393,"55,105","48,838",0.348
19,AG,4065,  Dottikon,Total,"2,188",1.901,869,257,0.751,"53,301","48,600",0.368,"41,320","39,500",0.353,"61,573","54,800",0.364,"46,382","44,707",0.320
19,AG,4066,  Eggenwil,Total,545,0.959,"1,759",569,0.746,"68,714","59,500",0.394,"51,206","46,900",0.367,"77,561","67,500",0.387,"56,645","53,333",0.341
19,AG,4067,  Fischbach-Göslikon,Total,927,1.155,"1,246",310,0.787,"58,852","51,000",0.393,"44,377","40,944",0.363,"67,616","57,400",0.389,"49,675","46,800",0.332
19,AG,4068,  Hägglingen,Total,"1,402",2.026,"1,445",301,0.785,"61,076","50,600",0.417,"45,803","40,215",0.384,"69,911","56,950",0.407,"51,173","45,850",0.355
19,AG,4071,  Jonen,Total,"1,109",2.645,"2,385",497,0.787,"73,763","59,000",0.45,"51,803","45,300",0.410,"83,772","66,700",0.438,"57,727","51,722",0.383
19,AG,4072,  Niederwil (AG),Total,"1,600",2.167,"1,355",312,0.795,"59,616","51,350",0.412,"44,683","41,354",0.380,"68,267","57,400",0.405,"49,970","46,488",0.350
19,AG,4073,  Oberlunkhofen,Total,"1,146",4.08,"3,561",656,0.826,"85,591","62,350",0.476,"63,062","51,177",0.432,"93,953","68,100",0.465,"68,241","56,200",0.407
19,AG,4074,  Oberwil-Lieli,Total,"1,273",9.456,"7,428",671,0.894,"118,178","63,900",0.615,"77,430","50,900",0.543,"127,153","70,300",0.595,"82,859","56,400",0.516
19,AG,4075,  Rudolfstetten-Friedlisberg,Total,"2,475",4.068,"1,644",326,0.806,"62,860","52,500",0.429,"47,082","41,300",0.404,"71,766","59,200",0.417,"52,477","46,900",0.372
19,AG,4076,  Sarmenstorf,Total,"1,599",2.094,"1,310",315,0.79,"59,446","50,500",0.401,"44,876","41,000",0.372,"68,013","56,100",0.393,"50,119","46,500",0.341
19,AG,4077,  Tägerig,Total,771,0.816,"1,059",334,0.757,"58,408","53,000",0.369,"42,532","40,524",0.343,"68,436","60,200",0.366,"48,413","46,933",0.309
19,AG,4078,  Uezwil,Total,252,0.265,"1,051",259,0.767,"56,815","50,050",0.394,"42,010","37,444",0.372,"66,558","57,850",0.39,"47,745","44,300",0.341
19,AG,4079,  Unterlunkhofen,Total,777,1.385,"1,783",566,0.745,"68,728","60,000",0.391,"52,360","48,533",0.360,"76,973","65,800",0.387,"57,458","53,615",0.335
19,AG,4080,  Villmergen,Total,"4,045",4.056,"1,003",277,0.773,"54,773","49,200",0.373,"42,711","40,143",0.352,"62,967","55,200",0.368,"47,786","45,500",0.319
19,AG,4081,  Widen,Total,"2,146",6.836,"3,185",524,0.839,"79,614","57,950",0.481,"58,952","47,250",0.441,"87,542","64,900",0.467,"63,921","52,200",0.414
19,AG,4082,  Wohlen (AG),Total,"8,805",8.804,"1,000",194,0.809,"52,006","44,900",0.421,"39,610","35,600",0.398,"60,345","51,100",0.408,"44,745","41,300",0.362
19,AG,4083,  Zufikon,Total,"2,581",4.774,"1,850",407,0.806,"65,650","53,200",0.433,"49,133","44,000",0.399,"74,029","59,800",0.421,"54,292","49,143",0.369
19,AG,4084,  Islisberg,Total,353,0.713,"2,021",653,0.737,"73,454","61,700",0.379,"55,573","51,000",0.349,"82,216","69,100",0.374,"60,807","55,867",0.325
19,AG,4091,  Auenstein,Total,955,1.866,"1,954",495,0.797,"68,217","57,600",0.414,"52,067","46,267",0.384,"76,202","63,100",0.405,"57,123","51,200",0.358
19,AG,4092,  Birr,Total,"2,249",1.98,880,215,0.777,"53,240","48,500",0.381,"39,648","37,200",0.371,"62,709","56,400",0.369,"45,271","43,200",0.330
19,AG,4093,  Birrhard,Total,429,0.496,"1,156",312,0.754,"58,347","50,100",0.387,"44,895","41,889",0.349,"65,986","53,800",0.385,"49,748","46,500",0.327
19,AG,4094,  Bözen,Total,440,0.392,892,310,0.733,"53,666","49,100",0.376,"42,240","40,106",0.356,"61,611","55,100",0.367,"47,162","45,217",0.324
19,AG,4095,  Brugg,Total,"6,813",9.816,"1,441",281,0.817,"57,781","48,200",0.441,"44,572","39,900",0.412,"65,485","53,800",0.428,"49,373","45,200",0.380
19,AG,4096,  Effingen,Total,345,0.44,"1,274",211,0.809,"58,161","47,500",0.418,"41,763","37,889",0.374,"67,124","54,000",0.411,"47,297","43,400",0.348
19,AG,4097,  Elfingen,Total,164,0.164,998,306,0.68,"57,456","51,000",0.383,"43,520","41,674",0.360,"65,784","59,600",0.368,"48,770","45,650",0.331
19,AG,4099,  Habsburg,Total,248,0.742,"2,994",748,0.78,"80,858","65,000",0.444,"58,365","52,300",0.389,"89,995","71,350",0.437,"63,877","57,750",0.366
19,AG,4100,  Hausen (AG),Total,"2,025",2.815,"1,390",397,0.762,"61,966","53,900",0.389,"47,636","44,000",0.366,"70,327","60,900",0.381,"52,795","49,300",0.337
19,AG,4104,  Lupfig,Total,"1,387",1.702,"1,227",440,0.728,"61,036","54,800",0.368,"47,298","44,923",0.340,"69,081","60,600",0.364,"52,328","50,500",0.313
19,AG,4105,  Mandach,Total,182,0.232,"1,275",206,0.85,"54,972","46,500",0.41,"41,992","35,150",0.393,"62,832","52,500",0.394,"46,898","42,546",0.356
19,AG,4106,  Mönthal,Total,227,0.283,"1,246",472,0.712,"62,802","56,000",0.362,"47,342","44,200",0.342,"71,540","66,000",0.354,"52,790","50,400",0.316
19,AG,4107,  Mülligen,Total,607,0.715,"1,178",397,0.751,"59,193","52,300",0.369,"46,100","43,538",0.335,"66,841","58,100",0.367,"50,912","49,400",0.311
19,AG,4110,  Remigen,Total,576,0.961,"1,669",449,0.768,"67,367","58,350",0.393,"48,527","45,119",0.353,"76,928","67,450",0.385,"54,266","50,767",0.324
19,AG,4111,  Riniken,Total,835,1.032,"1,236",308,0.782,"58,422","51,100",0.406,"43,327","39,300",0.379,"67,299","58,700",0.394,"48,716","45,400",0.344
19,AG,4112,  Rüfenach,Total,482,0.631,"1,310",396,0.741,"62,738","54,650",0.391,"45,379","43,569",0.355,"72,154","61,850",0.385,"51,088","48,852",0.329
19,AG,4113,  Scherz,Total,381,0.472,"1,240",372,0.751,"59,890","53,000",0.398,"45,514","43,067",0.374,"68,399","61,000",0.386,"50,834","49,292",0.343
19,AG,4114,  Schinznach-Bad,Total,751,0.833,"1,109",220,0.78,"55,156","46,700",0.417,"42,633","38,692",0.396,"63,064","52,400",0.403,"47,626","43,400",0.363
19,AG,4117,  Thalheim (AG),Total,474,0.588,"1,241",308,0.774,"59,549","52,900",0.379,"45,066","40,100",0.365,"68,299","61,700",0.371,"50,413","46,400",0.333
19,AG,4120,  Veltheim (AG),Total,842,0.886,"1,052",227,0.775,"54,429","48,000",0.421,"40,955","37,660",0.392,"62,826","52,350",0.412,"46,155","43,050",0.361
19,AG,4121,  Villigen,Total,"1,140",1.367,"1,199",402,0.734,"60,533","53,400",0.365,"46,507","43,250",0.340,"68,628","60,700",0.362,"51,527","48,422",0.313
19,AG,4122,  Villnachern,Total,868,0.989,"1,140",289,0.762,"58,507","51,750",0.394,"43,239","40,292",0.369,"67,745","58,500",0.388,"48,788","45,900",0.339
19,AG,4123,  Windisch,Total,"4,290",4.831,"1,126",238,0.8,"54,510","47,250",0.418,"41,777","38,600",0.392,"62,486","53,150",0.407,"46,653","44,195",0.358
19,AG,4124,  Bözberg,Total,943,1.704,"1,807",339,0.824,"64,014","51,500",0.439,"48,138","41,700",0.408,"72,208","59,100",0.425,"53,242","47,200",0.376
19,AG,4125,  Schinznach,Total,"1,327",1.828,"1,377",234,0.806,"58,390","49,000",0.436,"43,780","38,190",0.404,"66,839","55,900",0.424,"48,969","44,333",0.372
19,AG,4131,  Beinwil am See,Total,"1,853",3.057,"1,650",258,0.836,"60,360","49,200",0.445,"45,584","39,900",0.411,"68,288","54,200",0.432,"50,549","44,600",0.379
19,AG,4132,  Birrwil,Total,740,1.174,"1,587",342,0.796,"61,247","50,450",0.417,"48,984","41,400",0.397,"68,036","55,100",0.404,"53,419","46,050",0.368
19,AG,4133,  Burg (AG),Total,572,0.339,593,186,0.744,"46,470","43,750",0.37,"36,525","35,024",0.351,"54,454","49,000",0.366,"41,565","39,950",0.319
19,AG,4134,  Dürrenäsch,Total,696,0.763,"1,096",231,0.789,"56,728","49,100",0.387,"42,152","38,900",0.344,"65,515","55,850",0.386,"47,463","44,195",0.318
19,AG,4135,  Gontenschwil,Total,"1,197",1.003,838,196,0.783,"50,952","45,300",0.385,"39,556","36,700",0.366,"59,104","51,400",0.376,"44,639","41,700",0.332
19,AG,4136,  Holziken,Total,793,0.656,828,283,0.727,"53,488","48,300",0.352,"42,763","40,667",0.342,"61,048","54,100",0.346,"47,518","45,867",0.309
19,AG,4137,  Leimbach (AG),Total,255,0.329,"1,291",203,0.81,"59,322","49,000",0.394,"43,545","37,556",0.381,"68,923","59,000",0.381,"49,369","43,100",0.346
19,AG,4138,  Leutwil,Total,472,0.473,"1,002",243,0.775,"54,640","48,900",0.386,"42,082","39,056",0.368,"62,586","56,600",0.381,"46,920","44,000",0.337
19,AG,4139,  Menziken,Total,"3,347",2.616,782,161,0.818,"47,419","42,100",0.411,"36,283","33,000",0.396,"55,954","49,000",0.397,"41,521","39,250",0.354
19,AG,4140,  Oberkulm,Total,"1,529",1.318,862,173,0.823,"50,190","44,200",0.391,"38,024","34,222",0.374,"58,934","50,400",0.381,"43,418","40,400",0.336
19,AG,4141,  Reinach (AG),Total,"4,702",3.277,697,151,0.812,"46,013","41,600",0.403,"35,607","32,272",0.391,"54,399","48,000",0.388,"40,760","38,283",0.348
19,AG,4142,  Schlossrued,Total,493,0.418,848,172,0.829,"47,970","42,200",0.406,"37,012","33,700",0.381,"56,360","48,300",0.393,"42,212","39,400",0.341
19,AG,4143,  Schmiedrued,Total,683,0.378,553,167,0.757,"45,636","42,500",0.38,"35,333","33,400",0.368,"54,140","49,100",0.373,"40,509","39,200",0.329
19,AG,4144,  Schöftland,Total,"2,596",3.228,"1,243",289,0.799,"56,879","49,550",0.404,"44,097","40,633",0.372,"64,492","55,000",0.398,"48,894","45,500",0.344
19,AG,4145,  Teufenthal (AG),Total,920,0.635,691,205,0.729,"50,192","45,900",0.368,"38,901","37,200",0.343,"58,195","50,950",0.366,"43,869","42,796",0.313
19,AG,4146,  Unterkulm,Total,"1,644",1.248,759,180,0.781,"49,517","44,600",0.402,"37,182","35,000",0.383,"58,226","51,100",0.389,"42,519","41,122",0.345
19,AG,4147,  Zetzwil,Total,765,0.699,913,260,0.769,"53,332","48,200",0.37,"41,396","39,741",0.352,"61,751","53,900",0.365,"46,644","44,700",0.319
19,AG,4161,  Eiken,Total,"1,262",1.339,"1,061",311,0.746,"57,073","51,850",0.387,"43,081","40,556",0.363,"65,794","59,400",0.379,"48,466","46,283",0.333
19,AG,4163,  Frick,Total,"3,076",4.116,"1,338",297,0.792,"58,717","49,500",0.416,"44,857","40,700",0.392,"67,025","56,500",0.404,"49,989","46,000",0.360
19,AG,4164,  Gansingen,Total,584,0.67,"1,147",305,0.781,"56,957","51,100",0.409,"41,778","39,686",0.367,"65,665","56,450",0.402,"47,026","45,952",0.339
19,AG,4165,  Gipf-Oberfrick,Total,"2,082",3.635,"1,746",378,0.797,"64,771","53,300",0.434,"47,490","42,800",0.391,"73,634","59,400",0.426,"52,845","48,796",0.363
19,AG,4166,  Herznach,Total,809,1.126,"1,391",355,0.778,"61,021","53,200",0.407,"45,225","41,333",0.371,"70,066","59,400",0.4,"50,707","48,300",0.342
19,AG,4167,  Hornussen,Total,557,0.385,691,203,0.745,"49,233","45,800",0.365,"38,274","36,429",0.344,"57,042","52,600",0.36,"43,198","41,750",0.312
19,AG,4169,  Kaisten,Total,"1,480",1.981,"1,338",299,0.805,"59,268","52,300",0.413,"43,926","39,823",0.389,"68,094","60,450",0.402,"49,298","45,805",0.356
19,AG,4170,  Laufenburg,Total,"1,930",2.186,"1,133",252,0.791,"55,978","49,700",0.406,"42,208","37,888",0.392,"64,751","57,300",0.39,"47,570","44,000",0.354
19,AG,4172,  Münchwilen (AG),Total,523,0.622,"1,188",344,0.748,"59,077","51,700",0.379,"45,781","42,048",0.359,"67,042","60,100",0.368,"50,815","47,333",0.328
19,AG,4173,  Oberhof,Total,327,0.332,"1,014",208,0.782,"54,961","47,100",0.409,"40,023","37,200",0.387,"64,839","53,700",0.399,"45,847","42,900",0.351
19,AG,4175,  Oeschgen,Total,545,0.644,"1,181",389,0.752,"59,404","53,400",0.379,"45,315","43,133",0.362,"67,667","58,400",0.377,"50,353","48,800",0.332
19,AG,4176,  Schwaderloch,Total,387,0.308,797,241,0.722,"52,612","47,800",0.363,"40,983","39,733",0.342,"60,469","53,900",0.355,"45,875","44,200",0.309
19,AG,4177,  Sisseln,Total,877,0.942,"1,074",357,0.729,"57,744","51,100",0.371,"44,957","42,500",0.356,"65,358","56,700",0.362,"49,676","47,556",0.326
19,AG,4179,  Ueken,Total,502,0.449,894,283,0.724,"55,899","52,200",0.372,"41,951","39,872",0.364,"65,256","60,700",0.364,"47,522","45,304",0.329
19,AG,4181,  Wittnau,Total,696,0.806,"1,158",333,0.759,"58,723","51,700",0.381,"44,504","41,800",0.351,"67,297","57,600",0.378,"49,722","46,700",0.323
19,AG,4182,  Wölflinswil,Total,566,0.523,924,224,0.771,"53,582","46,800",0.398,"40,163","37,600",0.374,"62,495","53,800",0.389,"45,413","43,683",0.338
19,AG,4183,  Zeihen,Total,658,0.648,985,302,0.745,"55,508","50,700",0.369,"43,241","40,976",0.350,"63,667","57,400",0.365,"48,262","46,308",0.319
19,AG,4184,  Mettauertal,Total,"1,142",1.119,980,255,0.752,"55,472","49,950",0.378,"42,594","38,550",0.362,"63,781","56,250",0.372,"47,759","44,200",0.331
19,AG,4191,  Ammerswil,Total,390,0.526,"1,349",413,0.721,"63,800","57,100",0.387,"47,179","45,400",0.356,"73,050","64,250",0.38,"52,775","50,700",0.328
19,AG,4192,  Boniswil,Total,836,1.039,"1,242",254,0.784,"57,695","50,500",0.422,"42,761","39,556",0.388,"66,497","56,700",0.413,"48,189","45,081",0.359
19,AG,4193,  Brunegg,Total,415,0.413,996,444,0.68,"59,426","55,000",0.337,"45,949","45,143",0.322,"67,470","60,400",0.337,"50,844","50,100",0.295
19,AG,4194,  Dintikon,Total,"1,185",1.233,"1,040",310,0.762,"56,704","52,200",0.378,"42,026","39,833",0.364,"66,166","60,000",0.372,"47,651","45,533",0.328
19,AG,4195,  Egliswil,Total,760,0.947,"1,247",374,0.75,"60,924","52,550",0.389,"45,263","42,707",0.355,"70,288","58,200",0.385,"50,913","48,650",0.328
19,AG,4196,  Fahrwangen,Total,"1,163",1.024,881,199,0.789,"51,655","46,100",0.392,"39,670","36,733",0.365,"60,119","51,100",0.388,"44,834","42,704",0.333
19,AG,4197,  Hallwil,Total,498,0.311,625,200,0.723,"48,391","45,350",0.362,"39,406","37,000",0.352,"55,556","49,950",0.356,"43,968","42,650",0.318
19,AG,4198,  Hendschiken,Total,647,0.447,691,260,0.711,"51,991","49,100",0.352,"39,261","38,952",0.333,"61,143","55,400",0.348,"44,753","44,600",0.298
19,AG,4199,  Holderbank (AG),Total,658,0.573,872,296,0.725,"54,912","49,950",0.343,"43,101","40,650",0.330,"63,017","57,000",0.338,"48,189","46,076",0.298
19,AG,4200,  Hunzenschwil,Total,"2,286",2.13,932,299,0.74,"55,190","49,350",0.357,"43,241","41,639",0.332,"63,236","55,300",0.356,"48,216","46,200",0.303
19,AG,4201,  Lenzburg,Total,"5,730",9.551,"1,667",310,0.823,"60,447","49,300",0.443,"47,272","41,600",0.410,"67,870","54,200",0.43,"51,960","46,414",0.380
19,AG,4202,  Meisterschwanden,Total,"1,720",4.666,"2,713",418,0.841,"74,022","54,300",0.473,"56,095","44,150",0.439,"81,977","60,050",0.459,"61,071","49,800",0.412
19,AG,4203,  Möriken-Wildegg,Total,"2,473",4.27,"1,727",355,0.813,"64,045","52,700",0.427,"47,307","42,200",0.395,"72,620","59,600",0.418,"52,492","47,400",0.366
19,AG,4204,  Niederlenz,Total,"2,486",2.544,"1,023",218,0.791,"54,632","48,400",0.405,"40,143","37,750",0.377,"64,197","54,900",0.395,"45,843","43,536",0.342
19,AG,4205,  Othmarsingen,Total,"1,512",1.45,959,278,0.755,"55,529","49,700",0.374,"41,895","39,717",0.349,"64,336","56,550",0.373,"47,238","45,400",0.320
19,AG,4206,  Rupperswil,Total,"2,995",3.702,"1,236",378,0.76,"59,794","53,400",0.382,"45,651","43,400",0.354,"68,389","59,600",0.378,"50,887","48,600",0.324
19,AG,4207,  Schafisheim,Total,"1,679",1.875,"1,116",275,0.772,"56,955","50,500",0.402,"42,449","39,571",0.377,"65,898","57,400",0.394,"47,891","45,467",0.345
19,AG,4208,  Seengen,Total,"2,216",4.907,"2,214",437,0.809,"70,352","56,000",0.442,"52,368","44,048",0.410,"79,235","62,800",0.433,"57,720","49,983",0.383
19,AG,4209,  Seon,Total,"2,876",2.852,991,225,0.781,"54,297","48,650",0.396,"41,154","38,400",0.371,"62,732","54,400",0.389,"46,351","44,098",0.340
19,AG,4210,  Staufen,Total,"1,771",2.632,"1,486",436,0.763,"62,954","55,000",0.396,"48,072","45,000",0.364,"71,113","60,200",0.39,"53,129","50,667",0.337
19,AG,4221,  Abtwil,Total,514,0.604,"1,175",221,0.789,"57,786","49,900",0.415,"41,355","38,148",0.385,"68,374","57,700",0.407,"47,521","44,050",0.351
19,AG,4222,  Aristau,Total,791,1.195,"1,511",334,0.792,"62,036","50,400",0.42,"46,073","41,100",0.389,"71,093","58,500",0.411,"51,587","46,900",0.360
19,AG,4223,  Auw,Total,988,1.301,"1,317",289,0.802,"60,774","52,000",0.391,"43,425","40,800",0.350,"71,039","59,650",0.387,"49,306","46,033",0.317
19,AG,4224,  Beinwil (Freiamt),Total,597,1.142,"1,913",234,0.893,"61,696","47,700",0.473,"48,266","37,100",0.472,"71,227","53,100",0.459,"53,818","44,333",0.432
19,AG,4226,  Besenbüren,Total,325,0.352,"1,083",360,0.723,"59,675","54,100",0.377,"43,741","42,278",0.357,"69,755","62,700",0.375,"49,587","48,476",0.324
19,AG,4227,  Bettwil,Total,340,0.725,"2,134",281,0.891,"63,977","48,850",0.473,"46,464","39,713",0.415,"72,250","55,450",0.453,"51,615","45,750",0.377
19,AG,4228,  Boswil,Total,"1,627",1.449,891,252,0.757,"53,602","48,400",0.367,"41,618","39,933",0.339,"61,495","53,500",0.365,"46,466","45,000",0.309
19,AG,4229,  Bünzen,Total,576,0.596,"1,035",220,0.79,"54,799","47,900",0.39,"42,064","37,861",0.367,"63,531","54,000",0.38,"47,373","43,067",0.333
19,AG,4230,  Buttwil,Total,649,0.793,"1,222",275,0.77,"59,807","51,600",0.398,"43,439","40,667",0.363,"69,418","58,300",0.392,"49,199","46,810",0.334
19,AG,4231,  Dietwil,Total,727,0.808,"1,112",312,0.784,"57,200","50,700",0.383,"42,833","40,000",0.350,"65,988","56,500",0.384,"48,057","46,200",0.320
19,AG,4232,  Geltwil,Total,116,0.233,"2,009",227,0.881,"62,356","45,000",0.477,"46,426","36,850",0.451,"71,782","51,200",0.46,"51,939","42,371",0.411
19,AG,4233,  Kallern,Total,187,0.361,"1,932",320,0.815,"66,514","53,700",0.44,"49,878","40,533",0.417,"76,043","62,600",0.43,"55,627","47,000",0.389
19,AG,4234,  Merenschwand,Total,"1,839",2.605,"1,416",258,0.821,"59,670","51,100",0.425,"43,016","38,143",0.390,"69,406","57,700",0.418,"48,766","45,000",0.358
19,AG,4235,  Mühlau,Total,593,0.629,"1,061",305,0.756,"57,093","50,600",0.377,"43,303","40,300",0.352,"66,115","57,300",0.376,"48,770","45,900",0.323
19,AG,4236,  Muri (AG),Total,"4,346",5.007,"1,152",249,0.79,"56,635","49,000",0.402,"42,812","39,144",0.372,"65,186","55,300",0.395,"48,015","44,390",0.340
19,AG,4237,  Oberrüti,Total,822,0.957,"1,164",299,0.771,"59,063","52,650",0.399,"42,870","40,063",0.371,"69,161","60,700",0.394,"48,796","46,731",0.339
19,AG,4238,  Rottenschwil,Total,480,0.681,"1,419",310,0.774,"61,178","51,450",0.417,"46,360","41,550",0.391,"69,665","59,400",0.408,"51,551","46,500",0.363
19,AG,4239,  Sins,Total,"2,294",2.824,"1,231",251,0.796,"57,858","49,400",0.411,"42,755","38,862",0.383,"67,099","56,700",0.404,"48,184","44,190",0.350
19,AG,4240,  Waltenschwil,Total,"1,566",1.981,"1,265",296,0.795,"58,779","50,500",0.409,"43,038","39,800",0.373,"67,990","58,800",0.403,"48,557","46,033",0.342
19,AG,4251,  Hellikon,Total,472,0.297,629,215,0.704,"49,816","47,450",0.358,"37,905","37,550",0.342,"58,470","53,200",0.353,"43,254","42,881",0.307
19,AG,4252,  Kaiseraugst,Total,"3,242",5.161,"1,592",479,0.764,"65,180","57,750",0.387,"50,149","45,800",0.371,"73,686","65,100",0.378,"55,403","51,183",0.340
19,AG,4253,  Magden,Total,"2,172",5.981,"2,753",557,0.801,"77,330","60,400",0.463,"54,569","46,392",0.430,"87,355","69,250",0.449,"60,503","52,433",0.401
19,AG,4254,  Möhlin,Total,"6,186",7.336,"1,186",297,0.776,"57,781","51,100",0.402,"43,560","40,190",0.380,"66,532","58,200",0.39,"48,875","45,900",0.345
19,AG,4255,  Mumpf,Total,784,0.86,"1,096",316,0.766,"56,602","51,050",0.382,"43,429","39,667",0.357,"64,573","57,600",0.373,"48,454","45,467",0.327
19,AG,4256,  Obermumpf,Total,612,0.655,"1,070",231,0.796,"54,720","48,000",0.408,"41,190","38,610",0.381,"63,411","54,050",0.4,"46,541","43,950",0.349
19,AG,4257,  Olsberg,Total,217,0.743,"3,425",709,0.796,"84,220","65,800",0.469,"64,418","47,500",0.455,"91,942","73,300",0.449,"69,418","55,667",0.428
19,AG,4258,  Rheinfelden,Total,"7,859",12.947,"1,647",362,0.805,"61,850","51,500",0.428,"48,307","42,800",0.408,"69,705","58,000",0.412,"53,259","47,700",0.376
19,AG,4259,  Schupfart,Total,475,0.456,960,360,0.698,"57,156","52,000",0.352,"44,645","43,500",0.333,"65,263","60,000",0.352,"49,719","48,200",0.305
19,AG,4260,  Stein (AG),Total,"1,806",2.622,"1,452",344,0.794,"59,869","51,100",0.413,"46,732","41,643",0.402,"67,968","57,600",0.398,"51,782","47,282",0.368
19,AG,4261,  Wallbach,Total,"1,117",2.372,"2,123",437,0.799,"69,928","58,000",0.444,"51,414","43,900",0.413,"78,818","64,500",0.433,"56,893","50,333",0.386
19,AG,4262,  Wegenstetten,Total,600,0.76,"1,266",217,0.812,"57,147","48,400",0.426,"41,697","37,450",0.399,"66,233","56,550",0.411,"47,200","43,100",0.364
19,AG,4263,  Zeiningen,Total,"1,331",2.23,"1,676",363,0.804,"63,825","52,800",0.424,"46,982","42,278",0.388,"72,676","60,400",0.414,"52,433","47,500",0.359
19,AG,4264,  Zuzgen,Total,486,0.741,"1,526",334,0.803,"60,950","53,300",0.429,"44,414","39,367",0.407,"70,336","60,950",0.413,"50,039","46,300",0.370
19,AG,4271,  Aarburg,Total,"4,343",3.193,735,198,0.764,"49,143","44,700",0.382,"38,479","36,200",0.372,"57,384","51,300",0.371,"43,581","41,733",0.333
19,AG,4272,  Attelwil,Total,162,0.154,953,191,0.763,"54,282","46,200",0.395,"40,622","35,950",0.365,"63,842","55,500",0.384,"46,268","40,450",0.331
19,AG,4273,  Bottenwil,Total,469,0.51,"1,088",244,0.798,"55,563","49,000",0.392,"41,995","37,700",0.367,"64,041","55,700",0.384,"47,226","43,667",0.334
19,AG,4274,  Brittnau,Total,"2,217",2.056,927,270,0.759,"54,575","49,700",0.377,"41,055","39,000",0.355,"63,605","55,800",0.372,"46,528","45,200",0.321
19,AG,4275,  Kirchleerau,Total,508,0.38,748,290,0.726,"51,412","47,000",0.345,"40,569","40,500",0.318,"59,315","52,650",0.345,"45,495","45,167",0.288
19,AG,4276,  Kölliken,Total,"2,477",2.565,"1,035",244,0.784,"55,208","49,100",0.389,"42,005","38,933",0.365,"63,772","54,800",0.38,"47,252","44,300",0.332
19,AG,4277,  Moosleerau,Total,525,0.45,857,205,0.779,"51,754","47,100",0.383,"39,646","36,100",0.352,"60,261","52,700",0.38,"44,751","42,762",0.320
19,AG,4279,  Murgenthal,Total,"1,643",1.484,903,186,0.811,"50,604","44,600",0.403,"38,287","35,300",0.380,"59,391","51,200",0.391,"43,611","41,000",0.342
19,AG,4280,  Oftringen,Total,"7,616",6.35,834,220,0.767,"51,804","47,250",0.37,"40,165","37,611",0.354,"60,220","53,300",0.365,"45,353","43,400",0.320
19,AG,4281,  Reitnau,Total,674,0.626,930,173,0.821,"51,397","46,250",0.405,"37,987","33,656",0.383,"61,151","52,750",0.396,"43,620","40,422",0.340
19,AG,4282,  Rothrist,Total,"5,035",5.148,"1,022",244,0.784,"54,597","48,300",0.392,"42,098","38,400",0.377,"63,060","54,900",0.383,"47,315","44,200",0.342
19,AG,4283,  Safenwil,Total,"2,160",1.675,775,246,0.748,"51,410","47,700",0.359,"40,231","38,500",0.345,"59,362","53,700",0.353,"45,233","43,900",0.312
19,AG,4284,  Staffelbach,Total,637,0.478,751,248,0.733,"52,657","49,000",0.337,"40,755","38,556",0.312,"60,873","55,400",0.342,"45,835","44,100",0.286
19,AG,4285,  Strengelbach,Total,"2,643",2.052,776,213,0.758,"51,010","46,800",0.372,"39,325","38,000",0.350,"59,241","52,700",0.369,"44,439","43,200",0.318
19,AG,4286,  Uerkheim,Total,806,0.677,840,278,0.733,"53,574","48,900",0.368,"41,466","40,000",0.344,"61,688","53,950",0.365,"46,584","45,190",0.315
19,AG,4287,  Vordemwald,Total,"1,125",0.98,871,209,0.765,"52,920","48,300",0.37,"40,588","37,692",0.349,"61,295","54,900",0.365,"45,727","42,800",0.316
19,AG,4288,  Wiliberg,Total,95,0.082,865,338,0.669,"57,603","58,000",0.322,"43,882","41,611",0.309,"67,373","65,300",0.331,"49,815","48,944",0.280
19,AG,4289,  Zofingen,Total,"7,324",10.101,"1,379",332,0.794,"58,548","49,800",0.408,"46,722","42,529",0.379,"65,605","54,500",0.399,"51,246","47,162",0.351
19,AG,4301,  Baldingen,Total,167,0.206,"1,231",176,0.822,"55,801","45,400",0.426,"42,059","35,200",0.403,"64,654","55,400",0.414,"47,392","40,900",0.369
19,AG,4302,  Böbikon,Total,98,0.217,"2,218",194,0.909,"62,074","48,800",0.515,"45,405","32,325",0.506,"71,185","55,550",0.492,"51,007","40,633",0.466
19,AG,4303,  Böttstein,Total,"2,180",2.152,987,199,0.797,"53,182","47,100",0.403,"39,950","35,500",0.386,"61,929","53,300",0.389,"45,270","41,400",0.349
19,AG,4304,  Döttingen,Total,"2,156",2.556,"1,185",216,0.819,"55,483","47,800",0.408,"42,272","37,000",0.391,"63,987","54,900",0.395,"47,491","42,933",0.354
19,AG,4305,  Endingen,Total,"1,362",1.852,"1,359",348,0.776,"61,267","54,400",0.403,"45,169","40,367",0.383,"70,671","63,000",0.391,"50,819","47,000",0.348
19,AG,4306,  Fisibach,Total,218,0.206,946,247,0.761,"54,088","50,200",0.386,"40,641","36,300",0.380,"63,654","56,300",0.378,"46,296","43,301",0.343
19,AG,4307,  Full-Reuenthal,Total,492,0.491,997,223,0.778,"54,867","48,450",0.399,"41,133","37,700",0.374,"63,670","55,150",0.39,"46,548","43,806",0.342
19,AG,4308,  Kaiserstuhl,Total,233,0.271,"1,163",307,0.774,"54,200","48,500",0.437,"42,500","40,200",0.406,"61,039","55,000",0.429,"47,015","44,800",0.382
19,AG,4309,  Klingnau,Total,"1,956",2.422,"1,238",260,0.792,"56,747","48,100",0.42,"43,300","39,200",0.394,"64,903","54,850",0.409,"48,335","44,133",0.362
19,AG,4310,  Koblenz,Total,899,0.623,693,209,0.745,"49,681","45,900",0.371,"38,238","35,900",0.355,"57,694","51,700",0.364,"43,161","41,733",0.321
19,AG,4311,  Leibstadt,Total,739,0.829,"1,121",231,0.808,"54,749","47,200",0.403,"41,945","37,200",0.387,"63,158","54,500",0.391,"47,152","43,385",0.350
19,AG,4312,  Lengnau (AG),Total,"1,460",2.37,"1,623",299,0.831,"62,115","51,700",0.444,"43,904","39,800",0.402,"72,090","58,250",0.431,"49,753","46,145",0.368
19,AG,4313,  Leuggern,Total,"1,228",1.164,948,217,0.782,"53,267","47,750",0.397,"40,482","37,031",0.380,"61,893","53,750",0.387,"45,794","42,646",0.346
19,AG,4314,  Mellikon,Total,139,0.118,849,246,0.737,"53,098","47,400",0.396,"38,318","36,222",0.364,"62,146","55,200",0.384,"43,681","42,467",0.328
19,AG,4315,  Rekingen (AG),Total,535,0.362,677,176,0.779,"47,320","44,300",0.398,"35,537","32,938",0.385,"55,683","50,700",0.384,"40,627","39,750",0.344
19,AG,4316,  Rietheim,Total,396,0.257,648,145,0.797,"47,221","44,600",0.409,"34,038","31,538",0.398,"56,851","52,450",0.396,"39,710","38,976",0.355
19,AG,4317,  Rümikon,Total,156,0.102,652,205,0.738,"48,896","47,400",0.371,"37,825","35,556",0.360,"57,708","51,700",0.362,"43,404","41,636",0.325
19,AG,4318,  Schneisingen,Total,790,1.127,"1,427",425,0.75,"63,459","55,300",0.386,"47,622","43,567",0.356,"71,877","62,400",0.383,"52,783","49,667",0.331
19,AG,4319,  Siglistorf,Total,366,0.441,"1,205",222,0.802,"56,034","47,650",0.423,"42,742","38,546",0.395,"64,123","53,400",0.415,"47,705","44,508",0.364
19,AG,4320,  Tegerfelden,Total,644,0.846,"1,313",318,0.784,"60,379","52,400",0.389,"45,174","40,608",0.372,"69,740","60,800",0.378,"50,789","46,844",0.339
19,AG,4322,  Wislikofen,Total,205,0.203,989,297,0.763,"55,374","50,700",0.377,"41,935","40,000",0.352,"64,162","57,400",0.369,"47,286","44,800",0.320
19,AG,4323,  Bad Zurzach,Total,"2,552",2.775,"1,087",208,0.807,"52,366","45,150",0.432,"40,465","36,111",0.413,"60,055","50,600",0.417,"45,310","41,800",0.377
20,TG,4401,  Arbon,Total,"8,630",7.669,889,174,0.816,"48,671","42,100",0.417,"37,934","33,700",0.392,"55,918","47,800",0.409,"42,422","39,189",0.364
20,TG,4406,  Dozwil,Total,361,0.3,832,163,0.793,"50,651","41,800",0.415,"37,317","32,857",0.398,"60,135","49,300",0.405,"42,683","38,500",0.363
20,TG,4411,  Egnach,Total,"2,594",3.56,"1,372",222,0.834,"57,538","48,100",0.43,"42,262","37,000",0.403,"66,541","56,200",0.42,"47,547","42,976",0.370
20,TG,4416,  Hefenhofen,Total,722,0.6,831,188,0.805,"49,064","43,500",0.421,"36,835","33,675",0.400,"57,925","50,300",0.416,"42,048","40,179",0.369
20,TG,4421,  Horn,Total,"1,673",2.872,"1,716",358,0.836,"62,062","51,100",0.427,"49,612","41,933",0.417,"69,434","56,100",0.42,"54,237","47,143",0.389
20,TG,4426,  Kesswil,Total,543,0.861,"1,586",212,0.828,"61,454","49,100",0.428,"45,209","36,292",0.416,"70,554","57,400",0.413,"50,613","42,467",0.383
20,TG,4431,  Roggwil (TG),Total,"1,642",2.378,"1,448",276,0.805,"61,099","51,000",0.423,"44,322","38,633",0.396,"70,517","58,500",0.416,"49,838","45,000",0.367
20,TG,4436,  Romanshorn,Total,"6,510",6.255,961,164,0.84,"49,096","41,900",0.424,"37,920","33,400",0.403,"56,623","48,300",0.415,"42,521","39,000",0.372
20,TG,4441,  Salmsach,Total,774,0.56,724,194,0.775,"49,355","45,250",0.379,"36,818","34,500",0.365,"58,364","52,650",0.374,"42,158","40,700",0.331
20,TG,4446,  Sommeri,Total,299,0.262,876,177,0.819,"50,054","43,700",0.401,"37,468","33,667",0.380,"58,683","51,900",0.401,"42,595","40,067",0.351
20,TG,4451,  Uttwil,Total,"1,086",2.373,"2,185",289,0.85,"65,917","50,000",0.472,"48,769","39,306",0.440,"74,330","57,350",0.458,"53,911","45,300",0.411
20,TG,4461,  Amriswil,Total,"7,775",6.986,899,155,0.843,"48,179","42,100",0.421,"36,886","32,500",0.397,"55,970","48,200",0.414,"41,621","38,400",0.366
20,TG,4471,  Bischofszell,Total,"3,466",2.826,815,177,0.808,"48,837","43,500",0.401,"37,574","33,933",0.381,"56,810","49,300",0.396,"42,442","39,900",0.349
20,TG,4476,  Erlen,Total,"2,010",1.906,948,180,0.84,"50,284","43,750",0.409,"37,864","34,394",0.387,"58,899","50,800",0.4,"42,985","39,979",0.353
20,TG,4486,  Hauptwil-Gottshaus,Total,"1,074",1.016,946,182,0.816,"51,751","45,350",0.403,"38,547","34,800",0.375,"60,685","52,600",0.4,"43,759","40,952",0.344
20,TG,4495,  Hohentannen,Total,347,0.368,"1,062",162,0.854,"51,430","43,600",0.416,"38,374","33,600",0.387,"59,720","47,300",0.409,"43,323","38,400",0.355
20,TG,4501,  Kradolf-Schönenberg,Total,"2,073",1.545,745,183,0.79,"48,189","43,100",0.391,"37,062","34,615",0.367,"56,264","49,200",0.389,"41,968","40,200",0.338
20,TG,4506,  Sulgen,Total,"2,160",1.941,899,201,0.797,"50,915","45,050",0.393,"39,103","36,000",0.372,"58,991","51,650",0.39,"43,978","40,967",0.343
20,TG,4511,  Zihlschlacht-Sitterdorf,Total,"1,276",2.588,"2,028",193,0.914,"61,358","46,800",0.5,"48,101","34,900",0.508,"70,419","53,550",0.486,"53,380","41,508",0.470
20,TG,4536,  Basadingen-Schlattingen,Total,"1,026",1.005,979,195,0.798,"52,786","45,950",0.425,"38,464","35,478",0.402,"62,240","54,050",0.412,"44,037","41,967",0.367
20,TG,4545,  Diessenhofen,Total,"2,087",2.37,"1,135",217,0.81,"54,291","46,800",0.416,"41,203","36,700",0.393,"62,446","53,600",0.407,"46,167","42,667",0.362
20,TG,4546,  Schlatt (TG),Total,953,1.023,"1,073",252,0.78,"55,439","50,100",0.413,"41,051","38,000",0.384,"64,197","56,600",0.406,"46,339","44,286",0.357
20,TG,4551,  Aadorf,Total,"5,205",6.099,"1,172",297,0.774,"57,412","49,900",0.396,"43,610","40,375",0.369,"65,595","55,900",0.391,"48,615","45,524",0.343
20,TG,4561,  Felben-Wellhausen,Total,"1,501",1.715,"1,143",339,0.766,"58,755","52,200",0.369,"43,673","40,810",0.338,"67,905","59,600",0.368,"49,199","47,133",0.312
20,TG,4566,  Frauenfeld,Total,"15,206",24.673,"1,623",276,0.839,"59,752","48,400",0.441,"45,841","39,800",0.409,"67,421","54,000",0.432,"50,590","44,902",0.381
20,TG,4571,  Gachnang,Total,"2,223",3.593,"1,616",336,0.801,"63,522","53,400",0.421,"46,213","40,800",0.384,"72,680","60,500",0.416,"51,647","46,944",0.359
20,TG,4590,  Hüttlingen,Total,472,0.402,852,215,0.759,"52,882","48,550",0.389,"39,238","36,600",0.366,"62,332","55,350",0.386,"44,839","43,850",0.338
20,TG,4591,  Matzingen,Total,"1,455",1.832,"1,259",199,0.841,"55,365","45,800",0.435,"42,049","36,100",0.419,"64,229","52,700",0.426,"47,366","42,154",0.386
20,TG,4601,  Neunforn,Total,592,1.258,"2,125",369,0.854,"67,129","52,050",0.452,"51,895","42,367",0.441,"75,204","58,800",0.441,"56,950","47,771",0.412
20,TG,4606,  Stettfurt,Total,620,1.716,"2,767",482,0.827,"77,178","58,950",0.462,"53,715","44,272",0.424,"87,006","68,300",0.45,"59,392","50,667",0.396
20,TG,4611,  Thundorf,Total,813,0.824,"1,013",205,0.792,"54,109","46,600",0.413,"40,052","36,100",0.380,"62,820","53,400",0.409,"45,149","42,778",0.351
20,TG,4616,  Uesslingen-Buch,Total,653,0.989,"1,515",254,0.823,"59,910","48,800",0.43,"44,831","38,400",0.397,"68,354","55,800",0.42,"49,965","43,750",0.369
20,TG,4621,  Warth-Weiningen,Total,712,2.837,"3,984",490,0.89,"87,758","59,200",0.526,"59,589","45,750",0.467,"96,685","66,450",0.506,"64,974","51,100",0.436
20,TG,4641,  Altnau,Total,"1,231",2.035,"1,653",260,0.832,"60,928","50,900",0.448,"44,280","38,900",0.414,"69,933","57,500",0.435,"49,682","45,000",0.383
20,TG,4643,  Bottighofen,Total,"1,323",6.706,"5,068",523,0.867,"93,797","58,200",0.563,"72,496","45,700",0.558,"102,219","65,900",0.54,"77,640","50,556",0.528
20,TG,4646,  Ermatingen,Total,"1,961",5.404,"2,756",284,0.874,"69,574","49,300",0.519,"52,002","38,500",0.493,"77,542","56,300",0.498,"56,915","44,222",0.461
20,TG,4651,  Gottlieben,Total,205,0.53,"2,586",419,0.833,"69,007","50,800",0.508,"53,559","42,500",0.494,"76,719","59,700",0.487,"58,367","49,200",0.462
20,TG,4656,  Güttingen,Total,918,1.12,"1,220",215,0.816,"55,498","48,050",0.429,"41,596","36,976",0.403,"64,134","53,450",0.419,"46,744","42,800",0.372
20,TG,4666,  Kemmental,Total,"1,420",1.978,"1,393",169,0.868,"54,231","43,000",0.473,"40,520","33,845",0.452,"63,088","49,100",0.459,"45,778","39,225",0.418
20,TG,4671,  Kreuzlingen,Total,"12,676",17.212,"1,358",195,0.84,"53,849","43,850",0.465,"41,152","34,611",0.442,"61,563","50,300",0.45,"45,881","40,333",0.411
20,TG,4681,  Langrickenbach,Total,730,0.493,676,174,0.766,"47,961","43,600",0.398,"36,120","33,233",0.380,"57,150","51,250",0.392,"41,513","40,150",0.345
20,TG,4683,  Lengwil,Total,931,0.931,"1,000",206,0.811,"52,279","46,600",0.422,"38,435","36,571",0.398,"61,772","53,300",0.416,"43,903","41,800",0.365
20,TG,4691,  Münsterlingen,Total,"1,848",3.983,"2,155",255,0.864,"63,971","47,950",0.486,"47,918","38,550",0.460,"72,216","54,000",0.471,"52,896","43,950",0.430
20,TG,4696,  Tägerwilen,Total,"2,535",3.647,"1,439",217,0.825,"57,189","46,800",0.463,"41,408","36,667",0.434,"66,210","54,900",0.45,"46,765","43,000",0.404
20,TG,4701,  Wäldi,Total,617,0.633,"1,026",179,0.795,"53,046","45,000",0.42,"41,122","34,900",0.414,"61,368","53,700",0.409,"46,207","40,467",0.382
20,TG,4711,  Affeltrangen,Total,"1,347",1.205,894,197,0.777,"52,998","47,000",0.388,"39,692","35,700",0.370,"62,136","54,500",0.382,"45,075","41,900",0.337
20,TG,4716,  Bettwiesen,Total,663,1.061,"1,600",198,0.871,"57,992","45,300",0.452,"43,125","36,133",0.419,"66,268","51,900",0.443,"48,123","41,300",0.390
20,TG,4721,  Bichelsee-Balterswil,Total,"1,594",1.663,"1,043",229,0.779,"56,040","48,900",0.38,"41,962","37,746",0.355,"64,899","56,000",0.377,"47,247","43,767",0.327
20,TG,4723,  Braunau,Total,415,0.543,"1,307",200,0.845,"56,221","46,200",0.431,"39,468","33,750",0.393,"66,641","56,400",0.421,"45,445","41,867",0.358
20,TG,4724,  Eschlikon,Total,"2,519",3.532,"1,402",294,0.811,"59,694","49,900",0.407,"44,938","39,600",0.376,"68,176","56,500",0.403,"50,090","45,500",0.351
20,TG,4726,  Fischingen,Total,"1,538",1.777,"1,156",201,0.825,"54,375","44,800",0.412,"40,907","36,390",0.379,"62,961","51,200",0.405,"46,017","41,429",0.350
20,TG,4741,  Lommis,Total,692,1.104,"1,595",205,0.865,"58,998","47,500",0.46,"43,167","36,900",0.428,"68,138","55,200",0.446,"48,581","42,031",0.395
20,TG,4746,  Münchwilen (TG),Total,"3,002",3.473,"1,157",215,0.816,"55,420","47,700",0.407,"41,357","37,000",0.379,"64,262","54,600",0.403,"46,623","43,300",0.350
20,TG,4751,  Rickenbach (TG),Total,"1,652",1.505,911,210,0.799,"51,057","45,700",0.385,"40,076","37,000",0.370,"58,555","51,500",0.379,"44,703","42,200",0.340
20,TG,4756,  Schönholzerswilen,Total,427,0.373,873,124,0.844,"49,341","41,300",0.425,"35,468","30,100",0.410,"59,799","52,900",0.412,"41,407","37,857",0.367
20,TG,4761,  Sirnach,Total,"4,561",8.34,"1,828",217,0.888,"60,431","46,500",0.464,"45,331","37,500",0.429,"68,525","52,600",0.455,"50,247","43,000",0.399
20,TG,4776,  Tobel-Tägerschen,Total,903,0.95,"1,052",210,0.826,"53,530","47,700",0.394,"40,973","36,100",0.378,"61,963","53,800",0.389,"46,041","42,700",0.344
20,TG,4781,  Wängi,Total,"2,561",3.48,"1,359",237,0.819,"58,535","49,900",0.424,"43,120","38,133",0.398,"67,589","56,900",0.415,"48,446","44,125",0.367
20,TG,4786,  Wilen (TG),Total,"1,330",1.853,"1,393",326,0.782,"61,844","52,150",0.407,"44,035","40,619",0.374,"71,853","61,850",0.402,"49,791","46,200",0.346
20,TG,4791,  Wuppenau,Total,590,0.847,"1,435",149,0.858,"57,603","45,400",0.46,"41,302","32,200",0.442,"67,946","54,500",0.443,"47,159","40,600",0.405
20,TG,4801,  Berlingen,Total,570,0.934,"1,639",230,0.829,"58,557","45,950",0.466,"44,661","36,717",0.425,"65,616","52,000",0.45,"49,223","41,856",0.399
20,TG,4806,  Eschenz,Total,"1,028",1.051,"1,022",185,0.81,"51,866","44,400",0.422,"39,296","34,733",0.393,"60,020","50,300",0.414,"44,258","40,664",0.364
20,TG,4811,  Herdern,Total,564,0.912,"1,616",272,0.835,"60,838","50,250",0.447,"43,612","39,583",0.406,"70,284","56,550",0.435,"49,156","45,048",0.374
20,TG,4816,  Homburg,Total,847,1.178,"1,391",186,0.851,"56,779","45,900",0.44,"41,789","34,810",0.420,"66,221","54,200",0.427,"47,302","41,267",0.384
20,TG,4821,  Hüttwilen,Total,918,1.443,"1,572",262,0.796,"63,074","52,100",0.419,"45,984","39,400",0.390,"72,949","60,000",0.41,"51,731","44,683",0.360
20,TG,4826,  Mammern,Total,355,0.764,"2,152",210,0.881,"63,511","46,600",0.478,"48,520","36,200",0.476,"72,573","53,500",0.455,"53,864","42,800",0.433
20,TG,4831,  Müllheim,Total,"1,662",1.625,978,209,0.789,"53,081","47,900",0.412,"39,582","36,050",0.392,"61,740","55,200",0.404,"44,741","41,976",0.361
20,TG,4841,  Pfyn,Total,"1,106",1.114,"1,007",215,0.783,"54,752","47,800",0.389,"40,663","37,661",0.368,"63,810","55,150",0.382,"46,065","43,500",0.337
20,TG,4846,  Raperswilen,Total,248,0.212,856,177,0.802,"49,233","43,850",0.412,"38,230","33,217",0.400,"57,323","52,600",0.402,"43,202","39,067",0.366
20,TG,4851,  Salenstein,Total,824,4.445,"5,394",455,0.906,"93,785","54,500",0.614,"70,057","43,894",0.583,"101,274","58,900",0.591,"74,752","48,900",0.554
20,TG,4864,  Steckborn,Total,"2,277",3.331,"1,463",183,0.85,"55,120","43,000",0.466,"41,398","34,400",0.431,"62,974","49,000",0.451,"46,278","39,400",0.401
20,TG,4871,  Wagenhausen,Total,989,0.85,859,186,0.8,"49,916","43,100",0.408,"37,415","34,100",0.380,"58,438","50,000",0.397,"42,525","40,000",0.347
20,TG,4881,  Amlikon-Bissegg,Total,762,0.834,"1,094",206,0.8,"54,644","45,600",0.413,"41,177","36,211",0.390,"63,401","53,550",0.403,"46,468","42,195",0.359
20,TG,4891,  Berg (TG),Total,"1,859",2.263,"1,217",200,0.832,"55,311","46,400",0.444,"40,571","35,600",0.412,"64,246","52,800",0.438,"45,818","42,500",0.382
20,TG,4901,  Birwinken,Total,766,0.642,838,172,0.809,"49,678","43,150",0.407,"37,285","33,600",0.386,"58,381","50,500",0.403,"42,379","40,000",0.355
20,TG,4911,  Bürglen (TG),Total,"2,141",1.706,797,177,0.803,"48,960","44,000",0.387,"38,212","34,667",0.370,"56,835","49,500",0.383,"43,060","40,000",0.340
20,TG,4921,  Bussnang,Total,"1,286",1.441,"1,121",183,0.85,"52,477","44,450",0.434,"38,881","34,050",0.408,"61,464","51,500",0.425,"44,160","39,900",0.374
20,TG,4941,  Märstetten,Total,"1,595",2.1,"1,317",263,0.817,"57,553","48,600",0.412,"43,113","38,267",0.383,"66,214","54,900",0.406,"48,292","43,933",0.353
20,TG,4946,  Weinfelden,Total,"6,845",9.173,"1,340",244,0.832,"55,927","46,700",0.426,"43,449","38,600",0.400,"63,500","52,200",0.419,"48,108","43,600",0.372
20,TG,4951,  Wigoltingen,Total,"1,312",1.239,945,214,0.769,"54,160","48,300",0.395,"40,204","36,917",0.370,"63,278","55,400",0.389,"45,619","42,411",0.340
21,TI,5001,  Arbedo-Castione,Total,"2,880",3.011,"1,045",170,0.845,"50,477","44,350",0.436,"38,207","33,785",0.410,"58,007","50,000",0.426,"42,835","39,912",0.380
21,TI,5002,  Bellinzona,Total,"11,322",12.792,"1,130",144,0.859,"48,817","39,400",0.475,"38,270","32,072",0.450,"55,463","45,100",0.459,"42,481","37,072",0.419
21,TI,5003,  Cadenazzo,Total,"1,552",0.957,617,115,0.833,"42,576","37,850",0.431,"32,610","29,835",0.416,"50,260","44,650",0.42,"37,263","35,600",0.380
21,TI,5004,  Camorino,Total,"1,649",1.978,"1,200",171,0.849,"52,495","43,300",0.466,"38,644","34,389",0.434,"60,540","50,200",0.456,"43,481","40,000",0.406
21,TI,5005,  Giubiasco,Total,"5,195",5.162,994,153,0.844,"49,017","41,300",0.447,"37,334","32,944",0.417,"56,368","47,200",0.436,"41,897","38,500",0.388
21,TI,5006,  Gnosca,Total,409,0.299,732,205,0.746,"51,529","48,100",0.381,"37,122","37,000",0.348,"60,680","55,600",0.38,"42,383","41,900",0.321
21,TI,5007,  Gorduno,Total,470,0.436,928,220,0.77,"53,234","48,750",0.396,"40,648","37,900",0.376,"61,132","55,700",0.393,"45,385","43,950",0.349
21,TI,5008,  Gudo,Total,516,0.652,"1,263",150,0.869,"50,879","39,700",0.477,"39,247","32,562",0.447,"57,975","45,550",0.461,"43,709","37,567",0.415
21,TI,5009,  Isone,Total,251,0.119,476,194,0.668,"45,330","44,700",0.341,"36,946","35,000",0.332,"51,796","49,300",0.34,"41,174","40,385",0.304
21,TI,5010,  Lumino,Total,844,0.879,"1,041",191,0.807,"52,567","45,500",0.44,"38,629","35,656",0.401,"60,356","51,600",0.435,"43,327","41,879",0.377
21,TI,5012,  Moleno,Total,78,0.033,420,72,0.804,"40,028","36,200",0.446,"29,637","28,600",0.405,"47,005","39,850",0.44,"34,147","35,646",0.385
21,TI,5013,  Monte Carasso,Total,"1,638",1.804,"1,102",203,0.815,"53,625","47,100",0.43,"40,483","37,133",0.407,"61,764","53,900",0.417,"45,441","42,805",0.375
21,TI,5014,  Pianezzo,Total,384,0.517,"1,347",262,0.828,"56,068","47,050",0.44,"42,244","40,171",0.399,"63,609","53,950",0.436,"46,879","44,962",0.375
21,TI,5015,  Preonzo,Total,376,0.279,742,157,0.775,"48,360","44,800",0.424,"36,345","33,506",0.400,"56,052","50,550",0.42,"40,987","40,000",0.373
21,TI,5017,  Sant'Antonino,Total,"1,403",1.306,931,163,0.841,"49,477","43,300",0.423,"37,511","34,300",0.406,"57,574","50,200",0.413,"42,450","39,733",0.374
21,TI,5018,  Sant'Antonio,Total,162,0.099,610,174,0.756,"44,273","41,200",0.424,"35,285","33,059",0.403,"50,119","46,750",0.417,"39,198","38,288",0.380
21,TI,5019,  Sementina,Total,"1,854",2.906,"1,567",175,0.876,"56,178","44,700",0.478,"42,610","34,500",0.462,"63,909","50,900",0.462,"47,344","39,967",0.429
21,TI,5048,  Acquarossa,Total,"1,249",0.633,507,103,0.822,"38,759","34,900",0.44,"30,238","27,467",0.420,"45,453","40,300",0.429,"34,418","33,222",0.386
21,TI,5049,  Blenio,Total,"1,190",0.602,506,119,0.793,"40,736","37,000",0.414,"32,292","29,350",0.391,"47,287","41,150",0.406,"36,521","34,952",0.362
21,TI,5050,  Serravalle,Total,"1,395",0.85,609,117,0.822,"41,846","36,600",0.448,"32,104","29,467",0.415,"48,807","41,900",0.443,"36,415","34,533",0.388
21,TI,5061,  Airolo,Total,976,0.758,777,165,0.815,"46,177","40,200",0.42,"36,316","32,900",0.401,"52,831","44,900",0.408,"40,554","37,900",0.370
21,TI,5063,  Bedretto,Total,82,0.432,"5,274",267,0.931,"87,374","44,750",0.657,"75,476","39,228",0.667,"94,196","50,500",0.635,"79,785","44,200",0.639
21,TI,5064,  Bodio,Total,557,0.265,476,86,0.829,"39,616","35,100",0.414,"30,967","26,000",0.413,"46,810","42,000",0.401,"35,507","31,231",0.377
21,TI,5071,  Dalpe,Total,152,0.217,"1,428",133,0.865,"49,691","35,800",0.533,"39,456","28,817",0.517,"55,403","41,750",0.513,"43,214","33,450",0.488
21,TI,5072,  Faido,Total,"1,991",1.184,595,117,0.825,"40,709","35,900",0.448,"31,873","28,500",0.427,"47,376","40,900",0.435,"36,086","33,444",0.396
21,TI,5073,  Giornico,Total,539,0.265,491,113,0.783,"41,397","38,500",0.404,"32,655","28,700",0.392,"48,178","44,700",0.395,"36,957","34,571",0.360
21,TI,5076,  Personico,Total,218,0.144,662,130,0.804,"45,352","39,650",0.42,"34,103","31,850",0.385,"53,044","45,100",0.418,"38,780","37,100",0.357
21,TI,5077,  Pollegio,Total,452,0.233,514,110,0.821,"41,185","39,400",0.404,"31,886","29,167",0.393,"48,311","46,600",0.397,"36,375","34,647",0.360
21,TI,5078,  Prato (Leventina),Total,263,0.187,711,93,0.864,"41,287","34,900",0.477,"31,923","26,800",0.463,"48,070","39,900",0.461,"36,108","33,476",0.427
21,TI,5079,  Quinto,Total,645,0.661,"1,025",111,0.884,"45,507","37,400",0.47,"35,450","28,800",0.451,"52,241","44,200",0.455,"39,695","35,200",0.417
21,TI,5081,  Sobrio,Total,60,0.022,372,75,0.809,"33,118","26,500",0.482,"27,985","23,800",0.495,"38,705","28,900",0.453,"31,509","27,700",0.449
21,TI,5091,  Ascona,Total,"4,353",11.64,"2,674",181,0.898,"56,497","31,100",0.622,"44,577","26,133",0.606,"62,025","35,200",0.599,"48,166","30,389",0.577
21,TI,5095,  Brione (Verzasca),Total,143,0.116,815,78,0.902,"37,934","27,800",0.502,"32,042","25,300",0.500,"43,518","33,000",0.489,"35,730","28,100",0.469
21,TI,5096,  Brione sopra Minusio,Total,408,0.737,"1,806",216,0.844,"52,447","34,850",0.55,"41,310","29,350",0.529,"57,947","39,200",0.533,"44,973","33,390",0.505
21,TI,5097,  Brissago,Total,"1,653",2.501,"1,513",173,0.863,"42,046","24,300",0.597,"32,829","21,200",0.580,"47,013","28,700",0.573,"36,077","24,800",0.550
21,TI,5102,  Corippo,Total,18,0.005,250,38,0.824,"24,872","19,500",0.511,"24,080","19,500",0.514,"26,961","21,500",0.481,"25,928","21,500",0.484
21,TI,5105,  Frasco,Total,70,0.032,456,93,0.827,"37,477","34,050",0.46,"27,461","24,131",0.429,"45,250","39,200",0.459,"32,143","30,417",0.405
21,TI,5108,  Gordola,Total,"2,769",2.753,994,144,0.845,"49,067","41,100",0.449,"37,391","31,667",0.427,"56,595","47,400",0.439,"42,039","37,381",0.398
21,TI,5109,  Gresso,Total,31,0.011,341,77,0.765,"34,368","27,600",0.428,"29,024","23,000",0.419,"38,997","30,100",0.398,"32,259","27,600",0.378
21,TI,5112,  Lavertezzo,Total,773,0.484,626,94,0.823,"43,032","35,700",0.453,"32,439","28,700",0.428,"50,877","41,900",0.443,"37,188","34,300",0.397
21,TI,5113,  Locarno,Total,"10,197",9.646,946,100,0.884,"42,889","33,600",0.488,"34,066","27,100",0.469,"49,274","39,300",0.47,"38,173","32,100",0.435
21,TI,5115,  Losone,Total,"4,087",4.779,"1,169",144,0.869,"49,078","39,100",0.476,"37,532","31,238",0.449,"56,274","44,900",0.462,"42,028","36,500",0.418
21,TI,5117,  Mergoscia,Total,197,0.08,407,58,0.826,"30,955","23,400",0.545,"25,733","20,800",0.539,"36,060","26,300",0.527,"28,968","23,500",0.506
21,TI,5118,  Minusio,Total,"5,017",8.959,"1,786",167,0.881,"53,937","38,100",0.531,"42,232","31,200",0.506,"60,196","43,000",0.514,"46,249","36,300",0.478
21,TI,5119,  Mosogno,Total,42,0.027,635,62,0.886,"33,888","27,350",0.541,"25,796","23,900",0.519,"39,955","31,600",0.508,"29,722","26,400",0.476
21,TI,5120,  Muralto,Total,"2,054",3.71,"1,806",142,0.896,"50,513","33,500",0.553,"41,489","28,700",0.532,"55,513","38,000",0.532,"44,909","32,283",0.503
21,TI,5121,  Orselina,Total,624,1.275,"2,044",171,0.854,"53,783","34,200",0.583,"41,554","27,667",0.556,"59,212","37,450",0.563,"45,163","31,500",0.531
21,TI,5125,  Ronco sopra Ascona,Total,681,2.224,"3,266",181,0.916,"54,830","21,600",0.709,"43,976","18,733",0.699,"59,094","24,800",0.683,"46,813","21,200",0.673
21,TI,5129,  Sonogno,Total,62,0.015,249,92,0.758,"35,308","31,800",0.354,"28,608","28,338",0.335,"41,627","36,350",0.36,"32,727","31,921",0.306
21,TI,5131,  Tenero-Contra,Total,"1,772",1.32,745,117,0.83,"44,408","36,850",0.442,"34,728","29,683",0.421,"51,586","42,700",0.431,"39,218","35,100",0.389
21,TI,5132,  Vergeletto,Total,58,0.017,287,57,0.794,"31,267","23,100",0.437,"27,064","22,667",0.418,"34,674","26,700",0.42,"29,775","25,200",0.392
21,TI,5135,  Vogorno,Total,220,0.09,409,100,0.789,"34,390","30,650",0.455,"28,502","24,600",0.454,"39,864","34,150",0.44,"32,135","29,804",0.419
21,TI,5136,  Onsernone,Total,208,0.057,272,53,0.807,"30,008","24,500",0.491,"23,954","21,976",0.460,"35,122","27,400",0.471,"27,427","25,222",0.430
21,TI,5137,  Isorno,Total,246,0.128,518,62,0.863,"34,246","26,650",0.5,"29,154","22,367",0.505,"39,833","30,150",0.477,"32,710","26,967",0.466
21,TI,5138,  Cugnasco-Gerra,Total,"1,730",1.962,"1,134",167,0.846,"51,559","42,850",0.462,"37,840","33,057",0.429,"59,686","48,350",0.453,"42,716","39,333",0.400
21,TI,5141,  Agno,Total,"2,767",4.631,"1,674",136,0.904,"53,058","38,700",0.521,"40,784","31,000",0.500,"60,256","43,600",0.503,"45,244","36,100",0.467
21,TI,5143,  Aranno,Total,220,0.414,"1,880",127,0.873,"55,488","37,300",0.563,"40,179","30,150",0.534,"64,149","44,150",0.538,"45,180","34,400",0.500
21,TI,5144,  Arogno,Total,670,0.645,963,117,0.866,"44,285","36,500",0.505,"33,400","29,071",0.471,"51,281","41,500",0.493,"37,580","34,367",0.442
21,TI,5146,  Astano,Total,225,0.264,"1,172",113,0.893,"44,131","32,700",0.532,"33,112","25,100",0.506,"50,811","36,500",0.516,"37,218","31,000",0.476
21,TI,5148,  Bedano,Total,884,1.19,"1,346",208,0.827,"56,715","48,800",0.459,"40,483","35,643",0.435,"65,963","56,050",0.448,"45,849","42,467",0.405
21,TI,5149,  Bedigliora,Total,419,0.42,"1,003",90,0.891,"43,581","33,200",0.519,"33,650","26,700",0.499,"50,747","38,100",0.504,"37,991","32,200",0.466
21,TI,5151,  Bioggio,Total,"1,628",3.172,"1,948",204,0.855,"59,959","44,350",0.512,"44,856","36,078",0.482,"67,498","50,150",0.499,"49,437","41,867",0.456
21,TI,5154,  Bissone,Total,709,2.401,"3,386",219,0.901,"60,424","28,500",0.677,"47,110","23,400",0.662,"65,361","31,500",0.655,"50,289","27,077",0.637
21,TI,5160,  Brusino Arsizio,Total,390,0.467,"1,198",154,0.841,"45,137","33,200",0.553,"34,439","27,583",0.529,"51,271","36,100",0.537,"38,246","32,133",0.503
21,TI,5161,  Cademario,Total,495,1.33,"2,687",174,0.914,"63,041","40,600",0.583,"44,103","33,900",0.523,"70,063","45,900",0.566,"48,487","38,563",0.495
21,TI,5162,  Cadempino,Total,917,1.625,"1,772",162,0.898,"56,136","43,900",0.506,"42,831","33,143",0.491,"63,831","50,000",0.488,"47,475","39,800",0.456
21,TI,5167,  Canobbio,Total,"1,226",2.37,"1,933",207,0.875,"59,786","46,000",0.499,"44,154","35,900",0.468,"67,545","51,200",0.485,"48,847","41,950",0.439
21,TI,5171,  Caslano,Total,"2,730",2.772,"1,015",121,0.867,"45,214","35,400",0.497,"34,090","28,078",0.472,"52,359","41,600",0.482,"38,421","33,608",0.440
21,TI,5176,  Comano,Total,"1,215",5.699,"4,691",434,0.869,"89,324","55,600",0.576,"60,985","44,385",0.523,"98,076","61,500",0.56,"66,117","50,000",0.499
21,TI,5178,  Croglio,Total,552,0.832,"1,508",153,0.887,"51,880","38,200",0.517,"39,340","31,683",0.479,"58,446","45,600",0.499,"43,496","36,833",0.449
21,TI,5180,  Cureglia,Total,792,3.604,"4,550",441,0.879,"87,867","55,950",0.579,"62,262","43,433",0.541,"95,949","62,750",0.563,"67,077","49,547",0.517
21,TI,5181,  Curio,Total,368,0.328,890,98,0.838,"44,350","34,900",0.509,"33,473","27,550",0.474,"51,333","40,700",0.492,"37,844","34,000",0.443
21,TI,5186,  Grancia,Total,320,0.266,831,135,0.826,"47,415","40,500",0.436,"35,598","31,157",0.408,"55,555","45,150",0.433,"40,513","37,533",0.380
21,TI,5187,  Gravesano,Total,758,1.546,"2,040",210,0.857,"63,176","48,400",0.502,"47,742","36,900",0.491,"71,275","54,750",0.486,"52,732","42,538",0.462
21,TI,5189,  Lamone,Total,"1,056",0.658,623,118,0.816,"43,720","39,550",0.422,"33,836","29,505",0.406,"51,190","44,550",0.415,"38,460","36,267",0.374
21,TI,5192,  Lugano,Total,"40,546",111.669,"2,754",150,0.903,"61,148","36,700",0.599,"46,647","29,833",0.574,"67,619","42,000",0.576,"50,672","34,667",0.543
21,TI,5193,  Magliaso,Total,945,2.271,"2,403",177,0.88,"61,790","41,600",0.551,"45,900","33,571",0.525,"69,134","47,200",0.531,"50,427","38,800",0.495
21,TI,5194,  Manno,Total,774,1.833,"2,368",270,0.859,"67,307","50,300",0.499,"48,417","39,600",0.459,"75,751","57,600",0.484,"53,514","45,042",0.432
21,TI,5195,  Maroggia,Total,485,1.189,"2,452",152,0.903,"50,951","25,300",0.643,"38,342","21,900",0.619,"56,601","30,200",0.619,"41,899","25,400",0.590
21,TI,5196,  Massagno,Total,"3,852",9.841,"2,555",130,0.915,"59,283","35,900",0.594,"43,823","29,400",0.553,"65,880","42,000",0.57,"47,931","33,972",0.521
21,TI,5197,  Melano,Total,901,1.572,"1,744",120,0.904,"51,909","36,600",0.563,"40,096","28,533",0.553,"59,316","42,000",0.539,"44,582","33,900",0.516
21,TI,5198,  Melide,Total,"1,216",2.768,"2,276",183,0.883,"55,681","36,800",0.575,"42,976","28,700",0.554,"61,700","41,800",0.554,"46,778","33,517",0.525
21,TI,5199,  Mezzovico-Vira,Total,766,1.561,"2,038",211,0.887,"62,976","48,450",0.492,"45,960","36,500",0.473,"72,190","55,100",0.477,"51,330","43,028",0.439
21,TI,5200,  Miglieglia,Total,180,0.119,663,95,0.864,"42,115","36,700",0.443,"30,705","27,633",0.412,"50,177","41,550",0.442,"35,439","32,774",0.381
21,TI,5202,  Monteggio,Total,604,0.371,614,129,0.815,"40,785","34,400",0.454,"32,447","28,450",0.437,"47,289","39,250",0.437,"36,516","33,800",0.402
21,TI,5203,  Morcote,Total,686,4.07,"5,932",230,0.919,"80,923","26,650",0.75,"61,326","21,600",0.733,"85,990","29,650",0.725,"64,554","25,250",0.708
21,TI,5205,  Muzzano,Total,520,1.467,"2,821",277,0.849,"67,419","47,400",0.548,"50,539","35,717",0.526,"74,556","52,250",0.532,"54,872","40,841",0.500
21,TI,5206,  Neggio,Total,219,0.606,"2,768",193,0.885,"65,125","42,700",0.585,"46,262","33,400",0.551,"72,880","50,800",0.568,"50,860","39,462",0.525
21,TI,5207,  Novaggio,Total,506,0.42,831,144,0.826,"47,055","40,100",0.444,"34,932","31,161",0.406,"54,852","44,750",0.436,"39,646","37,048",0.378
21,TI,5208,  Origlio,Total,859,3.619,"4,213",266,0.888,"80,642","47,400",0.616,"54,720","37,300",0.577,"88,992","55,000",0.595,"59,584","43,300",0.549
21,TI,5210,  Paradiso,Total,"2,710",9.92,"3,660",128,0.909,"63,014","29,150",0.674,"49,686","23,400",0.663,"68,475","33,700",0.646,"53,190","27,633",0.631
21,TI,5212,  Ponte Capriasca,Total,"1,082",2.412,"2,230",254,0.856,"64,599","49,200",0.52,"45,652","37,642",0.486,"73,587","55,700",0.507,"50,903","44,400",0.458
21,TI,5213,  Ponte Tresa,Total,622,0.568,913,90,0.873,"39,801","27,750",0.533,"32,179","24,000",0.511,"45,098","32,100",0.515,"35,637","28,000",0.484
21,TI,5214,  Porza,Total,"1,015",7.203,"7,097",410,0.876,"106,470","51,500",0.653,"75,588","41,800",0.622,"114,065","58,300",0.635,"80,185","47,444",0.600
21,TI,5216,  Pura,Total,875,1.882,"2,151",161,0.896,"58,113","40,200",0.565,"40,231","31,200",0.513,"65,887","44,700",0.544,"44,837","36,048",0.484
21,TI,5219,  Rovio,Total,535,0.853,"1,594",167,0.863,"52,159","37,000",0.544,"38,732","31,133",0.518,"59,176","43,400",0.526,"42,990","35,933",0.489
21,TI,5221,  Savosa,Total,"1,328",4.59,"3,457",182,0.905,"71,124","41,750",0.604,"51,045","34,250",0.562,"78,542","47,800",0.582,"55,552","38,696",0.532
21,TI,5222,  Sessa,Total,458,0.442,966,116,0.855,"46,403","35,850",0.478,"34,801","28,643",0.441,"53,781","42,200",0.463,"39,326","34,183",0.411
21,TI,5225,  Sorengo,Total,999,4.802,"4,806",250,0.891,"83,481","45,800",0.631,"60,432","36,800",0.601,"91,082","51,600",0.611,"64,931","42,100",0.574
21,TI,5226,  Capriasca,Total,"4,018",4.712,"1,173",159,0.845,"51,143","42,150",0.483,"37,369","33,000",0.444,"59,066","47,500",0.474,"42,098","38,500",0.417
21,TI,5227,  Torricella-Taverne,Total,"1,774",1.844,"1,040",162,0.839,"50,985","42,300",0.452,"37,444","33,283",0.425,"59,365","49,950",0.442,"42,466","39,100",0.396
21,TI,5230,  Vernate,Total,388,1.094,"2,820",356,0.843,"67,758","48,800",0.542,"50,645","37,750",0.526,"75,636","55,350",0.518,"55,416","43,237",0.493
21,TI,5231,  Vezia,Total,"1,175",2.194,"1,867",196,0.862,"60,660","45,200",0.498,"44,711","35,429",0.467,"68,863","51,700",0.485,"49,641","41,462",0.438
21,TI,5233,  Vico Morcote,Total,333,3.069,"9,217",603,0.897,"111,889","27,900",0.768,"74,180","22,800",0.731,"117,585","33,500",0.749,"77,623","25,533",0.711
21,TI,5236,  Collina d'Oro,Total,"2,965",20.498,"6,913",404,0.885,"102,355","48,800",0.666,"73,608","39,533",0.641,"109,574","54,300",0.647,"77,965","44,600",0.617
21,TI,5237,  Alto Malcantone,Total,951,0.877,923,130,0.843,"45,637","36,500",0.486,"34,805","29,800",0.452,"52,671","42,600",0.475,"39,187","34,905",0.425
21,TI,5238,  Monteceneri,Total,"2,660",1.815,683,158,0.792,"46,840","42,350",0.409,"35,607","33,106",0.384,"54,605","48,100",0.404,"40,361","38,728",0.355
21,TI,5242,  Balerna,Total,"2,215",2.597,"1,173",110,0.896,"45,978","35,700",0.507,"35,280","29,000",0.475,"52,462","41,800",0.492,"39,370","33,769",0.446
21,TI,5249,  Castel San Pietro,Total,"1,287",2.933,"2,279",189,0.887,"62,755","45,400",0.53,"46,802","35,400",0.504,"70,609","52,200",0.515,"51,546","41,619",0.474
21,TI,5250,  Chiasso,Total,"5,449",4.677,858,81,0.888,"39,174","29,900",0.515,"31,795","24,769",0.496,"44,572","34,600",0.495,"35,291","28,900",0.464
21,TI,5251,  Coldrerio,Total,"1,786",2.437,"1,364",173,0.871,"51,773","41,300",0.489,"38,878","33,033",0.456,"58,891","46,650",0.474,"43,355","38,800",0.427
21,TI,5254,  Mendrisio,Total,"9,267",16.411,"1,771",157,0.883,"54,980","39,800",0.526,"41,218","32,400",0.492,"62,088","45,400",0.51,"45,608","37,500",0.464
21,TI,5257,  Morbio Inferiore,Total,"2,844",3.962,"1,393",124,0.888,"49,575","36,950",0.523,"36,671","29,883",0.490,"56,811","42,900",0.504,"41,115","35,100",0.458
21,TI,5260,  Novazzano,Total,"1,535",2.394,"1,560",177,0.879,"54,547","43,000",0.494,"41,129","34,000",0.467,"61,845","48,100",0.48,"45,635","39,800",0.438
21,TI,5263,  Riva San Vitale,Total,"1,674",2.142,"1,279",144,0.87,"49,386","38,800",0.513,"36,407","30,239",0.478,"56,466","44,300",0.499,"40,747","36,471",0.450
21,TI,5266,  Stabio,Total,"2,714",2.95,"1,087",117,0.868,"47,946","37,800",0.498,"35,234","29,400",0.471,"55,843","44,000",0.482,"39,955","34,972",0.438
21,TI,5268,  Vacallo,Total,"2,067",3.839,"1,857",159,0.883,"55,224","40,400",0.538,"41,132","32,267",0.507,"62,269","46,000",0.518,"45,466","37,200",0.477
21,TI,5269,  Breggia,Total,"1,328",1.613,"1,215",169,0.843,"51,093","41,800",0.483,"38,078","32,517",0.448,"58,392","47,800",0.469,"42,554","37,750",0.422
21,TI,5281,  Biasca,Total,"3,498",2.192,627,112,0.827,"43,591","38,900",0.423,"33,199","29,600",0.408,"51,160","45,300",0.409,"37,845","35,100",0.372
21,TI,5282,  Claro,Total,"1,640",1.399,853,153,0.814,"49,426","43,000",0.435,"36,509","33,200",0.404,"57,595","49,050",0.43,"41,356","38,433",0.376
21,TI,5283,  Cresciano,Total,429,0.169,393,125,0.747,"41,018","38,100",0.384,"32,260","31,389",0.370,"48,012","44,800",0.377,"36,685","37,000",0.337
21,TI,5284,  Iragna,Total,339,0.163,481,138,0.757,"43,341","40,800",0.381,"33,668","30,889",0.363,"50,566","48,100",0.377,"38,165","36,100",0.333
21,TI,5285,  Lodrino,Total,974,0.703,721,103,0.852,"45,758","42,200",0.426,"33,216","29,972",0.410,"54,517","50,750",0.417,"38,408","36,744",0.375
21,TI,5286,  Osogna,Total,596,0.365,612,120,0.829,"44,000","40,100",0.414,"32,625","29,160",0.400,"52,140","46,950",0.403,"37,501","35,450",0.364
21,TI,5304,  Bosco/Gurin,Total,39,0.013,342,117,0.746,"38,164","37,100",0.409,"29,582","29,800",0.389,"45,721","40,200",0.409,"34,139","34,600",0.355
21,TI,5307,  Campo (Vallemaggia),Total,51,0.009,179,30,0.774,"27,378","23,200",0.445,"23,658","20,000",0.426,"31,906","25,000",0.424,"26,935","22,400",0.395
21,TI,5309,  Cerentino,Total,40,0.017,416,31,0.804,"36,102","29,300",0.467,"27,494","18,833",0.463,"44,863","34,100",0.458,"32,396","26,400",0.417
21,TI,5310,  Cevio,Total,802,0.333,415,97,0.788,"37,812","35,100",0.442,"29,784","27,344",0.419,"44,215","39,300",0.435,"33,851","32,252",0.390
21,TI,5315,  Linescio,Total,49,0.037,765,112,0.803,"39,590","26,200",0.556,"32,674","20,958",0.530,"44,418","33,700",0.545,"35,962","24,000",0.511
21,TI,5317,  Maggia,Total,"1,695",1.11,655,93,0.857,"40,869","35,500",0.456,"31,635","26,905",0.435,"47,919","41,200",0.446,"36,028","32,800",0.403
21,TI,5323,  Lavizzara,Total,396,0.178,449,113,0.791,"38,089","35,800",0.433,"30,403","28,400",0.412,"44,663","38,700",0.426,"34,472","33,883",0.379
21,TI,5324,  Avegno Gordevio,Total,900,0.566,629,114,0.825,"43,063","37,600",0.447,"32,228","28,733",0.423,"50,916","43,600",0.44,"36,949","34,683",0.393
21,TI,5396,  Terre di Pedemonte,Total,"1,606",2.088,"1,300",158,0.849,"52,514","41,400",0.494,"38,404","32,028",0.461,"60,428","47,100",0.483,"43,150","37,633",0.433
21,TI,5397,  Centovalli,Total,849,0.57,671,107,0.853,"39,790","33,300",0.47,"31,679","27,524",0.445,"46,133","38,500",0.457,"35,739","32,538",0.415
21,TI,5398,  Gambarogno,Total,"3,850",3.139,815,131,0.832,"40,302","32,100",0.509,"31,252","26,394",0.491,"46,712","37,300",0.49,"35,231","31,100",0.459
22,VD,5401,  Aigle,Total,"5,538",4.507,814,112,0.858,"44,287","37,550",0.461,"34,118","29,471",0.445,"52,417","43,800",0.436,"39,211","35,306",0.396
22,VD,5402,  Bex,Total,"4,174",3.058,733,97,0.848,"42,574","35,400",0.477,"32,577","27,800",0.456,"50,412","41,900",0.45,"37,502","33,422",0.408
22,VD,5403,  Chessel,Total,222,0.181,817,110,0.824,"47,499","40,700",0.455,"35,056","30,383",0.432,"56,178","47,800",0.436,"40,299","36,700",0.390
22,VD,5404,  Corbeyrier,Total,287,0.199,693,127,0.795,"42,766","34,400",0.492,"32,510","29,900",0.465,"50,173","38,500",0.46,"37,225","34,200",0.419
22,VD,5405,  Gryon,Total,"1,401",1.444,"1,031",166,0.808,"32,322","16,200",0.614,"24,051","11,733",0.614,"38,287","20,600",0.571,"27,761","15,333",0.562
22,VD,5406,  Lavey-Morcles,Total,556,0.304,546,122,0.774,"43,467","39,600",0.409,"34,273","31,121",0.393,"51,092","45,800",0.39,"39,120","36,879",0.350
22,VD,5407,  Leysin,Total,"1,969",1.484,754,92,0.845,"35,898","24,400",0.566,"27,606","20,400",0.553,"42,674","29,600",0.533,"31,896","25,333",0.504
22,VD,5408,  Noville,Total,552,0.636,"1,152",162,0.808,"54,202","44,900",0.463,"38,108","33,481",0.434,"64,824","53,700",0.444,"44,260","40,777",0.391
22,VD,5409,  Ollon,Total,"5,464",11.49,"2,103",211,0.859,"49,910","27,450",0.618,"36,343","22,000",0.607,"57,127","32,300",0.585,"40,762","26,600",0.563
22,VD,5410,  Ormont-Dessous,Total,830,0.544,655,96,0.862,"36,289","29,600",0.509,"29,093","25,283",0.495,"42,843","33,600",0.481,"33,327","30,000",0.448
22,VD,5411,  Ormont-Dessus,Total,"1,360",1.229,904,180,0.793,"35,938","24,200",0.552,"27,986","19,733",0.550,"41,938","27,400",0.52,"31,858","23,700",0.506
22,VD,5412,  Rennaz,Total,459,0.317,690,143,0.784,"47,218","42,100",0.402,"36,760","33,000",0.389,"55,531","48,000",0.386,"41,909","39,538",0.347
22,VD,5413,  Roche (VD),Total,789,0.501,636,134,0.8,"46,148","41,700",0.412,"34,146","31,900",0.388,"55,749","48,500",0.394,"39,954","38,700",0.342
22,VD,5414,  Villeneuve (VD),Total,"3,134",3.008,960,131,0.851,"46,061","38,500",0.47,"35,143","30,133",0.449,"54,097","44,950",0.445,"40,173","36,061",0.403
22,VD,5415,  Yvorne,Total,627,0.958,"1,528",247,0.834,"58,808","47,200",0.442,"44,713","38,900",0.412,"67,263","54,700",0.426,"50,015","44,200",0.377
22,VD,5421,  Apples,Total,764,2.026,"2,652",283,0.848,"69,290","50,150",0.528,"48,165","38,900",0.488,"79,048","59,450",0.505,"53,923","45,177",0.450
22,VD,5422,  Aubonne,Total,"1,773",6.945,"3,917",364,0.871,"80,944","51,500",0.574,"54,906","41,100",0.519,"90,426","60,000",0.55,"60,532","47,000",0.483
22,VD,5423,  Ballens,Total,274,0.413,"1,508",197,0.85,"58,661","47,750",0.443,"42,579","35,747",0.405,"68,280","55,050",0.427,"48,322","43,429",0.369
22,VD,5424,  Berolle,Total,171,0.226,"1,323",289,0.783,"57,382","48,800",0.446,"42,382","36,600",0.408,"66,567","56,700",0.439,"47,877","45,095",0.377
22,VD,5425,  Bière,Total,870,0.72,827,166,0.82,"47,775","41,950",0.427,"36,264","33,000",0.400,"56,127","48,250",0.412,"41,455","39,340",0.360
22,VD,5426,  Bougy-Villars,Total,267,2.158,"8,084",691,0.823,"117,071","59,100",0.62,"82,474","47,600",0.592,"125,856","66,700",0.591,"87,727","53,524",0.560
22,VD,5427,  Féchy,Total,469,3.859,"8,229",656,0.858,"119,770","59,400",0.639,"83,871","48,700",0.616,"129,036","66,800",0.613,"89,343","54,308",0.585
22,VD,5428,  Gimel,Total,"1,042",1.424,"1,367",184,0.84,"55,386","44,900",0.486,"40,190","35,283",0.455,"64,840","51,500",0.468,"45,875","42,062",0.415
22,VD,5429,  Longirod,Total,257,0.389,"1,515",316,0.75,"63,412","53,000",0.418,"46,176","39,733",0.389,"73,127","62,800",0.408,"52,010","46,900",0.359
22,VD,5430,  Marchissy,Total,254,0.394,"1,549",208,0.811,"58,093","46,500",0.497,"40,715","36,950",0.458,"68,000","51,300",0.477,"46,579","42,974",0.419
22,VD,5431,  Mollens (VD),Total,180,0.39,"2,165",154,0.893,"59,879","41,750",0.553,"47,354","30,872",0.555,"68,007","49,300",0.519,"52,333","36,750",0.507
22,VD,5432,  Montherod,Total,280,0.709,"2,532",155,0.879,"64,817","42,300",0.558,"43,416","33,262",0.491,"74,586","50,350",0.537,"49,394","40,333",0.456
22,VD,5434,  Saint-George,Total,532,1.108,"2,083",303,0.809,"65,730","50,400",0.491,"46,510","39,050",0.471,"75,639","60,850",0.467,"52,391","44,250",0.430
22,VD,5435,  Saint-Livres,Total,404,0.888,"2,198",321,0.829,"67,099","50,500",0.481,"49,602","41,081",0.455,"76,352","59,850",0.46,"55,158","46,835",0.417
22,VD,5436,  Saint-Oyens,Total,186,0.271,"1,456",220,0.772,"62,489","51,300",0.44,"44,256","38,167",0.410,"72,978","58,900",0.428,"50,477","45,100",0.377
22,VD,5437,  Saubraz,Total,191,0.194,"1,016",252,0.774,"55,472","53,100",0.444,"37,954","36,056",0.431,"67,377","63,200",0.431,"44,523","45,583",0.384
22,VD,5451,  Avenches,Total,"2,205",1.534,696,143,0.813,"45,370","41,000",0.424,"34,966","31,700",0.406,"53,492","47,200",0.407,"40,046","37,600",0.362
22,VD,5456,  Cudrefin,Total,886,1.328,"1,499",244,0.803,"60,211","49,850",0.442,"45,109","39,215",0.414,"68,998","56,100",0.429,"50,460","44,472",0.380
22,VD,5458,  Faoug,Total,510,0.68,"1,334",271,0.778,"58,041","48,350",0.432,"44,227","39,656",0.406,"66,676","55,750",0.421,"49,498","45,433",0.373
22,VD,5464,  Vully-les-Lacs,Total,"1,724",2.541,"1,474",236,0.815,"58,057","47,650",0.451,"44,122","38,600",0.419,"66,157","53,900",0.438,"49,170","43,900",0.387
22,VD,5471,  Bettens,Total,295,0.456,"1,545",405,0.759,"65,416","60,300",0.415,"47,108","40,571",0.394,"76,087","67,900",0.404,"53,303","49,500",0.356
22,VD,5472,  Bournens,Total,183,0.461,"2,522",386,0.829,"73,817","55,700",0.462,"51,701","41,267",0.437,"85,222","68,100",0.435,"58,130","50,048",0.393
22,VD,5473,  Boussens,Total,520,0.869,"1,671",401,0.751,"66,817","59,650",0.427,"46,583","43,450",0.393,"77,881","67,600",0.418,"52,978","50,317",0.361
22,VD,5474,  La Chaux (Cossonay),Total,237,0.345,"1,455",231,0.802,"60,659","48,400",0.436,"44,092","38,900",0.407,"70,784","57,500",0.426,"50,132","44,792",0.376
22,VD,5475,  Chavannes-le-Veyron,Total,75,0.059,790,195,0.766,"48,533","46,900",0.449,"37,251","36,538",0.419,"56,752","50,700",0.436,"42,425","42,500",0.386
22,VD,5476,  Chevilly,Total,155,0.245,"1,578",265,0.79,"62,474","52,500",0.436,"45,983","40,095",0.408,"72,408","58,900",0.42,"51,825","45,700",0.371
22,VD,5477,  Cossonay,Total,"2,006",3.005,"1,498",221,0.834,"58,392","47,500",0.465,"42,336","37,976",0.428,"67,900","54,400",0.451,"48,020","43,900",0.391
22,VD,5478,  Cottens (VD),Total,263,0.489,"1,861",450,0.784,"67,820","57,400",0.426,"48,767","42,857",0.395,"78,094","62,900",0.419,"54,759","50,700",0.363
22,VD,5479,  Cuarnens,Total,261,0.369,"1,413",271,0.807,"58,972","49,400",0.44,"43,878","39,133",0.409,"68,009","54,400",0.434,"49,426","44,500",0.382
22,VD,5480,  Daillens,Total,497,1.102,"2,218",562,0.771,"73,294","63,600",0.429,"52,383","47,111",0.404,"83,752","73,500",0.419,"58,539","54,600",0.373
22,VD,5481,  Dizy,Total,122,0.291,"2,388",225,0.873,"69,243","52,900",0.494,"50,808","37,833",0.483,"80,207","64,550",0.468,"57,226","46,444",0.438
22,VD,5482,  Eclépens,Total,571,0.825,"1,445",325,0.79,"60,850","52,200",0.426,"44,422","42,143",0.391,"70,187","59,600",0.414,"50,130","47,615",0.358
22,VD,5483,  Ferreyres,Total,160,0.328,"2,051",193,0.835,"65,764","48,450",0.506,"43,945","35,600",0.477,"78,178","64,350",0.477,"50,949","42,192",0.431
22,VD,5484,  Gollion,Total,510,0.723,"1,417",358,0.778,"61,026","53,550",0.413,"45,872","42,124",0.384,"70,213","59,650",0.405,"51,521","47,800",0.353
22,VD,5485,  Grancy,Total,230,0.833,"3,620",375,0.869,"80,505","55,400",0.544,"54,844","42,776",0.476,"89,528","62,150",0.527,"60,224","49,974",0.446
22,VD,5486,  L'Isle,Total,623,0.627,"1,006",189,0.803,"51,537","44,800",0.437,"39,467","36,133",0.407,"59,871","50,600",0.425,"44,612","41,300",0.372
22,VD,5487,  Lussery-Villars,Total,254,0.243,955,259,0.73,"55,720","49,300",0.376,"43,233","40,950",0.344,"64,226","55,450",0.373,"48,592","44,550",0.319
22,VD,5488,  Mauraz,Total,33,0.039,"1,188",139,0.842,"53,667","49,000",0.43,"41,127","32,400",0.422,"62,794","50,700",0.427,"46,281","41,148",0.384
22,VD,5489,  Mex (VD),Total,426,1.658,"3,891",514,0.856,"83,428","56,500",0.531,"62,043","47,467",0.488,"91,397","60,800",0.511,"67,013","52,100",0.458
22,VD,5490,  Moiry,Total,167,0.173,"1,038",165,0.817,"52,929","42,400",0.431,"38,658","34,600",0.389,"62,438","48,900",0.423,"44,209","40,615",0.352
22,VD,5491,  Mont-la-Ville,Total,201,0.216,"1,073",184,0.8,"55,405","48,900",0.412,"40,000","33,933",0.403,"65,806","58,800",0.392,"46,099","40,833",0.358
22,VD,5492,  Montricher,Total,548,7.442,"13,580",214,0.981,"164,604","48,550",0.797,"110,125","37,500",0.768,"174,353","55,300",0.773,"115,926","44,400",0.735
22,VD,5493,  Orny,Total,229,0.208,909,164,0.79,"49,780","44,000",0.461,"37,746","35,100",0.440,"58,269","51,200",0.455,"42,960","39,250",0.405
22,VD,5494,  Pampigny,Total,642,1.033,"1,609",260,0.827,"59,807","48,750",0.464,"43,740","38,150",0.437,"69,349","57,950",0.443,"49,425","44,751",0.395
22,VD,5495,  Penthalaz,Total,"1,837",1.929,"1,050",223,0.794,"54,055","47,900",0.415,"41,321","38,600",0.390,"62,512","54,600",0.402,"46,609","44,200",0.353
22,VD,5496,  Penthaz,Total,907,1.337,"1,474",376,0.751,"63,805","55,300",0.417,"45,875","43,000",0.384,"73,835","63,900",0.408,"51,822","48,900",0.353
22,VD,5497,  Pompaples,Total,481,0.377,783,139,0.82,"45,363","40,700",0.472,"34,445","31,308",0.445,"53,657","45,400",0.459,"39,594","36,952",0.405
22,VD,5498,  La Sarraz,Total,"1,447",1.698,"1,174",211,0.806,"54,633","47,000",0.442,"41,103","37,700",0.410,"63,489","52,700",0.43,"46,530","43,700",0.374
22,VD,5499,  Senarclens,Total,257,1.015,"3,949",213,0.888,"79,110","49,400",0.606,"51,374","38,000",0.549,"88,889","54,800",0.584,"57,062","43,400",0.513
22,VD,5500,  Sévery,Total,128,0.235,"1,838",259,0.845,"61,886","45,300",0.488,"43,363","37,967",0.441,"71,954","52,450",0.466,"49,338","44,150",0.402
22,VD,5501,  Sullens,Total,533,1.187,"2,227",426,0.825,"68,991","55,900",0.468,"50,204","43,000",0.435,"78,217","62,900",0.451,"55,830","48,533",0.401
22,VD,5503,  Vufflens-la-Ville,Total,663,1.909,"2,879",596,0.786,"78,617","62,700",0.463,"56,571","47,800",0.433,"88,429","68,700",0.45,"62,395","54,600",0.405
22,VD,5511,  Assens,Total,565,1.432,"2,535",445,0.828,"74,066","55,500",0.477,"51,223","44,900",0.421,"84,033","62,600",0.463,"57,172","51,100",0.392
22,VD,5512,  Bercher,Total,626,0.906,"1,447",216,0.825,"58,523","50,000",0.469,"41,154","37,679",0.427,"68,298","56,350",0.456,"46,946","44,983",0.390
22,VD,5513,  Bioley-Orjulaz,Total,259,0.347,"1,342",426,0.719,"63,821","53,400",0.362,"48,627","46,500",0.328,"73,378","60,300",0.363,"54,308","51,000",0.302
22,VD,5514,  Bottens,Total,674,1.313,"1,949",322,0.837,"65,344","54,500",0.467,"46,496","40,200",0.424,"75,117","60,100",0.454,"52,337","47,467",0.390
22,VD,5515,  Bretigny-sur-Morrens,Total,441,0.995,"2,257",405,0.849,"69,915","54,900",0.45,"53,506","43,200",0.436,"79,253","62,600",0.435,"59,170","50,667",0.400
22,VD,5516,  Cugy (VD),Total,"1,473",3.128,"2,124",419,0.801,"69,287","57,000",0.466,"49,265","42,905",0.432,"79,302","64,200",0.452,"55,171","50,333",0.398
22,VD,5518,  Echallens,Total,"3,087",3.853,"1,248",250,0.803,"57,203","48,900",0.439,"41,378","38,667",0.400,"66,801","55,900",0.43,"47,136","45,200",0.367
22,VD,5520,  Essertines-sur-Yverdon,Total,518,0.799,"1,543",348,0.792,"62,516","50,400",0.431,"45,227","40,333",0.399,"72,251","57,050",0.418,"50,967","46,424",0.364
22,VD,5521,  Etagnières,Total,589,1.06,"1,799",329,0.794,"66,575","54,800",0.44,"46,597","42,100",0.400,"77,567","63,600",0.43,"52,989","48,100",0.369
22,VD,5522,  Fey,Total,355,0.41,"1,156",268,0.764,"58,970","53,300",0.394,"43,934","40,100",0.372,"68,553","60,600",0.386,"49,720","47,200",0.337
22,VD,5523,  Froideville,Total,"1,311",1.996,"1,523",383,0.764,"64,528","56,000",0.412,"47,276","43,500",0.383,"74,504","64,700",0.401,"53,208","49,500",0.350
22,VD,5527,  Morrens (VD),Total,604,1.308,"2,165",425,0.803,"69,026","56,500",0.46,"49,750","44,650",0.416,"78,464","63,250",0.445,"55,459","49,805",0.384
22,VD,5529,  Oulens-sous-Echallens,Total,302,0.486,"1,610",501,0.729,"66,726","59,150",0.416,"48,263","44,163",0.383,"76,400","66,400",0.407,"54,096","51,469",0.353
22,VD,5530,  Pailly,Total,280,0.38,"1,357",192,0.805,"59,475","51,450",0.438,"42,913","35,434",0.416,"69,900","59,500",0.427,"48,959","43,850",0.379
22,VD,5531,  Penthéréaz,Total,214,0.354,"1,653",261,0.833,"61,815","49,800",0.456,"42,889","39,354",0.393,"72,238","54,250",0.449,"49,008","46,875",0.364
22,VD,5533,  Poliez-Pittet,Total,440,0.467,"1,061",253,0.771,"57,350","52,500",0.393,"42,400","39,400",0.376,"67,199","59,750",0.39,"48,270","46,512",0.342
22,VD,5534,  Rueyres,Total,125,0.179,"1,433",324,0.778,"63,458","51,800",0.39,"45,732","39,000",0.376,"75,162","66,100",0.378,"52,327","46,500",0.334
22,VD,5535,  Saint-Barthélemy (VD),Total,476,0.593,"1,246",178,0.828,"53,523","43,300",0.485,"39,091","35,704",0.447,"62,384","50,000",0.474,"44,484","40,917",0.414
22,VD,5537,  Villars-le-Terroir,Total,571,0.838,"1,468",294,0.793,"61,377","51,400",0.43,"44,302","40,048",0.384,"70,914","56,900",0.421,"50,023","45,944",0.355
22,VD,5539,  Vuarrens,Total,472,0.539,"1,142",192,0.804,"56,535","49,950",0.439,"38,927","35,990",0.400,"67,972","56,800",0.429,"45,422","43,558",0.362
22,VD,5540,  Montilliez,Total,890,1.328,"1,492",369,0.777,"63,348","54,550",0.418,"45,655","42,422",0.382,"73,725","61,300",0.409,"51,718","48,550",0.349
22,VD,5541,  Goumoëns,Total,585,1.085,"1,854",302,0.82,"63,711","51,900",0.482,"46,000","39,625",0.463,"74,072","59,900",0.465,"52,141","46,900",0.425
22,VD,5551,  Bonvillars,Total,297,0.464,"1,563",284,0.807,"61,571","54,700",0.441,"46,617","39,111",0.438,"70,593","63,000",0.428,"52,096","47,400",0.401
22,VD,5552,  Bullet,Total,415,0.329,792,166,0.801,"45,616","37,700",0.458,"35,161","31,800",0.427,"52,541","42,900",0.441,"39,538","36,400",0.392
22,VD,5553,  Champagne,Total,586,0.894,"1,526",195,0.84,"59,102","48,200",0.458,"42,679","36,483",0.419,"68,848","54,750",0.447,"48,418","43,388",0.383
22,VD,5554,  Concise,Total,593,0.732,"1,234",191,0.838,"52,737","43,200",0.47,"39,696","35,000",0.442,"60,827","49,000",0.45,"44,773","40,800",0.403
22,VD,5555,  Corcelles-près-Concise,Total,207,0.219,"1,058",192,0.802,"50,900","44,300",0.481,"37,617","33,933",0.460,"60,066","51,300",0.458,"43,203","40,800",0.417
22,VD,5556,  Fiez,Total,225,0.273,"1,214",279,0.768,"59,493","53,900",0.417,"42,993","40,000",0.395,"70,113","59,400",0.405,"49,139","46,167",0.357
22,VD,5557,  Fontaines-sur-Grandson,Total,114,0.169,"1,481",141,0.878,"53,526","38,700",0.489,"38,860","32,600",0.450,"62,582","45,150",0.465,"44,303","36,050",0.406
22,VD,5559,  Giez,Total,237,0.587,"2,477",213,0.853,"67,278","47,400",0.515,"49,463","35,762",0.479,"75,599","54,000",0.502,"54,532","43,200",0.450
22,VD,5560,  Grandevent,Total,122,0.232,"1,903",274,0.815,"66,680","54,900",0.445,"46,399","38,350",0.423,"76,994","63,950",0.426,"52,507","45,469",0.385
22,VD,5561,  Grandson,Total,"1,991",3.258,"1,636",185,0.851,"57,332","44,200",0.501,"42,372","36,300",0.464,"65,645","50,300",0.482,"47,587","41,700",0.428
22,VD,5562,  Mauborget,Total,79,0.16,"2,021",141,0.875,"55,109","33,800",0.568,"43,816","31,100",0.539,"61,872","40,900",0.523,"48,132","35,200",0.492
22,VD,5563,  Mutrux,Total,87,0.065,750,206,0.776,"49,008","44,700",0.427,"35,618","34,810",0.408,"58,720","49,700",0.419,"41,306","41,400",0.369
22,VD,5564,  Novalles,Total,59,0.087,"1,478",122,0.891,"54,773","38,300",0.454,"40,263","32,900",0.425,"63,841","50,000",0.431,"45,554","39,375",0.378
22,VD,5565,  Onnens (VD),Total,293,0.461,"1,573",196,0.838,"58,446","45,600",0.464,"43,346","36,800",0.432,"67,819","51,700",0.446,"49,002","41,524",0.394
22,VD,5566,  Provence,Total,268,0.141,527,100,0.811,"39,777","34,250",0.45,"31,704","28,200",0.427,"46,468","37,850",0.433,"36,079","34,133",0.387
22,VD,5568,  Sainte-Croix,Total,"3,209",1.704,531,86,0.832,"37,370","31,100",0.485,"29,702","26,000",0.464,"44,064","36,300",0.457,"34,073","30,700",0.415
22,VD,5571,  Tévenon,Total,487,0.469,963,149,0.805,"50,345","42,600",0.468,"36,793","33,200",0.438,"59,131","48,400",0.45,"42,109","38,900",0.399
22,VD,5581,  Belmont-sur-Lausanne,Total,"2,034",7.68,"3,776",578,0.814,"83,951","61,100",0.521,"58,657","47,204",0.485,"93,660","69,550",0.502,"64,446","53,756",0.454
22,VD,5582,  Cheseaux-sur-Lausanne,Total,"2,503",3.618,"1,446",353,0.784,"60,798","52,400",0.43,"45,378","43,067",0.394,"69,746","58,900",0.422,"50,837","48,692",0.363
22,VD,5583,  Crissier,Total,"4,036",5.243,"1,299",162,0.855,"53,116","43,850",0.49,"38,485","33,467",0.462,"62,354","50,900",0.467,"44,087","39,976",0.418
22,VD,5584,  Epalinges,Total,"5,036",17.669,"3,508",410,0.848,"78,902","54,800",0.544,"55,036","43,500",0.503,"88,397","62,400",0.524,"60,692","49,167",0.470
22,VD,5585,  Jouxtens-Mézery,Total,791,8.782,"11,102",757,0.876,"147,124","67,000",0.685,"89,167","51,300",0.627,"157,024","77,900",0.664,"94,956","57,400",0.600
22,VD,5586,  Lausanne,Total,"79,382",117.521,"1,480",162,0.86,"52,254","40,500",0.509,"41,642","33,846",0.486,"59,262","46,300",0.482,"46,178","38,900",0.445
22,VD,5587,  Le Mont-sur-Lausanne,Total,"4,074",13.162,"3,231",439,0.836,"76,893","55,800",0.527,"53,073","44,150",0.478,"86,458","62,800",0.507,"58,753","50,200",0.445
22,VD,5588,  Paudex,Total,904,6.455,"7,140",402,0.908,"107,080","50,850",0.664,"73,913","43,200",0.614,"114,890","56,700",0.64,"78,824","48,400",0.583
22,VD,5589,  Prilly,Total,"6,839",6.59,964,174,0.822,"49,197","42,300",0.439,"38,695","35,100",0.414,"56,716","48,200",0.42,"43,517","40,385",0.374
22,VD,5590,  Pully,Total,"11,004",55.028,"5,001",529,0.853,"91,594","56,800",0.58,"67,206","47,258",0.545,"99,366","62,900",0.559,"72,109","52,500",0.515
22,VD,5591,  Renens (VD),Total,"10,939",7.855,718,126,0.821,"44,497","39,200",0.448,"34,294","30,792",0.430,"52,674","45,500",0.426,"39,407","36,700",0.384
22,VD,5592,  Romanel-sur-Lausanne,Total,"1,941",2.302,"1,186",227,0.798,"55,631","48,500",0.435,"42,054","38,615",0.411,"64,326","55,100",0.421,"47,435","44,800",0.375
22,VD,5601,  Chexbres,Total,"1,417",3.363,"2,374",324,0.841,"65,291","48,600",0.522,"48,756","41,200",0.481,"73,053","54,800",0.5,"53,672","46,467",0.447
22,VD,5604,  Forel (Lavaux),Total,"1,167",1.767,"1,514",228,0.814,"59,526","49,400",0.454,"43,739","39,200",0.418,"68,798","55,400",0.436,"49,366","45,286",0.382
22,VD,5606,  Lutry,Total,"6,186",34.559,"5,587",553,0.847,"95,486","57,500",0.602,"67,160","46,667",0.557,"103,418","63,300",0.581,"72,098","51,841",0.529
22,VD,5607,  Puidoux,Total,"1,573",2.765,"1,758",179,0.872,"58,444","45,000",0.488,"42,779","34,600",0.454,"67,618","51,500",0.465,"48,365","41,500",0.412
22,VD,5609,  Rivaz,Total,209,0.498,"2,381",366,0.812,"69,522","55,400",0.486,"51,501","40,400",0.463,"78,606","62,500",0.457,"57,067","47,714",0.422
22,VD,5610,  Saint-Saphorin (Lavaux),Total,200,0.743,"3,715",481,0.842,"82,753","56,550",0.516,"60,827","45,500",0.493,"92,316","61,900",0.5,"66,412","49,812",0.461
22,VD,5611,  Savigny,Total,"1,917",4.118,"2,148",355,0.817,"66,146","53,000",0.494,"47,120","41,667",0.451,"75,418","60,000",0.475,"52,743","48,000",0.418
22,VD,5613,  Bourg-en-Lavaux,Total,"3,182",12.671,"3,982",437,0.849,"82,670","56,000",0.557,"58,600","44,400",0.517,"91,456","62,900",0.534,"63,964","49,800",0.484
22,VD,5621,  Aclens,Total,301,0.795,"2,643",411,0.848,"74,077","57,000",0.474,"55,939","45,000",0.453,"83,719","60,000",0.46,"61,738","51,000",0.420
22,VD,5622,  Bremblens,Total,270,1.262,"4,672",666,0.806,"94,939","64,250",0.517,"62,361","49,551",0.460,"105,967","74,050",0.5,"68,744","56,127",0.432
22,VD,5623,  Buchillon,Total,362,3.472,"9,591",857,0.82,"134,593","68,200",0.609,"90,653","52,458",0.576,"143,610","77,800",0.589,"96,049","58,100",0.552
22,VD,5624,  Bussigny,Total,"4,551",5.124,"1,126",218,0.782,"55,477","48,700",0.427,"41,609","37,952",0.403,"64,363","55,700",0.412,"47,071","44,000",0.366
22,VD,5625,  Bussy-Chardonney,Total,209,0.63,"3,014",469,0.819,"77,934","54,600",0.493,"55,586","45,000",0.462,"88,799","63,200",0.481,"61,788","51,300",0.432
22,VD,5627,  Chavannes-près-Renens,Total,"3,715",2.403,647,139,0.799,"45,670","42,000",0.417,"34,837","32,333",0.409,"54,664","49,400",0.397,"40,339","38,600",0.361
22,VD,5628,  Chigny,Total,173,0.944,"5,459",606,0.799,"97,905","60,500",0.563,"66,162","45,100",0.526,"108,217","63,300",0.545,"72,178","51,000",0.501
22,VD,5629,  Clarmont,Total,101,0.208,"2,064",495,0.749,"70,680","55,600",0.412,"55,131","47,900",0.368,"79,193","62,400",0.406,"60,551","54,100",0.347
22,VD,5631,  Denens,Total,398,1.508,"3,790",397,0.812,"82,204","56,150",0.543,"56,961","44,500",0.507,"91,791","63,250",0.524,"62,679","49,256",0.476
22,VD,5632,  Denges,Total,873,1.729,"1,980",366,0.799,"65,771","50,800",0.478,"47,635","42,100",0.435,"75,090","57,600",0.467,"53,276","48,667",0.407
22,VD,5633,  Echandens,Total,"1,413",5.902,"4,177",482,0.86,"86,198","58,100",0.556,"62,591","45,600",0.526,"95,097","64,300",0.537,"68,000","51,385",0.495
22,VD,5634,  Echichens,Total,"1,504",5.017,"3,336",328,0.848,"75,239","52,600",0.563,"51,021","40,600",0.516,"84,765","58,850",0.543,"56,702","46,000",0.483
22,VD,5635,  Ecublens (VD),Total,"6,371",10.111,"1,587",195,0.863,"56,620","45,000",0.486,"41,888","36,000",0.454,"65,251","51,600",0.465,"47,208","41,900",0.414
22,VD,5636,  Etoy,Total,"1,641",4.019,"2,449",208,0.847,"65,353","47,400",0.551,"45,724","36,700",0.514,"74,755","54,600",0.529,"51,373","43,167",0.476
22,VD,5637,  Lavigny,Total,546,1.12,"2,051",197,0.84,"61,707","44,500",0.54,"42,286","34,989",0.496,"71,525","52,800",0.516,"48,152","41,700",0.456
22,VD,5638,  Lonay,Total,"1,441",4.837,"3,357",519,0.825,"79,640","57,800",0.512,"57,097","46,100",0.477,"88,954","66,200",0.494,"62,697","52,533",0.446
22,VD,5639,  Lully (VD),Total,406,2.018,"4,970",629,0.81,"94,893","63,950",0.555,"63,782","49,779",0.533,"106,384","77,300",0.531,"70,280","54,867",0.499
22,VD,5640,  Lussy-sur-Morges,Total,363,3.973,"10,946",511,0.931,"142,898","63,600",0.739,"92,760","44,900",0.715,"153,237","72,700",0.712,"98,856","54,500",0.680
22,VD,5642,  Morges,Total,"9,545",17.183,"1,800",216,0.844,"59,300","45,900",0.485,"45,593","37,700",0.454,"66,898","51,300",0.466,"50,468","42,867",0.419
22,VD,5643,  Préverenges,Total,"2,935",8.937,"3,045",376,0.857,"75,011","54,000",0.514,"54,486","42,769",0.480,"83,899","61,300",0.493,"59,959","48,700",0.445
22,VD,5644,  Reverolle,Total,210,0.622,"2,962",216,0.852,"71,686","48,350",0.55,"49,687","41,150",0.502,"81,208","54,650",0.53,"55,465","46,819",0.469
22,VD,5645,  Romanel-sur-Morges,Total,270,0.842,"3,118",570,0.808,"79,872","61,150",0.475,"57,276","48,050",0.425,"89,034","67,400",0.463,"62,884","53,973",0.401
22,VD,5646,  Saint-Prex,Total,"3,106",10.705,"3,447",388,0.851,"78,449","54,500",0.527,"56,659","42,600",0.492,"87,536","62,200",0.504,"62,173","48,785",0.458
22,VD,5648,  Saint-Sulpice (VD),Total,"2,012",11.575,"5,753",851,0.815,"102,463","68,600",0.55,"74,958","53,750",0.523,"110,703","74,900",0.531,"80,077","60,306",0.496
22,VD,5649,  Tolochenaz,Total,"1,039",2.446,"2,354",239,0.856,"66,384","48,400",0.504,"48,298","39,100",0.467,"75,552","55,800",0.484,"53,889","44,500",0.430
22,VD,5650,  Vaux-sur-Morges,Total,111,7.383,"66,516",442,0.978,"628,858","60,900",0.927,"261,317","45,190",0.882,"639,465","67,800",0.917,"267,204","52,400",0.867
22,VD,5651,  Villars-Sainte-Croix,Total,396,1.125,"2,840",604,0.784,"78,801","63,850",0.465,"56,123","44,750",0.443,"88,367","72,050",0.449,"61,870","52,604",0.413
22,VD,5652,  Villars-sous-Yens,Total,332,0.967,"2,913",350,0.854,"72,459","54,800",0.526,"49,972","41,151",0.480,"82,400","61,850",0.508,"55,796","48,343",0.444
22,VD,5653,  Vufflens-le-Château,Total,433,2.895,"6,687",986,0.797,"113,569","76,300",0.549,"72,835","54,857",0.500,"124,374","86,700",0.533,"78,955","60,833",0.475
22,VD,5654,  Vullierens,Total,284,0.602,"2,119",300,0.843,"63,740","48,850",0.498,"48,209","41,100",0.472,"72,430","53,550",0.48,"53,494","45,167",0.436
22,VD,5655,  Yens,Total,766,3.521,"4,596",447,0.85,"89,699","56,950",0.56,"60,629","44,450",0.511,"99,425","65,700",0.538,"66,396","49,883",0.479
22,VD,5661,  Boulens,Total,193,0.237,"1,230",206,0.824,"55,040","43,800",0.458,"41,050","34,900",0.439,"64,170","50,100",0.449,"46,425","41,800",0.405
22,VD,5662,  Brenles,Total,95,0.131,"1,375",156,0.829,"53,974","37,900",0.497,"41,249","34,400",0.472,"62,179","41,600",0.48,"46,373","39,286",0.438
22,VD,5663,  Bussy-sur-Moudon,Total,131,0.092,699,199,0.71,"50,563","42,400",0.357,"41,041","35,700",0.342,"58,124","53,900",0.354,"45,960","40,900",0.312
22,VD,5665,  Chavannes-sur-Moudon,Total,125,0.122,976,152,0.82,"51,273","41,900",0.441,"36,426","32,400",0.404,"61,240","49,000",0.439,"42,084","39,067",0.371
22,VD,5666,  Chesalles-sur-Moudon,Total,106,0.061,572,94,0.776,"43,862","36,650",0.447,"33,299","29,033",0.437,"52,420","45,350",0.436,"38,540","36,350",0.394
22,VD,5668,  Cremin,Total,36,0.008,227,105,0.638,"34,444","31,500",0.386,"27,222","26,633",0.352,"42,494","36,500",0.374,"32,155","29,900",0.309
22,VD,5669,  Curtilles,Total,181,0.144,797,197,0.775,"50,180","42,400",0.417,"37,961","36,300",0.401,"59,209","50,800",0.399,"43,424","41,286",0.355
22,VD,5671,  Dompierre (VD),Total,152,0.12,789,130,0.821,"46,891","43,450",0.442,"36,179","31,550",0.432,"54,795","49,800",0.431,"41,150","37,490",0.392
22,VD,5672,  Forel-sur-Lucens,Total,91,0.099,"1,087",129,0.828,"52,751","42,300",0.433,"39,579","31,905",0.406,"61,430","49,300",0.416,"44,946","40,667",0.372
22,VD,5673,  Hermenches,Total,215,0.179,833,152,0.795,"49,793","42,900",0.439,"36,586","33,900",0.400,"59,341","48,600",0.431,"42,363","41,100",0.365
22,VD,5674,  Lovatens,Total,99,0.059,600,156,0.772,"45,520","39,900",0.394,"36,547","34,500",0.372,"53,090","45,400",0.391,"41,413","40,100",0.339
22,VD,5675,  Lucens,Total,"1,747",1.144,655,105,0.835,"42,835","37,500",0.449,"32,882","28,944",0.434,"51,404","44,500",0.427,"38,155","35,800",0.385
22,VD,5678,  Moudon,Total,"3,023",1.801,596,102,0.833,"41,763","37,100",0.442,"32,066","28,700",0.426,"50,076","43,400",0.417,"37,207","34,600",0.376
22,VD,5680,  Ogens,Total,155,0.155,998,216,0.746,"56,254","46,200",0.374,"43,231","38,400",0.354,"65,033","54,400",0.359,"48,364","43,700",0.313
22,VD,5683,  Prévonloup,Total,101,0.1,994,182,0.821,"49,850","41,100",0.447,"35,932","34,600",0.391,"58,766","46,200",0.43,"41,151","39,524",0.353
22,VD,5684,  Rossenges,Total,37,0.252,"6,821",164,0.868,"103,589","48,000",0.576,"77,041","36,923",0.569,"112,424","61,500",0.545,"82,341","38,438",0.532
22,VD,5686,  Sarzens,Total,39,0.043,"1,102",171,0.811,"58,251","46,100",0.371,"39,306","32,933",0.324,"68,433","53,200",0.374,"45,057","41,917",0.296
22,VD,5688,  Syens,Total,81,0.169,"2,083",216,0.885,"61,712","46,500",0.486,"47,767","36,467",0.473,"69,858","55,900",0.46,"52,759","42,100",0.433
22,VD,5690,  Villars-le-Comte,Total,96,0.047,486,139,0.734,"43,608","45,000",0.402,"33,938","31,000",0.409,"51,227","49,850",0.386,"38,833","35,876",0.365
22,VD,5692,  Vucherens,Total,326,0.458,"1,405",256,0.796,"58,241","47,450",0.445,"42,734","40,667",0.394,"67,076","52,750",0.437,"48,069","44,950",0.365
22,VD,5693,  Montanaire,Total,"1,394",1.36,975,199,0.792,"53,165","46,250",0.409,"40,202","35,928",0.382,"62,110","53,200",0.399,"45,617","42,608",0.345
22,VD,5701,  Arnex-sur-Nyon,Total,109,0.811,"7,437",490,0.852,"115,311","62,800",0.605,"79,176","46,267",0.590,"126,130","76,300",0.577,"85,442","52,600",0.554
22,VD,5702,  Arzier-Le Muids,Total,"1,528",6.419,"4,201",277,0.849,"80,628","48,700",0.616,"54,130","37,683",0.585,"90,252","56,500",0.589,"59,838","44,300",0.550
22,VD,5703,  Bassins,Total,729,2.266,"3,108",450,0.808,"77,110","56,200",0.518,"52,586","44,733",0.475,"87,492","65,600",0.499,"58,576","51,133",0.442
22,VD,5704,  Begnins,Total,"1,068",4.621,"4,327",355,0.863,"83,524","51,750",0.587,"59,418","41,017",0.554,"92,339","59,300",0.56,"64,836","47,405",0.518
22,VD,5705,  Bogis-Bossey,Total,445,2.217,"4,983",682,0.785,"93,751","65,900",0.563,"59,416","45,733",0.521,"105,118","71,100",0.538,"65,895","52,800",0.488
22,VD,5706,  Borex,Total,578,3.001,"5,192",596,0.831,"95,206","62,050",0.569,"63,202","48,867",0.513,"105,273","68,350",0.548,"69,099","54,400",0.483
22,VD,5707,  Chavannes-de-Bogis,Total,662,3.149,"4,756",643,0.812,"91,201","62,650",0.57,"60,237","46,956",0.533,"101,653","70,200",0.543,"66,414","53,700",0.499
22,VD,5708,  Chavannes-des-Bois,Total,395,2.891,"7,320","1,359",0.785,"118,944","80,100",0.555,"75,195","59,600",0.522,"131,524","89,500",0.531,"82,253","66,462",0.491
22,VD,5709,  Chéserex,Total,680,3.622,"5,326",614,0.823,"95,988","61,500",0.57,"66,799","47,488",0.532,"105,280","71,450",0.549,"72,358","53,567",0.502
22,VD,5710,  Coinsins,Total,257,1.281,"4,986",648,0.841,"94,843","62,700",0.558,"64,965","47,000",0.520,"104,575","73,500",0.535,"70,793","54,200",0.488
22,VD,5711,  Commugny,Total,"1,400",11.835,"8,454",905,0.819,"122,170","69,800",0.63,"74,719","48,972",0.584,"133,190","77,200",0.605,"80,929","55,650",0.553
22,VD,5712,  Coppet,Total,"1,733",15.916,"9,184",879,0.835,"126,905","66,000",0.647,"85,757","50,733",0.623,"136,414","73,400",0.622,"91,334","57,700",0.594
22,VD,5713,  Crans-près-Céligny,Total,"1,176",9.666,"8,220",951,0.822,"121,116","71,050",0.616,"80,938","51,800",0.594,"131,464","81,300",0.591,"86,937","59,955",0.563
22,VD,5714,  Crassier,Total,626,3.253,"5,196",780,0.821,"97,227","68,800",0.556,"66,578","49,781",0.530,"108,256","77,100",0.532,"72,859","58,250",0.495
22,VD,5715,  Duillier,Total,571,2.502,"4,381",696,0.817,"90,403","62,600",0.536,"63,354","50,467",0.506,"100,379","70,000",0.515,"69,203","56,542",0.474
22,VD,5716,  Eysins,Total,794,2.504,"3,154",604,0.804,"78,787","60,800",0.501,"55,334","47,712",0.475,"89,082","68,850",0.473,"61,401","54,231",0.435
22,VD,5717,  Founex,Total,"1,825",16.838,"9,226",811,0.848,"127,440","64,100",0.662,"81,598","49,100",0.629,"137,900","75,100",0.635,"87,587","55,500",0.596
22,VD,5718,  Genolier,Total,"1,062",6.995,"6,586",528,0.843,"105,703","59,950",0.619,"69,362","46,364",0.582,"115,782","68,300",0.594,"75,212","52,550",0.549
22,VD,5719,  Gingins,Total,682,3.684,"5,402",680,0.823,"97,782","62,000",0.565,"66,968","50,054",0.529,"107,499","71,350",0.542,"72,709","56,750",0.497
22,VD,5720,  Givrins,Total,537,3.371,"6,278",796,0.817,"106,056","67,200",0.573,"69,968","50,800",0.530,"115,952","75,500",0.551,"75,798","58,467",0.500
22,VD,5721,  Gland,Total,"7,062",15.172,"2,148",297,0.835,"65,681","50,600",0.492,"47,865","40,200",0.462,"75,055","58,100",0.472,"53,538","46,177",0.424
22,VD,5722,  Grens,Total,192,1.015,"5,289",424,0.835,"95,151","60,600",0.586,"59,852","43,955",0.547,"107,476","69,300",0.559,"66,754","50,478",0.509
22,VD,5723,  Mies,Total,"1,039",18.76,"18,056",577,0.921,"200,685","56,000",0.798,"130,405","45,000",0.779,"210,549","63,200",0.776,"136,093","50,100",0.753
22,VD,5724,  Nyon,Total,"11,715",36.454,"3,112",311,0.866,"72,616","49,600",0.544,"54,131","40,417",0.515,"80,969","56,800",0.518,"59,305","46,000",0.477
22,VD,5725,  Prangins,Total,"2,227",12.726,"5,714",575,0.857,"99,822","60,400",0.593,"67,669","47,800",0.551,"109,509","68,300",0.569,"73,427","53,600",0.518
22,VD,5726,  La Rippe,Total,635,2.603,"4,100",524,0.817,"84,135","60,100",0.557,"56,442","44,800",0.510,"94,467","68,200",0.536,"62,454","50,400",0.478
22,VD,5727,  Saint-Cergue,Total,"1,650",2.94,"1,782",194,0.842,"56,268","41,200",0.533,"43,245","33,850",0.511,"63,556","46,800",0.507,"47,909","39,300",0.473
22,VD,5728,  Signy-Avenex,Total,289,1.019,"3,526",719,0.779,"83,526","63,300",0.482,"61,564","51,500",0.452,"92,286","67,800",0.463,"66,885","57,300",0.422
22,VD,5729,  Tannay,Total,818,7.368,"9,007",803,0.819,"125,690","67,400",0.637,"77,579","48,200",0.593,"136,542","77,950",0.611,"83,754","55,113",0.561
22,VD,5730,  Trélex,Total,737,6.288,"8,532",744,0.843,"124,202","68,300",0.638,"77,502","50,625",0.598,"135,482","78,900",0.612,"83,925","57,100",0.566
22,VD,5731,  Le Vaud,Total,669,1.959,"2,928",461,0.823,"75,841","56,700",0.519,"51,053","42,700",0.476,"86,207","67,000",0.5,"57,118","49,200",0.443
22,VD,5732,  Vich,Total,516,2.002,"3,880",586,0.809,"84,999","61,150",0.522,"60,468","49,650",0.483,"94,299","68,050",0.502,"66,074","54,867",0.453
22,VD,5741,  L'Abergement,Total,140,0.156,"1,117",149,0.79,"55,089","48,300",0.455,"38,768","33,900",0.424,"65,207","53,400",0.434,"44,806","39,807",0.386
22,VD,5742,  Agiez,Total,175,0.216,"1,235",285,0.77,"58,181","51,400",0.419,"45,047","41,400",0.414,"67,087","58,600",0.407,"50,365","45,400",0.376
22,VD,5743,  Arnex-sur-Orbe,Total,354,0.443,"1,252",207,0.831,"55,295","46,250",0.445,"39,351","37,112",0.399,"64,868","54,450",0.434,"45,107","42,767",0.364
22,VD,5744,  Ballaigues,Total,617,0.438,710,139,0.793,"46,125","40,300",0.44,"34,533","31,700",0.417,"54,643","46,400",0.422,"39,734","37,611",0.374
22,VD,5745,  Baulmes,Total,638,0.509,798,153,0.794,"48,604","42,600",0.438,"36,396","33,483",0.409,"57,018","47,900",0.424,"41,705","39,421",0.373
22,VD,5746,  Bavois,Total,541,0.457,845,252,0.75,"53,126","49,000",0.389,"40,096","39,056",0.368,"62,590","55,900",0.388,"45,801","45,077",0.333
22,VD,5747,  Bofflens,Total,114,0.115,"1,012",207,0.797,"52,467","45,050",0.444,"39,262","38,472",0.409,"60,602","51,350",0.436,"44,360","45,267",0.381
22,VD,5748,  Bretonnières,Total,146,0.12,819,168,0.783,"50,352","44,700",0.426,"36,916","34,150",0.415,"59,978","53,800",0.4,"42,694","41,914",0.366
22,VD,5749,  Chavornay,Total,"2,276",2.356,"1,035",196,0.803,"53,378","46,400",0.42,"40,360","36,789",0.403,"62,682","53,850",0.404,"45,965","43,250",0.361
22,VD,5750,  Les Clées,Total,105,0.142,"1,357",188,0.807,"56,356","45,000",0.471,"41,127","35,000",0.437,"64,948","52,600",0.446,"46,328","40,056",0.397
22,VD,5751,  Corcelles-sur-Chavornay,Total,204,0.209,"1,023",183,0.787,"52,245","47,400",0.459,"38,886","34,150",0.446,"61,025","53,800",0.441,"44,200","41,339",0.404
22,VD,5752,  Croy,Total,221,0.183,829,195,0.784,"46,967","44,600",0.466,"35,705","36,700",0.433,"54,507","48,200",0.45,"40,512","41,615",0.395
22,VD,5754,  Juriens,Total,202,0.179,885,203,0.785,"50,203","42,400",0.413,"39,812","34,550",0.394,"57,835","48,500",0.405,"44,627","40,574",0.360
22,VD,5755,  Lignerolle,Total,237,0.222,935,171,0.811,"50,951","43,400",0.422,"38,815","34,000",0.403,"59,032","51,500",0.411,"43,772","39,708",0.367
22,VD,5756,  Montcherand,Total,268,0.585,"2,182",224,0.869,"66,451","52,050",0.479,"47,406","39,412",0.448,"76,442","58,650",0.457,"53,318","45,427",0.406
22,VD,5757,  Orbe,Total,"3,761",3.35,891,174,0.799,"50,109","43,400",0.43,"38,000","34,800",0.404,"58,783","49,800",0.415,"43,366","40,467",0.364
22,VD,5758,  La Praz,Total,98,0.124,"1,267",196,0.847,"54,467","46,450",0.448,"41,783","34,128",0.427,"62,220","50,150",0.425,"46,785","41,600",0.387
22,VD,5759,  Premier,Total,132,0.102,775,105,0.822,"43,460","35,800",0.492,"33,335","28,000",0.456,"50,225","44,300",0.462,"37,926","33,490",0.415
22,VD,5760,  Rances,Total,240,0.369,"1,538",214,0.836,"60,827","48,950",0.437,"42,999","35,900",0.411,"71,465","58,700",0.417,"49,249","43,550",0.370
22,VD,5761,  Romainmôtier-Envy,Total,328,0.213,649,170,0.764,"46,794","43,600",0.398,"36,656","33,927",0.370,"54,471","49,450",0.389,"41,516","40,550",0.335
22,VD,5762,  Sergey,Total,88,0.082,936,121,0.807,"50,308","45,900",0.447,"39,234","32,911",0.454,"59,439","54,800",0.422,"44,908","40,771",0.410
22,VD,5763,  Valeyres-sous-Rances,Total,335,0.419,"1,249",221,0.81,"56,445","49,100",0.448,"40,264","36,200",0.405,"66,364","54,500",0.438,"46,164","44,500",0.372
22,VD,5764,  Vallorbe,Total,"2,110",1.464,694,120,0.833,"43,359","37,550",0.452,"33,478","30,183",0.430,"51,363","43,100",0.431,"38,544","35,800",0.384
22,VD,5765,  Vaulion,Total,294,0.145,495,111,0.787,"41,269","34,750",0.417,"32,646","29,383",0.403,"49,687","40,350",0.394,"37,924","34,500",0.354
22,VD,5766,  Vuiteboeuf,Total,299,0.253,847,130,0.822,"48,778","40,900",0.433,"36,835","31,400",0.417,"57,971","49,000",0.42,"42,291","38,700",0.373
22,VD,5782,  Carrouge (VD),Total,644,0.619,961,246,0.764,"55,161","51,550",0.405,"40,226","36,817",0.385,"65,466","58,900",0.397,"46,182","45,756",0.345
22,VD,5785,  Corcelles-le-Jorat,Total,261,0.411,"1,573",199,0.86,"55,690","45,200",0.487,"41,869","37,900",0.451,"63,653","50,700",0.467,"46,844","43,000",0.414
22,VD,5788,  Essertes,Total,175,0.261,"1,489",426,0.752,"63,801","58,400",0.409,"47,373","44,200",0.397,"74,111","65,300",0.386,"53,467","51,000",0.355
22,VD,5789,  Ferlens (VD),Total,204,0.303,"1,485",283,0.814,"59,064","49,850",0.451,"44,184","37,610",0.428,"67,997","55,750",0.437,"49,603","44,950",0.390
22,VD,5790,  Maracon,Total,257,0.277,"1,079",302,0.773,"55,172","49,600",0.439,"39,575","37,800",0.411,"65,106","56,900",0.425,"45,555","45,100",0.375
22,VD,5791,  Mézières (VD),Total,717,1.217,"1,697",240,0.83,"61,720","49,800",0.458,"46,648","39,900",0.435,"70,735","56,200",0.441,"52,160","45,000",0.398
22,VD,5792,  Montpreveyres,Total,335,0.444,"1,325",306,0.78,"59,491","51,300",0.426,"43,301","40,190",0.406,"69,992","59,100",0.411,"49,292","46,500",0.365
22,VD,5798,  Ropraz,Total,220,0.262,"1,190",191,0.815,"54,877","46,000",0.443,"40,764","36,048",0.421,"64,472","51,400",0.428,"46,504","41,683",0.383
22,VD,5799,  Servion,Total,"1,111",2.046,"1,842",292,0.812,"63,067","51,400",0.485,"45,637","39,600",0.453,"72,436","57,900",0.469,"51,265","46,286",0.418
22,VD,5803,  Vulliens,Total,282,0.294,"1,041",204,0.773,"52,927","46,550",0.444,"39,726","37,300",0.412,"61,906","50,700",0.433,"45,128","41,950",0.377
22,VD,5804,  Jorat-Menthue,Total,837,1.126,"1,345",217,0.804,"58,427","48,700",0.439,"42,860","38,800",0.403,"67,760","55,600",0.427,"48,465","44,400",0.369
22,VD,5805,  Oron,Total,"3,012",2.938,976,133,0.841,"48,860","40,500",0.471,"36,117","31,900",0.442,"57,876","47,350",0.451,"41,614","38,000",0.399
22,VD,5812,  Champtauroz,Total,66,0.044,674,170,0.77,"50,245","43,800",0.392,"35,959","34,735",0.392,"61,138","48,950",0.364,"42,198","39,914",0.334
22,VD,5813,  Chevroux,Total,252,0.219,871,135,0.811,"49,100","38,950",0.459,"35,218","31,850",0.423,"58,376","47,600",0.438,"40,775","37,817",0.382
22,VD,5816,  Corcelles-près-Payerne,Total,"1,213",1.024,844,173,0.804,"49,208","43,500",0.432,"37,139","35,000",0.403,"57,836","50,000",0.418,"42,418","40,733",0.364
22,VD,5817,  Grandcour,Total,487,0.447,917,179,0.801,"50,997","44,000",0.434,"37,654","35,000",0.401,"59,937","50,000",0.422,"42,976","40,875",0.363
22,VD,5819,  Henniez,Total,183,0.198,"1,084",158,0.875,"48,445","42,400",0.442,"39,344","31,900",0.452,"56,934","46,500",0.415,"44,425","38,200",0.403
22,VD,5821,  Missy,Total,195,0.118,606,166,0.739,"47,762","43,200",0.374,"36,498","34,300",0.362,"56,415","52,500",0.362,"41,749","39,600",0.321
22,VD,5822,  Payerne,Total,"5,119",3.874,757,113,0.842,"44,590","38,300",0.451,"33,970","29,467",0.431,"52,834","45,000",0.429,"39,088","35,500",0.385
22,VD,5827,  Trey,Total,145,0.098,674,107,0.805,"45,816","39,800",0.418,"34,596","28,125",0.411,"55,095","50,500",0.409,"39,944","37,700",0.366
22,VD,5828,  Treytorrens (Payerne),Total,70,0.032,463,147,0.718,"45,206","40,700",0.35,"35,631","33,367",0.356,"53,889","48,750",0.337,"40,853","38,625",0.307
22,VD,5830,  Villarzel,Total,260,0.242,930,140,0.848,"47,313","38,550",0.459,"36,101","32,578",0.427,"55,151","45,500",0.434,"41,101","36,500",0.385
22,VD,5831,  Valbroye,Total,"1,663",1.41,848,156,0.828,"48,667","42,400",0.427,"36,356","33,462",0.399,"57,590","48,700",0.417,"41,741","39,333",0.360
22,VD,5841,  Château-d'Oex,Total,"2,468",2.342,949,130,0.846,"38,616","27,700",0.545,"29,404","22,500",0.530,"45,622","32,800",0.513,"33,773","27,512",0.481
22,VD,5842,  Rossinière,Total,337,0.204,604,123,0.793,"42,079","36,100",0.442,"31,877","29,056",0.430,"50,660","44,300",0.417,"37,111","34,067",0.382
22,VD,5843,  Rougemont,Total,781,2.478,"3,173",316,0.854,"57,616","29,000",0.628,"45,764","24,300",0.637,"63,630","34,300",0.592,"49,611","27,800",0.597
22,VD,5851,  Allaman,Total,238,0.856,"3,598",464,0.842,"78,724","54,200",0.548,"57,845","45,211",0.507,"86,307","60,150",0.526,"62,600","51,900",0.477
22,VD,5852,  Bursinel,Total,254,1.633,"6,429",397,0.84,"103,080","54,150",0.603,"72,604","41,539",0.588,"113,372","63,650",0.572,"78,613","48,139",0.550
22,VD,5853,  Bursins,Total,426,1.446,"3,394",520,0.802,"80,834","60,650",0.502,"58,939","48,200",0.479,"90,265","69,850",0.48,"64,614","53,227",0.445
22,VD,5854,  Burtigny,Total,184,0.342,"1,859",169,0.868,"59,788","44,100",0.505,"42,647","34,100",0.473,"70,616","52,700",0.471,"48,889","40,200",0.425
22,VD,5855,  Dully,Total,345,4.33,"12,551",912,0.864,"157,494","69,600",0.688,"104,121","53,000",0.662,"167,452","82,600",0.665,"109,888","58,952",0.634
22,VD,5856,  Essertines-sur-Rolle,Total,354,1.242,"3,508",360,0.83,"79,184","57,500",0.542,"55,728","41,140",0.533,"90,423","68,300",0.515,"62,043","48,531",0.492
22,VD,5857,  Gilly,Total,609,2.509,"4,120",581,0.809,"87,673","62,200",0.525,"59,676","47,462",0.474,"97,706","69,100",0.506,"65,602","54,688",0.445
22,VD,5858,  Luins,Total,337,1.346,"3,993",596,0.801,"87,242","60,000",0.512,"64,730","46,700",0.496,"96,468","67,800",0.49,"70,219","52,200",0.464
22,VD,5859,  Mont-sur-Rolle,Total,"1,427",5.788,"4,056",429,0.847,"83,484","55,700",0.56,"58,140","42,111",0.534,"93,646","65,500",0.535,"64,131","48,579",0.497
22,VD,5860,  Perroy,Total,801,3.697,"4,615",506,0.852,"88,976","56,400",0.556,"63,168","44,700",0.521,"98,192","63,700",0.53,"68,691","51,100",0.486
22,VD,5861,  Rolle,Total,"3,246",9.927,"3,058",292,0.848,"72,575","48,750",0.539,"52,513","39,021",0.509,"81,614","56,750",0.513,"58,020","45,121",0.472
22,VD,5862,  Tartegnin,Total,130,0.52,"3,997",228,0.864,"82,793","50,250",0.56,"57,373","37,900",0.514,"92,411","59,450",0.528,"63,214","44,020",0.474
22,VD,5863,  Vinzel,Total,196,1.064,"5,431",801,0.853,"98,027","67,450",0.589,"66,747","46,500",0.561,"108,615","72,500",0.565,"72,910","58,214",0.526
22,VD,5871,  L'Abbaye,Total,923,1.213,"1,314",163,0.849,"51,686","40,700",0.501,"39,808","32,700",0.482,"59,707","46,500",0.479,"44,803","37,900",0.443
22,VD,5872,  Le Chenit,Total,"2,725",2.607,957,188,0.815,"50,001","43,500",0.438,"38,098","35,889",0.406,"58,040","49,600",0.426,"43,146","41,500",0.371
22,VD,5873,  Le Lieu,Total,546,0.743,"1,361",173,0.852,"53,867","42,950",0.476,"40,735","35,002",0.447,"61,760","49,850",0.458,"45,736","39,888",0.411
22,VD,5881,  Blonay,Total,"3,552",13.938,"3,924",469,0.833,"82,436","55,500",0.552,"56,462","43,805",0.508,"91,706","62,750",0.531,"61,994","49,856",0.477
22,VD,5882,  Chardonne,Total,"1,922",5.599,"2,913",418,0.821,"70,024","50,000",0.544,"52,530","41,873",0.518,"77,578","56,300",0.522,"57,307","47,400",0.485
22,VD,5883,  Corseaux,Total,"1,394",6.265,"4,494",523,0.836,"86,654","56,900",0.565,"63,880","45,878",0.533,"94,278","62,900",0.543,"68,694","51,183",0.503
22,VD,5884,  Corsier-sur-Vevey,Total,"2,109",2.647,"1,255",182,0.834,"51,757","41,500",0.476,"39,166","34,100",0.443,"59,795","47,400",0.455,"44,163","39,400",0.404
22,VD,5885,  Jongny,Total,868,3.002,"3,459",600,0.805,"81,159","60,750",0.513,"57,153","44,846",0.485,"90,820","68,500",0.493,"62,895","52,071",0.453
22,VD,5886,  Montreux,Total,"16,215",30.933,"1,908",173,0.87,"52,191","35,700",0.567,"40,436","28,800",0.550,"58,953","41,100",0.534,"44,819","33,933",0.506
22,VD,5888,  Saint-Légier-La Chiésaz,Total,"2,856",14.103,"4,938",523,0.843,"91,714","57,400",0.582,"60,334","45,215",0.533,"101,773","64,850",0.559,"66,204","51,000",0.501
22,VD,5889,  La Tour-de-Peilz,Total,"6,990",17.074,"2,443",239,0.861,"65,293","46,600",0.528,"48,383","38,500",0.486,"73,177","52,500",0.506,"53,345","43,902",0.451
22,VD,5890,  Vevey,Total,"11,624",14.798,"1,273",133,0.865,"49,402","38,600",0.5,"38,850","31,267",0.479,"56,775","44,700",0.471,"43,577","36,766",0.434
22,VD,5891,  Veytaux,Total,636,1.092,"1,716",210,0.844,"54,008","39,300",0.526,"43,398","34,100",0.507,"60,113","44,650",0.503,"47,522","39,400",0.473
22,VD,5902,  Belmont-sur-Yverdon,Total,203,0.224,"1,105",185,0.776,"55,625","48,600",0.446,"39,969","37,000",0.417,"65,505","57,800",0.431,"45,905","44,533",0.378
22,VD,5903,  Bioley-Magnoux,Total,118,0.104,883,252,0.758,"52,387","49,250",0.38,"39,275","36,650",0.356,"60,652","55,450",0.368,"44,396","42,725",0.321
22,VD,5904,  Chamblon,Total,366,0.953,"2,603",349,0.85,"68,340","50,200",0.538,"49,210","41,750",0.492,"76,585","54,200",0.523,"54,391","46,926",0.462
22,VD,5905,  Champvent,Total,318,0.421,"1,323",152,0.846,"56,590","48,200",0.44,"41,075","33,757",0.425,"67,037","58,100",0.421,"47,199","41,644",0.381
22,VD,5907,  Chavannes-le-Chêne,Total,175,0.188,"1,073",180,0.808,"53,231","43,000",0.426,"41,209","36,700",0.394,"61,017","47,600",0.418,"46,073","41,308",0.364
22,VD,5908,  Chêne-Pâquier,Total,73,0.085,"1,166",140,0.822,"52,867","38,500",0.494,"38,003","31,000",0.480,"61,986","52,000",0.476,"43,243","37,000",0.438
22,VD,5909,  Cheseaux-Noréaz,Total,359,1.306,"3,638",665,0.797,"85,790","69,200",0.505,"57,572","48,400",0.466,"96,475","78,000",0.489,"63,781","55,381",0.438
22,VD,5910,  Cronay,Total,224,0.349,"1,557",199,0.851,"58,049","47,700",0.468,"43,074","36,138",0.434,"66,789","54,550",0.452,"48,540","42,933",0.399
22,VD,5911,  Cuarny,Total,130,0.216,"1,660",295,0.843,"61,320","48,600",0.415,"46,792","41,333",0.382,"69,723","55,650",0.405,"52,109","46,300",0.350
22,VD,5912,  Démoret,Total,85,0.051,604,179,0.709,"46,266","39,800",0.409,"36,606","35,900",0.371,"53,298","44,900",0.399,"41,252","41,000",0.341
22,VD,5913,  Donneloye,Total,452,0.657,"1,453",163,0.865,"54,668","42,750",0.493,"40,334","34,150",0.467,"63,956","49,900",0.469,"45,923","39,500",0.424
22,VD,5914,  Ependes (VD),Total,214,0.176,821,142,0.825,"48,006","41,700",0.431,"36,870","34,017",0.397,"56,250","47,250",0.419,"42,008","40,879",0.360
22,VD,5915,  Essert-Pittet,Total,88,0.076,861,200,0.749,"51,290","45,150",0.419,"38,683","38,050",0.384,"60,007","51,900",0.407,"43,785","40,800",0.344
22,VD,5919,  Mathod,Total,324,0.296,915,210,0.787,"52,410","46,700",0.422,"38,701","36,926",0.397,"62,180","51,650",0.411,"44,519","43,683",0.357
22,VD,5921,  Molondin,Total,138,0.08,578,142,0.758,"45,314","39,000",0.405,"35,211","31,600",0.375,"52,635","45,850",0.391,"39,963","36,885",0.342
22,VD,5922,  Montagny-près-Yverdon,Total,429,0.614,"1,432",236,0.806,"58,964","48,100",0.456,"43,086","38,700",0.415,"68,073","52,000",0.441,"48,604","45,200",0.381
22,VD,5923,  Oppens,Total,86,0.078,907,250,0.731,"58,305","52,500",0.379,"43,438","35,100",0.358,"67,984","58,200",0.368,"49,392","44,658",0.325
22,VD,5924,  Orges,Total,165,0.268,"1,624",176,0.851,"57,783","49,000",0.48,"45,155","34,200",0.468,"66,162","54,000",0.461,"50,357","43,563",0.432
22,VD,5925,  Orzens,Total,127,0.119,935,146,0.806,"48,470","38,400",0.471,"37,050","31,867",0.462,"56,854","49,500",0.435,"42,346","36,048",0.410
22,VD,5926,  Pomy,Total,389,0.57,"1,466",257,0.812,"60,632","51,400",0.446,"42,343","37,800",0.415,"71,641","59,000",0.433,"48,772","45,333",0.378
22,VD,5928,  Rovray,Total,97,0.069,708,155,0.732,"50,643","43,400",0.402,"36,918","32,056",0.375,"60,430","49,400",0.401,"42,753","39,400",0.345
22,VD,5929,  Suchy,Total,282,0.536,"1,899",359,0.824,"66,782","55,150",0.431,"47,093","42,550",0.391,"77,635","61,900",0.419,"53,402","48,700",0.354
22,VD,5930,  Suscévaz,Total,109,0.112,"1,030",240,0.767,"56,674","50,500",0.378,"42,188","37,208",0.355,"65,515","57,500",0.37,"47,561","44,200",0.322
22,VD,5931,  Treycovagnes,Total,274,0.344,"1,256",193,0.802,"57,512","46,350",0.443,"41,181","37,562",0.399,"67,021","52,700",0.435,"46,946","43,344",0.370
22,VD,5932,  Ursins,Total,121,0.267,"2,207",287,0.835,"65,696","49,500",0.498,"46,719","35,800",0.467,"75,258","59,500",0.478,"52,542","45,700",0.432
22,VD,5933,  Valeyres-sous-Montagny,Total,379,0.541,"1,426",255,0.81,"59,166","49,700",0.444,"43,222","39,278",0.415,"68,610","57,500",0.431,"48,992","44,800",0.381
22,VD,5934,  Valeyres-sous-Ursins,Total,128,0.144,"1,122",386,0.704,"61,043","59,000",0.375,"43,424","41,190",0.376,"72,216","71,050",0.365,"49,715","48,133",0.334
22,VD,5935,  Villars-Epeney,Total,60,0.35,"5,831",143,0.917,"89,097","44,550",0.71,"52,458","30,593",0.632,"97,122","49,650",0.689,"57,453","35,805",0.601
22,VD,5937,  Vugelles-La Mothe,Total,71,0.048,680,127,0.798,"46,962","36,400",0.426,"32,277","28,786",0.376,"58,224","45,800",0.422,"38,618","36,100",0.342
22,VD,5938,  Yverdon-les-Bains,Total,"16,838",13.37,794,136,0.829,"45,647","39,800",0.448,"35,511","31,533",0.429,"53,591","45,700",0.427,"40,523","37,529",0.384
22,VD,5939,  Yvonand,Total,"1,853",1.691,912,180,0.804,"50,154","42,600",0.446,"37,476","35,500",0.413,"58,678","48,500",0.434,"42,727","40,800",0.376
23,VS,6002,  Brig-Glis,Total,"8,561",8.062,942,173,0.823,"47,896","42,800",0.47,"36,834","34,077",0.446,"54,786","47,700",0.465,"41,057","39,700",0.421
23,VS,6004,  Eggerberg,Total,238,0.09,376,109,0.75,"38,921","37,700",0.439,"29,102","28,800",0.419,"46,234","44,100",0.442,"33,597","34,083",0.396
23,VS,6007,  Naters,Total,"6,577",4.57,695,172,0.795,"44,656","42,100",0.441,"34,551","33,533",0.421,"51,559","47,100",0.439,"38,791","39,067",0.397
23,VS,6008,  Ried-Brig,Total,"1,279",1.177,920,182,0.82,"48,681","44,900",0.472,"35,198","34,067",0.445,"56,935","50,700",0.472,"39,980","39,900",0.420
23,VS,6009,  Simplon,Total,258,0.147,570,100,0.82,"37,684","32,900",0.52,"29,309","27,222",0.494,"43,750","36,600",0.521,"33,147","31,500",0.478
23,VS,6010,  Termen,Total,578,0.649,"1,123",172,0.865,"48,853","41,000",0.494,"34,697","33,300",0.444,"56,847","46,000",0.495,"39,260","38,800",0.423
23,VS,6011,  Zwischbergen,Total,71,0.026,365,91,0.705,"35,139","32,000",0.466,"30,326","27,571",0.453,"38,869","35,000",0.462,"33,026","31,300",0.435
23,VS,6021,  Ardon,Total,"1,753",1.205,687,91,0.854,"42,579","37,800",0.472,"31,396","28,500",0.453,"51,460","44,400",0.462,"36,615","35,375",0.416
23,VS,6022,  Chamoson,Total,"2,377",1.812,762,106,0.852,"41,430","34,700",0.504,"31,605","26,733",0.487,"48,686","40,800",0.494,"36,013","32,700",0.456
23,VS,6023,  Conthey,Total,"5,325",3.838,721,120,0.836,"43,281","38,700",0.469,"32,847","29,900",0.447,"50,826","44,300",0.464,"37,357","35,762",0.420
23,VS,6024,  Nendaz,Total,"6,024",3.888,645,101,0.854,"31,700","18,000",0.612,"24,439","15,900",0.598,"37,031","20,300",0.596,"27,701","18,800",0.569
23,VS,6025,  Vétroz,Total,"3,423",2.579,753,121,0.822,"45,435","39,800",0.469,"33,230","30,100",0.445,"54,123","46,300",0.463,"38,311","36,810",0.416
23,VS,6031,  Bagnes,Total,"7,954",23.144,"2,910",239,0.892,"51,028","23,000",0.695,"38,924","19,367",0.675,"55,802","25,900",0.676,"41,855","22,400",0.651
23,VS,6032,  Bourg-Saint-Pierre,Total,132,0.056,427,90,0.809,"34,559","29,350",0.475,"28,079","25,817",0.451,"39,533","32,450",0.472,"31,345","30,105",0.427
23,VS,6033,  Liddes,Total,510,0.198,387,97,0.776,"37,353","34,250",0.435,"29,789","26,528",0.432,"44,216","40,450",0.431,"33,914","31,838",0.398
23,VS,6034,  Orsières,Total,"2,204",1.761,799,109,0.88,"39,016","32,100",0.534,"28,857","24,751",0.516,"46,286","36,900",0.523,"33,134","30,529",0.482
23,VS,6035,  Sembrancher,Total,645,0.212,329,90,0.775,"35,151","34,000",0.448,"27,871","27,231",0.432,"41,566","37,900",0.445,"31,830","32,900",0.401
23,VS,6036,  Vollèges,Total,"1,135",0.762,672,103,0.847,"41,908","36,600",0.474,"30,852","27,400",0.453,"50,680","42,700",0.464,"35,896","34,000",0.415
23,VS,6052,  Bellwald,Total,593,0.161,272,71,0.789,"20,248","5,700",0.658,"15,532","4,667",0.650,"24,335","8,000",0.636,"18,074","5,700",0.617
23,VS,6054,  Binn,Total,105,0.035,337,115,0.727,"35,332","35,200",0.452,"28,615","27,333",0.463,"41,325","40,200",0.45,"32,216","32,700",0.433
23,VS,6055,  Blitzingen,Total,128,0.218,"1,701",31,0.96,"31,289","4,500",0.811,"24,687","3,733",0.795,"33,914","5,950",0.785,"26,531","4,833",0.770
23,VS,6056,  Ernen,Total,559,0.158,282,57,0.784,"25,771","10,600",0.595,"20,574","10,200",0.589,"30,260","12,400",0.581,"23,452","12,000",0.561
23,VS,6057,  Fiesch,Total,853,0.378,443,85,0.814,"31,625","23,300",0.554,"24,813","20,300",0.542,"37,070","27,200",0.541,"28,276","23,300",0.514
23,VS,6058,  Fieschertal,Total,241,0.1,414,79,0.813,"33,850","28,600",0.51,"25,876","24,000",0.497,"40,610","32,500",0.511,"29,981","28,375",0.474
23,VS,6061,  Lax,Total,297,0.09,301,57,0.817,"25,177","10,000",0.606,"18,661","9,417",0.583,"30,662","11,600",0.597,"21,916","11,600",0.557
23,VS,6064,  Niederwald,Total,38,0.011,293,93,0.787,"31,039","26,650",0.514,"23,742","25,700",0.458,"36,468","31,400",0.525,"27,199","27,811",0.452
23,VS,6073,  Grafschaft,Total,156,0.056,356,50,0.833,"32,080","29,600",0.488,"25,145","20,886",0.483,"37,483","35,000",0.479,"28,618","27,333",0.455
23,VS,6074,  Münster-Geschinen,Total,375,0.165,440,68,0.831,"33,642","25,600",0.527,"26,487","23,000",0.508,"39,258","30,400",0.526,"30,026","26,300",0.488
23,VS,6075,  Reckingen-Gluringen,Total,353,0.143,404,58,0.839,"32,084","27,400",0.526,"25,146","22,700",0.512,"37,974","32,000",0.514,"28,812","27,933",0.480
23,VS,6076,  Obergoms,Total,487,0.181,371,80,0.791,"34,247","29,900",0.504,"26,649","24,000",0.495,"40,645","32,800",0.501,"30,514","29,200",0.470
23,VS,6081,  Les Agettes,Total,343,0.174,506,115,0.8,"30,865","21,600",0.567,"24,739","19,267",0.551,"35,657","24,500",0.554,"27,836","23,400",0.524
23,VS,6082,  Ayent,Total,"3,433",2.451,714,123,0.845,"34,750","24,500",0.585,"26,508","20,700",0.570,"40,586","28,000",0.573,"30,081","25,333",0.543
23,VS,6083,  Evolène,Total,"1,520",0.988,650,82,0.867,"32,802","21,800",0.588,"25,539","19,033",0.570,"38,376","25,250",0.572,"29,048","22,950",0.539
23,VS,6084,  Hérémence,Total,"1,285",1.078,839,142,0.849,"37,014","26,200",0.568,"28,318","23,600",0.537,"42,205","29,300",0.56,"31,636","27,300",0.516
23,VS,6087,  Saint-Martin (VS),Total,666,0.277,416,81,0.801,"35,523","32,300",0.499,"27,253","25,367",0.479,"41,753","36,400",0.497,"31,046","30,933",0.454
23,VS,6089,  Vex,Total,"1,989",1.137,572,109,0.826,"27,883","8,700",0.651,"20,889","6,800",0.634,"33,018","10,700",0.633,"23,982","8,300",0.604
23,VS,6090,  Mont-Noble,Total,897,0.538,600,104,0.805,"36,351","27,900",0.541,"29,333","23,700",0.528,"41,153","32,000",0.528,"32,444","27,458",0.503
23,VS,6101,  Agarn,Total,494,0.193,391,103,0.768,"39,593","38,200",0.428,"29,687","28,652",0.403,"47,000","43,650",0.434,"34,133","34,950",0.377
23,VS,6102,  Albinen,Total,258,0.057,221,45,0.824,"23,438","17,050",0.573,"19,116","15,350",0.565,"27,698","19,400",0.564,"21,881","19,300",0.537
23,VS,6104,  Ergisch,Total,156,0.062,400,45,0.813,"32,720","20,750",0.546,"25,118","20,150",0.514,"38,124","24,100",0.537,"28,613","22,850",0.491
23,VS,6109,  Inden,Total,100,0.037,368,81,0.789,"30,505","24,250",0.541,"25,153","18,898",0.533,"35,109","30,800",0.529,"28,113","22,459",0.513
23,VS,6110,  Leuk,Total,"2,631",1.249,475,129,0.771,"40,574","38,700",0.436,"31,376","30,700",0.420,"47,577","44,300",0.438,"35,644","36,100",0.395
23,VS,6111,  Leukerbad,Total,"1,555",0.634,408,36,0.883,"23,727","6,100",0.671,"17,910","5,400",0.655,"28,552","8,300",0.649,"20,897","6,300",0.622
23,VS,6112,  Oberems,Total,113,0.024,212,0,0.803,"25,596","15,800",0.577,"20,221","15,500",0.566,"30,814","20,300",0.55,"23,518","18,400",0.526
23,VS,6113,  Salgesch,Total,904,1.431,"1,583",121,0.914,"51,934","38,600",0.533,"38,577","29,800",0.507,"59,968","44,500",0.519,"43,362","35,750",0.475
23,VS,6116,  Varen,Total,445,0.186,418,117,0.772,"37,814","36,700",0.449,"29,321","28,944",0.428,"44,309","41,800",0.454,"33,299","34,600",0.406
23,VS,6117,  Guttet-Feschel,Total,310,0.118,380,82,0.785,"34,912","31,550",0.477,"26,652","24,117",0.464,"41,397","35,800",0.476,"30,560","29,042",0.438
23,VS,6118,  Gampel-Bratsch,Total,"1,253",0.617,492,134,0.753,"41,997","40,600",0.432,"32,162","30,733",0.415,"49,069","46,600",0.433,"36,503","36,500",0.391
23,VS,6119,  Turtmann-Unterems,Total,759,0.31,408,104,0.775,"38,067","35,800",0.456,"29,021","28,400",0.436,"45,136","40,900",0.456,"33,277","33,500",0.410
23,VS,6131,  Bovernier,Total,553,0.273,494,101,0.818,"39,048","36,700",0.444,"30,088","28,600",0.425,"46,048","40,800",0.444,"34,380","34,700",0.396
23,VS,6132,  Charrat,Total,970,0.491,506,89,0.829,"40,465","37,000",0.44,"30,509","27,444",0.424,"49,091","42,800",0.437,"35,613","34,567",0.390
23,VS,6133,  Fully,Total,"5,147",3.88,754,124,0.838,"44,613","39,100",0.461,"33,424","30,500",0.434,"52,758","44,600",0.458,"38,225","36,619",0.405
23,VS,6134,  Isérables,Total,652,0.224,344,110,0.739,"35,902","35,350",0.421,"29,118","27,750",0.406,"42,034","38,700",0.429,"32,955","32,750",0.383
23,VS,6135,  Leytron,Total,"2,231",1.4,627,109,0.825,"39,037","33,500",0.516,"29,835","26,600",0.497,"45,731","38,200",0.506,"33,974","32,000",0.468
23,VS,6136,  Martigny,Total,"11,189",11.716,"1,047",139,0.866,"46,754","39,500",0.484,"36,759","31,714",0.466,"53,587","44,400",0.477,"40,954","37,400",0.439
23,VS,6137,  Martigny-Combe,Total,"1,521",1.385,911,148,0.845,"46,259","40,000",0.461,"36,221","32,000",0.440,"53,389","45,400",0.453,"40,557","37,467",0.409
23,VS,6139,  Riddes,Total,"2,304",1.452,630,104,0.846,"34,432","24,250",0.57,"25,877","20,483",0.552,"40,657","27,400",0.559,"29,634","24,950",0.523
23,VS,6140,  Saillon,Total,"1,521",1.078,709,120,0.83,"42,999","36,700",0.484,"31,938","28,900",0.464,"51,262","42,700",0.476,"36,797","35,100",0.432
23,VS,6141,  Saxon,Total,"3,364",1.53,455,87,0.821,"37,983","35,300",0.452,"29,559","27,100",0.442,"45,586","41,150",0.446,"34,122","33,357",0.407
23,VS,6142,  Trient,Total,144,0.083,579,39,0.849,"33,339","22,850",0.609,"24,939","19,250",0.574,"38,941","25,350",0.59,"28,345","23,831",0.546
23,VS,6151,  Champéry,Total,"1,364",1.705,"1,250",140,0.877,"36,518","17,100",0.647,"29,277","15,048",0.642,"40,982","19,800",0.625,"32,112","17,117",0.613
23,VS,6152,  Collombey-Muraz,Total,"5,098",3.55,696,131,0.817,"45,292","41,400",0.445,"33,798","31,387",0.429,"53,903","47,800",0.438,"38,840","38,000",0.395
23,VS,6153,  Monthey,Total,"11,448",9.397,821,139,0.84,"44,583","39,400",0.468,"34,820","31,600",0.448,"51,340","44,200",0.463,"38,960","37,100",0.422
23,VS,6154,  Port-Valais,Total,"2,327",2.026,871,150,0.833,"44,653","38,100",0.484,"34,242","30,143",0.471,"51,784","44,100",0.477,"38,523","35,800",0.443
23,VS,6155,  Saint-Gingolph,Total,782,0.469,600,75,0.85,"34,042","25,050",0.579,"26,838","20,628",0.562,"39,039","28,400",0.569,"29,949","25,450",0.539
23,VS,6156,  Troistorrents,Total,"3,269",2.793,854,146,0.83,"42,378","36,300",0.521,"32,421","27,905",0.511,"49,281","41,100",0.509,"36,557","33,900",0.479
23,VS,6157,  Val-d'Illiez,Total,"1,662",1.029,619,147,0.803,"33,922","24,800",0.557,"26,498","20,113",0.549,"39,286","28,700",0.542,"29,834","24,950",0.519
23,VS,6158,  Vionnaz,Total,"1,800",1.228,682,127,0.814,"41,286","36,700",0.506,"31,243","28,283",0.486,"48,383","41,750",0.497,"35,519","34,000",0.456
23,VS,6159,  Vouvry,Total,"2,471",2.237,905,120,0.865,"45,361","38,600",0.482,"34,229","29,769",0.461,"53,069","44,300",0.473,"38,833","36,300",0.430
23,VS,6172,  Bister,Total,36,0.012,321,120,0.677,"30,961","28,450",0.514,"26,771","28,450",0.497,"34,442","30,550",0.499,"29,218","30,550",0.478
23,VS,6173,  Bitsch,Total,625,0.315,504,121,0.782,"39,761","37,000",0.471,"30,584","29,810",0.446,"46,431","40,700",0.469,"34,649","35,600",0.421
23,VS,6177,  Grengiols,Total,338,0.083,244,35,0.786,"30,220","24,900",0.522,"22,500","20,014",0.504,"36,996","27,850",0.519,"26,401","24,950",0.474
23,VS,6181,  Riederalp,Total,593,0.321,541,58,0.883,"25,579","7,200",0.669,"19,015","5,733",0.666,"30,615","9,600",0.641,"22,065","7,200",0.628
23,VS,6191,  Ausserberg,Total,424,0.231,545,107,0.795,"40,785","34,700",0.48,"29,572","28,050",0.439,"48,070","40,800",0.484,"33,891","31,767",0.422
23,VS,6192,  Blatten,Total,226,0.071,314,102,0.726,"34,478","31,750",0.469,"27,427","26,100",0.457,"40,269","36,250",0.47,"31,057","32,550",0.434
23,VS,6193,  Bürchen,Total,674,0.23,342,93,0.768,"31,117","24,600",0.546,"23,945","21,917",0.528,"36,605","28,150",0.542,"27,332","25,150",0.505
23,VS,6194,  Eischoll,Total,355,0.238,672,85,0.876,"36,671","30,700",0.539,"28,241","24,500",0.533,"42,589","35,900",0.527,"31,892","29,250",0.503
23,VS,6195,  Ferden,Total,196,0.079,404,90,0.772,"35,261","34,800",0.498,"28,128","25,858",0.492,"40,881","38,500",0.495,"31,675","32,517",0.468
23,VS,6197,  Kippel,Total,271,0.093,344,110,0.723,"36,844","37,000",0.434,"29,122","27,200",0.428,"43,406","41,100",0.435,"33,231","33,375",0.402
23,VS,6198,  Niedergesteln,Total,412,0.315,764,197,0.777,"49,363","46,200",0.407,"36,408","34,867",0.381,"57,624","53,550",0.41,"41,354","41,438",0.358
23,VS,6199,  Raron,Total,"1,160",0.982,847,156,0.83,"47,219","43,500",0.456,"34,643","32,148",0.438,"55,298","50,650",0.451,"39,407","38,343",0.407
23,VS,6201,  Unterbäch,Total,375,0.254,676,103,0.854,"34,959","26,200",0.579,"26,187","20,500",0.558,"40,479","30,400",0.566,"29,651","26,048",0.531
23,VS,6202,  Wiler (Lötschen),Total,460,0.184,399,86,0.787,"33,460","29,650",0.526,"25,024","22,383",0.512,"40,292","31,400",0.525,"28,922","27,629",0.484
23,VS,6203,  Mörel-Filet,Total,563,0.194,344,73,0.806,"31,312","27,200",0.531,"23,871","21,800",0.507,"37,316","32,200",0.524,"27,572","27,400",0.481
23,VS,6204,  Steg-Hohtenn,Total,"1,051",0.604,575,146,0.777,"43,299","40,800",0.43,"33,610","32,600",0.404,"49,781","46,300",0.435,"37,632","38,000",0.385
23,VS,6205,  Bettmeralp,Total,561,0.201,359,97,0.781,"25,776","11,100",0.598,"20,533","9,467",0.587,"30,258","13,000",0.586,"23,342","11,100",0.562
23,VS,6211,  Collonges,Total,465,0.24,516,138,0.787,"41,270","38,300",0.412,"32,756","31,000",0.398,"48,404","42,800",0.41,"37,153","36,700",0.368
23,VS,6212,  Dorénaz,Total,568,0.329,579,73,0.86,"38,674","33,950",0.473,"29,514","26,000",0.453,"45,640","38,700",0.469,"33,634","32,085",0.423
23,VS,6213,  Evionnaz,Total,797,0.419,525,154,0.724,"44,211","43,500",0.411,"34,526","33,600",0.398,"51,558","48,500",0.413,"38,942","39,800",0.372
23,VS,6214,  Finhaut,Total,416,0.259,622,36,0.851,"32,641","13,600",0.628,"25,656","11,850",0.628,"37,388","15,650",0.614,"28,578","14,800",0.601
23,VS,6215,  Massongex,Total,"1,114",0.666,598,131,0.807,"42,998","39,650",0.447,"32,158","30,967",0.425,"51,257","44,800",0.448,"37,001","37,700",0.397
23,VS,6217,  Saint-Maurice,Total,"2,828",1.459,516,73,0.842,"38,187","34,050",0.482,"28,953","26,357",0.462,"45,520","38,700",0.477,"33,293","32,254",0.430
23,VS,6218,  Salvan,Total,"1,134",0.501,441,107,0.779,"34,280","30,250",0.522,"27,696","24,650",0.516,"39,691","34,150",0.515,"31,086","30,167",0.489
23,VS,6219,  Vernayaz,Total,"1,133",0.506,447,82,0.812,"38,688","35,600",0.458,"29,300","27,500",0.440,"46,141","40,400",0.458,"33,737","33,333",0.412
23,VS,6220,  Vérossaz,Total,421,0.273,648,175,0.76,"47,538","47,000",0.409,"35,199","33,900",0.394,"56,459","52,200",0.411,"40,330","41,000",0.363
23,VS,6232,  Chalais,Total,"2,540",1.671,658,94,0.856,"37,495","30,800",0.538,"28,256","24,750",0.519,"44,288","35,100",0.53,"32,328","30,050",0.491
23,VS,6234,  Chermignon,Total,"2,711",5.823,"2,148",144,0.894,"48,656","24,800",0.658,"37,004","21,200",0.648,"54,400","28,000",0.638,"40,487","24,800",0.621
23,VS,6235,  Chippis,Total,984,0.465,473,77,0.837,"37,801","34,450",0.466,"28,475","26,873",0.446,"45,664","40,200",0.458,"33,154","33,100",0.412
23,VS,6238,  Grône,Total,"1,573",0.771,490,103,0.809,"38,475","35,200",0.472,"29,128","27,952",0.444,"45,434","40,200",0.472,"33,366","34,048",0.420
23,VS,6239,  Icogne,Total,561,0.663,"1,182",205,0.854,"38,096","20,100",0.624,"29,625","16,000",0.614,"43,263","22,400",0.609,"32,837","20,600",0.590
23,VS,6240,  Lens,Total,"4,005",9.718,"2,426",168,0.899,"48,941","18,800",0.698,"39,094","15,308",0.700,"53,733","21,800",0.675,"42,060","18,333",0.672
23,VS,6241,  Miège,Total,812,0.709,873,111,0.853,"45,752","39,850",0.492,"32,991","29,289",0.466,"54,764","45,000",0.485,"38,143","36,800",0.435
23,VS,6242,  Mollens (VS),Total,873,0.581,666,122,0.823,"33,736","19,400",0.599,"25,522","16,700",0.581,"39,396","22,600",0.587,"28,934","20,500",0.553
23,VS,6243,  Montana,Total,"2,403",3.649,"1,518",159,0.879,"40,415","16,800",0.662,"31,308","14,600",0.649,"45,139","18,700",0.644,"34,264","16,933",0.624
23,VS,6244,  Randogne,Total,"3,560",4.834,"1,358",136,0.882,"35,080","9,050",0.703,"27,361","7,400",0.694,"39,228","11,000",0.682,"29,997","8,767",0.668
23,VS,6246,  Saint-Léonard,Total,"1,388",1.105,796,156,0.825,"46,060","42,100",0.462,"34,229","32,215",0.440,"54,389","47,900",0.455,"39,180","39,033",0.409
23,VS,6248,  Sierre,Total,"10,918",7.59,695,111,0.838,"41,565","36,300",0.483,"32,342","29,024",0.461,"48,218","41,200",0.476,"36,401","34,429",0.434
23,VS,6249,  Venthône,Total,853,1.424,"1,669",149,0.874,"53,024","38,800",0.564,"39,181","30,500",0.534,"60,060","43,300",0.553,"43,365","36,533",0.510
23,VS,6250,  Veyras,Total,"1,119",1.411,"1,261",159,0.855,"51,562","41,900",0.502,"37,504","33,000",0.471,"59,935","47,000",0.493,"42,427","39,095",0.443
23,VS,6252,  Anniviers,Total,"3,286",2.097,638,123,0.841,"26,686","7,000",0.675,"20,053","5,533",0.663,"31,519","9,100",0.651,"22,981","6,883",0.630
23,VS,6261,  Arbaz,Total,937,0.913,974,122,0.865,"41,103","29,500",0.559,"31,868","25,400",0.543,"47,259","33,900",0.547,"35,631","29,700",0.517
23,VS,6263,  Grimisuat,Total,"1,925",2.737,"1,422",136,0.872,"51,830","41,400",0.53,"37,083","30,800",0.505,"60,724","47,300",0.517,"42,159","37,688",0.473
23,VS,6265,  Savièse,Total,"4,880",5.573,"1,142",180,0.842,"50,178","43,100",0.486,"37,816","33,317",0.462,"57,807","49,100",0.482,"42,373","39,921",0.438
23,VS,6266,  Sion,Total,"21,928",21.146,964,134,0.848,"45,856","39,100",0.496,"35,526","31,300",0.471,"52,592","44,100",0.49,"39,613","37,100",0.446
23,VS,6267,  Veysonnaz,Total,710,0.369,520,88,0.829,"26,342","8,000",0.662,"19,740","6,000",0.645,"31,154","10,600",0.644,"22,657","7,600",0.617
23,VS,6281,  Baltschieder,Total,718,0.536,747,222,0.74,"52,399","49,900",0.396,"36,829","36,725",0.371,"62,088","58,850",0.4,"42,369","43,267",0.347
23,VS,6282,  Eisten,Total,167,0.04,239,53,0.77,"30,559","26,000",0.48,"24,722","22,100",0.457,"35,323","27,700",0.484,"27,856","26,200",0.441
23,VS,6283,  Embd,Total,202,0.091,451,104,0.832,"37,025","35,100",0.449,"27,692","27,800",0.424,"43,727","39,100",0.453,"31,832","33,650",0.399
23,VS,6285,  Grächen,Total,"1,227",0.351,286,65,0.808,"27,586","20,900",0.536,"21,569","18,722",0.523,"33,045","24,600",0.531,"24,925","21,600",0.497
23,VS,6286,  Lalden,Total,432,0.261,605,139,0.768,"44,139","41,900",0.448,"33,150","30,933",0.427,"51,774","47,550",0.446,"37,701","37,663",0.402
23,VS,6287,  Randa,Total,319,0.097,305,65,0.785,"33,595","33,200",0.507,"25,663","24,267",0.500,"40,039","36,200",0.509,"29,474","30,400",0.472
23,VS,6288,  Saas-Almagell,Total,266,0.075,282,88,0.746,"33,877","30,800",0.477,"25,751","26,219",0.448,"40,555","35,000",0.478,"29,781","30,506",0.424
23,VS,6289,  Saas-Balen,Total,291,0.267,918,54,0.928,"37,640","30,800",0.566,"30,031","23,600",0.568,"43,510","34,200",0.557,"33,682","29,056",0.540
23,VS,6290,  Saas-Fee,Total,"1,456",1.155,793,107,0.879,"32,252","18,300",0.614,"25,124","14,438",0.604,"37,770","21,250",0.597,"28,532","18,650",0.574
23,VS,6291,  Saas-Grund,Total,730,0.257,352,87,0.774,"35,373","33,650",0.466,"27,103","25,840",0.449,"42,190","38,000",0.464,"31,269","31,417",0.423
23,VS,6292,  St. Niklaus,Total,"1,569",0.681,434,101,0.794,"37,657","36,900",0.462,"28,511","27,400",0.445,"44,881","42,300",0.465,"32,814","33,600",0.420
23,VS,6293,  Stalden (VS),Total,758,0.339,448,133,0.746,"39,979","38,900",0.444,"30,779","30,741",0.427,"46,855","44,100",0.443,"34,986","35,762",0.400
23,VS,6294,  Staldenried,Total,387,0.173,447,149,0.746,"40,289","39,500",0.426,"31,545","31,200",0.409,"46,799","45,800",0.427,"35,657","37,200",0.384
23,VS,6295,  Täsch,Total,844,0.218,258,55,0.762,"30,676","28,000",0.523,"23,461","22,200",0.517,"37,774","30,700",0.52,"27,730","28,000",0.485
23,VS,6296,  Törbel,Total,355,0.125,353,128,0.689,"38,656","38,800",0.416,"30,778","29,800",0.409,"44,966","44,300",0.423,"34,722","35,100",0.387
23,VS,6297,  Visp,Total,"4,962",4.722,952,188,0.811,"48,995","44,300",0.458,"37,594","35,138",0.436,"56,159","49,500",0.455,"41,945","40,700",0.412
23,VS,6298,  Visperterminen,Total,885,0.692,782,194,0.812,"47,033","44,800",0.436,"34,621","35,000",0.407,"55,210","48,400",0.443,"39,403","41,000",0.384
23,VS,6299,  Zeneggen,Total,203,0.105,518,99,0.801,"39,727","37,300",0.479,"30,007","28,381",0.456,"46,564","42,200",0.48,"34,070","34,533",0.431
23,VS,6300,  Zermatt,Total,"4,193",5.83,"1,390",152,0.88,"46,509","35,400",0.567,"36,004","29,095",0.545,"53,188","39,400",0.556,"40,075","34,700",0.518
24,NE,6402,  Bevaix,Total,"2,282",3.994,"1,750",195,0.859,"59,257","45,400",0.504,"42,636","36,081",0.465,"67,697","52,350",0.491,"47,705","42,219",0.438
24,NE,6404,  Boudry,Total,"3,348",3.159,944,168,0.825,"49,143","42,400",0.448,"37,716","34,600",0.418,"56,880","47,800",0.443,"42,409","40,252",0.392
24,NE,6405,  Brot-Dessous,Total,67,0.049,738,182,0.708,"51,513","43,600",0.404,"39,952","35,476",0.356,"58,627","46,700",0.402,"44,192","39,700",0.338
24,NE,6407,  Corcelles-Cormondrèche,Total,"2,790",5.09,"1,824",264,0.823,"62,344","49,400",0.484,"45,178","40,141",0.443,"70,929","55,500",0.478,"50,233","45,800",0.420
24,NE,6408,  Cortaillod,Total,"2,863",3.876,"1,354",203,0.832,"56,119","46,500",0.46,"42,203","36,750",0.432,"64,277","52,000",0.455,"47,098","42,700",0.408
24,NE,6409,  Fresens,Total,124,0.141,"1,140",109,0.872,"49,468","40,000",0.506,"34,902","30,242",0.480,"59,146","48,200",0.49,"40,219","35,800",0.443
24,NE,6410,  Gorgier,Total,"1,245",4.406,"3,539",183,0.915,"73,526","44,400",0.605,"51,614","35,615",0.556,"81,472","51,400",0.586,"56,409","41,444",0.528
24,NE,6411,  Montalchez,Total,141,0.082,579,74,0.809,"42,937","31,800",0.476,"30,500","25,963",0.440,"52,052","42,700",0.484,"35,504","32,000",0.416
24,NE,6412,  Peseux,Total,"3,498",3.621,"1,035",131,0.861,"47,554","38,600",0.483,"36,458","31,500",0.452,"54,903","44,000",0.475,"40,900","36,700",0.424
24,NE,6413,  Rochefort,Total,677,1.195,"1,765",214,0.852,"59,998","48,100",0.488,"44,238","37,500",0.460,"68,719","55,400",0.477,"49,306","43,100",0.431
24,NE,6414,  Saint-Aubin-Sauges,Total,"1,570",1.842,"1,173",135,0.865,"49,696","39,600",0.492,"37,498","31,850",0.455,"56,967","44,700",0.483,"41,952","37,204",0.430
24,NE,6415,  Vaumarcus,Total,163,0.406,"2,490",315,0.837,"69,577","49,800",0.508,"49,031","41,600",0.466,"78,392","58,400",0.497,"54,097","47,000",0.441
24,NE,6416,  Milvignes,Total,"5,456",10.503,"1,925",236,0.847,"62,031","47,800",0.495,"45,811","38,933",0.460,"70,208","54,300",0.486,"50,712","44,483",0.436
24,NE,6421,  La Chaux-de-Fonds,Total,"23,418",20.176,862,114,0.862,"44,465","37,600",0.477,"34,372","30,300",0.445,"51,513","42,700",0.472,"38,672","35,700",0.421
24,NE,6422,  Les Planchettes,Total,140,0.104,743,125,0.827,"44,791","40,200",0.463,"33,926","30,600",0.440,"52,492","43,050",0.455,"38,536","37,728",0.409
24,NE,6423,  La Sagne,Total,574,0.407,709,146,0.798,"47,432","42,500",0.411,"36,108","32,219",0.389,"55,882","48,000",0.406,"41,170","39,713",0.357
24,NE,6431,  Les Brenets,Total,651,0.755,"1,160",168,0.87,"50,654","42,300",0.453,"38,311","33,867",0.416,"58,047","47,400",0.445,"42,896","40,083",0.389
24,NE,6432,  La Brévine,Total,393,0.244,622,136,0.801,"43,941","37,600",0.416,"33,742","31,700",0.378,"51,817","42,200",0.411,"38,556","35,800",0.352
24,NE,6433,  Brot-Plamboz,Total,143,0.197,"1,375",144,0.901,"53,490","38,900",0.467,"37,469","32,857",0.422,"63,883","46,600",0.462,"43,348","36,571",0.391
24,NE,6434,  Le Cerneux-Péquignot,Total,202,0.139,688,136,0.779,"46,631","40,200",0.44,"34,124","29,876",0.404,"55,640","46,200",0.443,"39,299","37,950",0.378
24,NE,6435,  La Chaux-du-Milieu,Total,247,0.175,707,156,0.784,"51,121","45,400",0.391,"35,658","32,333",0.362,"62,923","52,400",0.398,"42,079","41,000",0.331
24,NE,6436,  Le Locle,Total,"6,138",4.344,708,126,0.83,"43,893","38,500",0.447,"33,986","30,883",0.422,"51,243","44,050",0.443,"38,488","36,300",0.396
24,NE,6437,  Les Ponts-de-Martel,Total,739,0.469,634,129,0.82,"44,375","39,000",0.426,"32,844","30,667",0.390,"52,835","45,000",0.428,"37,786","36,800",0.366
24,NE,6451,  Cornaux,Total,931,0.739,793,202,0.758,"50,803","45,600",0.4,"38,339","36,095",0.375,"59,225","52,400",0.398,"43,426","42,385",0.348
24,NE,6452,  Cressier (NE),Total,"1,108",0.847,764,173,0.783,"49,211","44,050",0.432,"36,118","34,969",0.399,"57,735","50,100",0.432,"41,225","40,829",0.376
24,NE,6453,  Enges,Total,170,0.17,997,181,0.755,"54,479","46,700",0.429,"40,338","36,956",0.396,"63,005","52,400",0.421,"45,551","43,308",0.370
24,NE,6454,  Hauterive (NE),Total,"1,639",2.596,"1,584",217,0.842,"57,767","45,700",0.473,"45,017","38,600",0.448,"65,041","51,400",0.466,"49,485","43,800",0.424
24,NE,6455,  Le Landeron,Total,"2,746",10.183,"3,708",160,0.95,"73,776","42,500",0.632,"53,149","33,967",0.596,"81,872","48,900",0.613,"57,963","39,862",0.565
24,NE,6456,  Lignières,Total,523,0.579,"1,107",147,0.836,"53,701","46,500",0.443,"39,631","33,200",0.425,"63,223","54,300",0.435,"45,138","41,000",0.395
24,NE,6458,  Neuchâtel,Total,"20,541",27.592,"1,343",159,0.865,"50,906","40,400",0.499,"40,413","34,000",0.471,"57,291","45,200",0.488,"44,396","38,900",0.445
24,NE,6459,  Saint-Blaise,Total,"1,977",4.759,"2,407",216,0.881,"65,677","47,600",0.531,"47,883","38,100",0.490,"73,653","52,600",0.518,"52,638","44,300",0.464
24,NE,6461,  La Tène,Total,"2,786",3.508,"1,259",183,0.841,"54,461","45,600",0.471,"39,489","35,500",0.443,"63,403","52,400",0.466,"44,713","42,081",0.416
24,NE,6485,  Valangin,Total,278,0.242,870,164,0.828,"48,296","42,600",0.431,"36,647","34,028",0.398,"56,331","48,350",0.433,"41,472","40,350",0.371
24,NE,6487,  Val-de-Ruz,Total,"9,448",10.453,"1,106",204,0.811,"54,562","46,900",0.432,"40,422","37,200",0.400,"63,517","53,100",0.431,"45,663","43,733",0.374
24,NE,6504,  La Côte-aux-Fées,Total,307,0.148,482,49,0.853,"36,507","31,700",0.492,"28,400","25,000",0.482,"43,648","36,600",0.479,"32,617","30,900",0.445
24,NE,6511,  Les Verrières,Total,435,0.283,651,73,0.868,"40,103","31,300",0.472,"30,927","25,810",0.447,"47,556","39,000",0.464,"35,314","30,600",0.415
24,NE,6512,  Val-de-Travers,Total,"6,844",3.962,579,108,0.825,"41,461","36,100",0.448,"32,075","29,300",0.418,"48,674","40,900",0.446,"36,507","34,500",0.392
25,GE,6601,  Aire-la-Ville,Total,612,2.002,"3,270",701,0.794,"82,051","69,350",0.501,"55,668","47,629",0.474,"93,022","77,400",0.49,"61,773","55,650",0.449
25,GE,6602,  Anières,Total,"1,295",71.804,"55,447",614,0.974,"527,540","60,100",0.919,"345,914","46,944",0.911,"536,460","67,400",0.911,"351,039","53,667",0.902
25,GE,6603,  Avully,Total,"1,043",1.675,"1,606",244,0.835,"59,188","50,000",0.484,"43,070","38,500",0.445,"67,350","55,800",0.473,"48,022","44,500",0.419
25,GE,6604,  Avusy,Total,782,3.821,"4,886",732,0.815,"96,316","66,800",0.544,"62,645","52,400",0.478,"106,095","75,100",0.536,"68,245","58,767",0.462
25,GE,6605,  Bardonnex,Total,"1,309",4.38,"3,346",429,0.836,"78,235","57,000",0.535,"54,819","44,400",0.493,"86,884","64,000",0.52,"60,012","50,300",0.469
25,GE,6606,  Bellevue,Total,"1,542",5.301,"3,438",254,0.864,"75,309","52,300",0.579,"51,626","38,883",0.546,"84,630","59,650",0.555,"56,958","44,633",0.514
25,GE,6607,  Bernex,Total,"5,754",16.032,"2,786",439,0.829,"73,275","56,900",0.516,"52,282","44,265",0.479,"81,811","63,900",0.505,"57,361","50,600",0.457
25,GE,6608,  Carouge (GE),Total,"12,609",24.71,"1,960",181,0.861,"59,554","45,300",0.523,"45,872","36,000",0.499,"66,536","51,000",0.51,"50,182","41,667",0.474
25,GE,6609,  Cartigny,Total,473,2.626,"5,552",721,0.835,"101,208","67,800",0.569,"70,002","51,100",0.535,"110,502","75,100",0.556,"75,411","57,722",0.514
25,GE,6610,  Céligny,Total,350,3.652,"10,436",256,0.878,"133,953","55,150",0.7,"91,552","41,088",0.688,"143,239","63,300",0.681,"96,732","47,167",0.666
25,GE,6611,  Chancy,Total,826,1.464,"1,772",252,0.802,"64,604","55,450",0.47,"44,736","38,711",0.442,"74,851","63,300",0.46,"50,576","47,143",0.415
25,GE,6612,  Chêne-Bougeries,Total,"6,372",51.022,"8,007",312,0.892,"112,976","50,500",0.69,"74,393","40,900",0.636,"120,688","56,500",0.673,"78,960","46,000",0.616
25,GE,6613,  Chêne-Bourg,Total,"4,943",8.344,"1,688",165,0.853,"56,283","43,200",0.521,"42,288","34,300",0.493,"63,604","49,500",0.508,"46,757","39,667",0.467
25,GE,6614,  Choulex,Total,652,5.28,"8,098",836,0.854,"119,529","65,750",0.635,"81,996","54,563",0.595,"127,782","73,650",0.621,"86,904","59,400",0.574
25,GE,6615,  Collex-Bossy,Total,836,3.811,"4,559",657,0.832,"90,517","65,400",0.566,"61,072","48,917",0.523,"100,041","72,000",0.55,"66,534","55,519",0.499
25,GE,6616,  Collonge-Bellerive,Total,"4,319",48.566,"11,245",658,0.876,"144,640","63,600",0.7,"93,081","49,444",0.665,"153,699","70,700",0.684,"98,225","55,933",0.645
25,GE,6617,  Cologny,Total,"3,087",47.159,"15,277",703,0.882,"176,749","64,300",0.739,"118,739","50,250",0.711,"184,515","71,400",0.724,"123,365","55,889",0.694
25,GE,6618,  Confignon,Total,"2,481",8.919,"3,595",413,0.826,"80,514","58,000",0.549,"54,662","43,238",0.515,"90,013","67,700",0.535,"60,078","50,333",0.492
25,GE,6619,  Corsier (GE),Total,"1,121",11.305,"10,085",517,0.883,"133,783","57,800",0.7,"90,280","44,600",0.677,"142,700","65,700",0.684,"95,375","51,133",0.656
25,GE,6620,  Dardagny,Total,843,1.772,"2,102",213,0.836,"64,479","49,800",0.505,"45,903","38,000",0.464,"73,313","57,100",0.493,"51,111","44,500",0.438
25,GE,6621,  Genève,Total,"117,864",302.474,"2,566",159,0.891,"60,770","39,400",0.59,"47,239","32,133",0.567,"67,022","44,900",0.569,"51,157","37,000",0.539
25,GE,6622,  Genthod,Total,"1,383",17.213,"12,446",421,0.932,"153,311","54,800",0.771,"101,696","42,813",0.751,"162,520","60,400",0.75,"106,929","48,333",0.727
25,GE,6623,  Le Grand-Saconnex,Total,"5,662",13.85,"2,446",167,0.881,"63,654","45,500",0.573,"45,601","34,024",0.546,"71,803","52,400",0.551,"50,349","40,683",0.514
25,GE,6624,  Gy,Total,282,1.893,"6,714",548,0.883,"106,087","60,050",0.652,"71,901","46,100",0.625,"115,556","66,200",0.634,"77,321","53,394",0.601
25,GE,6625,  Hermance,Total,563,5.41,"9,609",310,0.899,"127,775","48,800",0.723,"81,667","41,700",0.678,"136,143","55,700",0.704,"86,511","46,300",0.656
25,GE,6626,  Jussy,Total,719,5.569,"7,745",553,0.894,"116,443","61,300",0.662,"74,926","46,500",0.605,"125,209","68,700",0.644,"80,027","53,900",0.581
25,GE,6627,  Laconnex,Total,374,2.145,"5,736",757,0.855,"104,376","64,450",0.574,"74,487","52,926",0.543,"113,450","74,500",0.559,"79,870","58,200",0.520
25,GE,6628,  Lancy,Total,"17,547",28.957,"1,650",206,0.847,"58,789","48,300",0.487,"43,486","37,300",0.457,"66,829","54,800",0.477,"48,321","43,381",0.431
25,GE,6629,  Meinier,Total,"1,186",5.572,"4,698",438,0.873,"89,955","56,650",0.576,"62,508","44,028",0.532,"98,888","64,600",0.559,"67,768","50,789",0.505
25,GE,6630,  Meyrin,Total,"11,711",12.716,"1,086",169,0.814,"51,318","44,000",0.472,"38,996","34,100",0.452,"58,797","50,400",0.459,"43,537","40,000",0.424
25,GE,6631,  Onex,Total,"10,811",15.491,"1,433",160,0.853,"53,915","42,700",0.501,"39,985","33,500",0.466,"61,420","48,700",0.49,"44,511","38,917",0.440
25,GE,6632,  Perly-Certoux,Total,"1,761",3.863,"2,194",410,0.814,"68,619","55,700",0.47,"50,624","43,800",0.438,"76,931","62,200",0.459,"55,640","50,100",0.415
25,GE,6633,  Plan-les-Ouates,Total,"5,592",19.219,"3,437",364,0.848,"78,452","56,400",0.557,"54,438","42,400",0.526,"87,895","63,800",0.541,"59,856","48,888",0.500
25,GE,6634,  Pregny-Chambésy,Total,"1,578",14.695,"9,312",414,0.901,"124,718","54,150",0.722,"85,972","42,833",0.700,"132,553","59,750",0.703,"90,532","48,400",0.678
25,GE,6635,  Presinge,Total,408,3.099,"7,596",222,0.92,"106,226","47,100",0.737,"73,975","37,603",0.712,"113,751","51,400",0.716,"78,418","43,567",0.688
25,GE,6636,  Puplinge,Total,"1,273",3.924,"3,082",518,0.82,"76,833","58,400",0.512,"54,482","47,300",0.461,"85,075","65,100",0.505,"59,418","52,952",0.442
25,GE,6637,  Russin,Total,317,1.901,"5,996",524,0.899,"102,503","59,200",0.618,"68,602","45,833",0.561,"110,782","66,900",0.6,"73,496","51,400",0.536
25,GE,6638,  Satigny,Total,"2,101",6.272,"2,985",394,0.831,"75,900","57,400",0.521,"52,474","42,500",0.491,"85,972","66,100",0.505,"58,266","49,857",0.464
25,GE,6639,  Soral,Total,445,1.539,"3,459",503,0.816,"78,634","59,700",0.544,"55,018","45,933",0.509,"87,014","65,800",0.531,"60,002","51,400",0.487
25,GE,6640,  Thônex,Total,"8,152",23.443,"2,876",173,0.884,"67,348","44,150",0.584,"47,407","34,538",0.536,"74,989","50,000",0.567,"51,962","40,289",0.511
25,GE,6641,  Troinex,Total,"1,307",7.547,"5,775",492,0.854,"98,562","58,900",0.616,"64,859","44,769",0.566,"107,667","66,100",0.601,"70,115","51,600",0.544
25,GE,6642,  Vandoeuvres,Total,"1,412",23.249,"16,465",678,0.867,"185,845","63,300",0.741,"116,082","49,283",0.706,"194,580","69,750",0.726,"120,970","54,850",0.690
25,GE,6643,  Vernier,Total,"18,982",17.49,921,108,0.842,"46,696","39,200",0.492,"35,047","29,920",0.471,"54,177","45,100",0.481,"39,512","35,571",0.443
25,GE,6644,  Versoix,Total,"6,697",17.686,"2,641",135,0.903,"63,472","41,900",0.594,"45,153","31,722",0.560,"71,343","49,500",0.572,"49,799","38,278",0.529
25,GE,6645,  Veyrier,Total,"6,250",41.864,"6,698",383,0.859,"103,803","53,900",0.654,"67,002","42,902",0.610,"112,872","60,300",0.639,"72,150","48,269",0.589
26,JU,6702,  Boécourt,Total,550,0.5,910,124,0.858,"47,014","39,950",0.457,"35,365","30,658",0.432,"55,188","46,150",0.458,"40,081","36,790",0.404
26,JU,6703,  Bourrignon,Total,168,0.091,541,83,0.829,"41,577","36,350",0.426,"31,861","26,550",0.409,"49,849","41,600",0.43,"36,831","33,650",0.384
26,JU,6704,  Châtillon (JU),Total,278,0.263,945,172,0.844,"49,778","43,850",0.443,"35,991","35,200",0.406,"58,846","48,700",0.447,"41,171","40,608",0.381
26,JU,6705,  Corban,Total,262,0.147,561,138,0.792,"45,528","41,300",0.397,"32,773","31,500",0.358,"54,954","47,600",0.409,"38,105","37,850",0.335
26,JU,6706,  Courchapoix,Total,259,0.13,501,115,0.802,"42,261","38,500",0.415,"31,473","29,500",0.389,"51,232","44,700",0.42,"36,680","36,200",0.360
26,JU,6708,  Courrendlin,Total,"1,609",0.982,610,118,0.823,"43,723","39,800",0.43,"33,137","30,200",0.405,"51,808","45,400",0.431,"37,956","37,300",0.377
26,JU,6709,  Courroux,Total,"1,898",1.64,864,161,0.828,"48,802","42,750",0.434,"36,555","33,967",0.405,"57,409","49,200",0.435,"41,590","39,800",0.379
26,JU,6710,  Courtételle,Total,"1,536",2.638,"1,717",152,0.915,"55,822","43,300",0.508,"43,936","33,200",0.508,"64,093","49,150",0.498,"48,887","39,742",0.475
26,JU,6711,  Delémont,Total,"7,888",7.98,"1,012",140,0.854,"47,581","39,550",0.475,"37,133","32,200",0.446,"54,306","44,600",0.471,"41,263","37,500",0.423
26,JU,6712,  Develier,Total,839,0.84,"1,001",127,0.85,"48,992","41,000",0.484,"35,653","31,200",0.448,"57,339","45,500",0.483,"40,490","37,667",0.426
26,JU,6713,  Ederswiler,Total,85,0.023,268,154,0.64,"37,824","37,300",0.324,"31,861","32,600",0.305,"43,011","41,900",0.338,"35,271","36,667",0.286
26,JU,6715,  Mervelier,Total,326,0.193,591,106,0.817,"42,427","36,100",0.436,"31,760","28,150",0.401,"50,439","43,150",0.439,"36,575","33,815",0.379
26,JU,6716,  Mettembert,Total,66,0.022,334,114,0.704,"40,656","39,150",0.381,"31,417","30,075",0.377,"48,032","48,400",0.383,"35,957","35,233",0.347
26,JU,6718,  Movelier,Total,256,0.086,337,118,0.722,"38,938","36,850",0.377,"31,543","29,033",0.361,"45,493","41,350",0.38,"35,663","34,600",0.334
26,JU,6719,  Pleigne,Total,229,0.099,431,100,0.794,"40,552","38,300",0.4,"32,022","28,722",0.393,"48,007","44,700",0.407,"36,413","36,300",0.363
26,JU,6720,  Rebeuvelier,Total,225,0.196,871,172,0.809,"50,926","42,900",0.419,"36,091","34,048",0.368,"60,707","50,500",0.421,"41,803","39,100",0.346
26,JU,6721,  Rossemaison,Total,360,0.409,"1,137",177,0.819,"53,917","45,400",0.455,"39,691","34,337",0.431,"62,391","51,000",0.452,"44,728","41,200",0.407
26,JU,6722,  Saulcy,Total,173,0.069,400,135,0.752,"40,883","39,100",0.383,"31,745","30,556",0.362,"48,428","45,000",0.395,"36,392","37,333",0.340
26,JU,6724,  Soyhières,Total,318,0.352,"1,108",117,0.902,"45,290","34,850",0.504,"34,608","29,733",0.458,"51,896","39,450",0.497,"38,768","34,600",0.434
26,JU,6728,  Vellerat,Total,44,0.026,593,185,0.686,"50,675","42,600",0.319,"40,030","35,967",0.293,"58,602","48,000",0.33,"44,953","41,217",0.275
26,JU,6729,  Haute-Sorne,Total,"4,250",2.948,694,108,0.853,"43,318","38,000",0.448,"32,707","29,500",0.418,"51,072","43,600",0.45,"37,290","35,293",0.392
26,JU,6730,  Val Terbi,Total,"1,603",0.944,589,121,0.804,"44,231","40,300",0.429,"33,153","30,300",0.405,"52,615","46,400",0.432,"38,056","36,600",0.379
26,JU,6741,  Le Bémont (JU),Total,193,0.11,568,74,0.825,"42,551","36,000",0.453,"31,620","27,067",0.425,"51,248","42,900",0.457,"36,588","32,200",0.405
26,JU,6742,  Les Bois,Total,715,1.025,"1,433",115,0.911,"50,737","39,700",0.511,"37,482","30,056",0.481,"59,236","45,700",0.499,"42,388","36,333",0.448
26,JU,6743,  Les Breuleux,Total,910,0.551,606,140,0.785,"45,150","40,500",0.41,"34,861","32,189",0.389,"53,266","46,100",0.414,"39,670","39,400",0.362
26,JU,6744,  La Chaux-des-Breuleux,Total,54,0.023,423,111,0.735,"40,954","36,500",0.408,"31,501","28,524",0.386,"49,519","46,000",0.395,"36,747","33,917",0.351
26,JU,6745,  Les Enfers,Total,92,0.053,574,126,0.777,"44,076","37,950",0.454,"31,627","28,367",0.400,"52,738","46,650",0.457,"36,634","34,200",0.380
26,JU,6748,  Les Genevez (JU),Total,338,0.272,803,139,0.841,"45,526","39,650",0.426,"36,035","31,364",0.410,"52,834","45,550",0.418,"40,526","37,843",0.377
26,JU,6750,  Lajoux (JU),Total,418,0.19,455,106,0.774,"40,841","37,450",0.435,"31,159","29,317",0.412,"48,930","44,500",0.438,"35,933","36,219",0.385
26,JU,6751,  Montfaucon,Total,372,0.21,565,106,0.821,"42,788","38,050",0.413,"32,874","29,056",0.395,"51,271","43,300",0.42,"37,815","36,026",0.367
26,JU,6753,  Muriaux,Total,319,0.551,"1,727",110,0.924,"52,629","37,600",0.53,"42,949","28,700",0.537,"60,454","43,900",0.511,"47,626","35,700",0.498
26,JU,6754,  Le Noirmont,Total,"1,129",0.891,789,143,0.835,"46,833","40,900",0.435,"35,863","32,429",0.412,"55,100","46,500",0.442,"40,728","39,095",0.389
26,JU,6757,  Saignelégier,Total,"1,621",1.105,682,147,0.798,"45,769","41,200",0.425,"35,181","32,714",0.396,"53,607","45,900",0.434,"39,831","38,600",0.376
26,JU,6758,  Saint-Brais,Total,154,0.04,260,64,0.76,"34,699","29,450",0.421,"27,015","23,600",0.397,"42,492","34,500",0.434,"31,585","29,067",0.374
26,JU,6759,  Soubey,Total,95,0.026,278,86,0.731,"33,923","34,300",0.434,"27,739","25,700",0.427,"40,866","38,200",0.425,"31,768","30,200",0.390
26,JU,6771,  Alle,Total,"1,063",0.608,572,119,0.811,"43,446","38,200",0.423,"32,816","30,333",0.395,"51,657","44,600",0.43,"37,627","35,533",0.371
26,JU,6773,  Beurnevésin,Total,96,0.03,315,80,0.753,"36,375","31,300",0.418,"29,335","27,536",0.395,"42,346","34,950",0.422,"33,240","31,500",0.374
26,JU,6774,  Boncourt,Total,822,0.886,"1,078",188,0.852,"49,148","42,500",0.461,"39,152","35,800",0.446,"55,842","47,400",0.453,"43,403","41,350",0.419
26,JU,6775,  Bonfol,Total,470,0.202,431,103,0.775,"38,849","34,850",0.423,"31,191","28,250",0.400,"45,123","39,550",0.421,"35,162","33,106",0.375
26,JU,6778,  Bure,Total,430,0.252,586,189,0.757,"45,590","42,850",0.408,"34,319","35,100",0.379,"53,706","47,550",0.41,"39,077","41,167",0.352
26,JU,6781,  Coeuve,Total,431,0.285,661,124,0.806,"45,982","42,300",0.422,"35,093","30,267",0.408,"54,695","47,700",0.422,"40,150","37,800",0.379
26,JU,6782,  Cornol,Total,647,0.365,565,124,0.817,"42,831","38,800",0.419,"32,931","30,538",0.398,"50,886","44,800",0.424,"37,698","36,500",0.370
26,JU,6783,  Courchavon,Total,188,0.385,"2,046",102,0.937,"54,886","37,350",0.557,"38,402","28,017",0.492,"62,962","44,800",0.545,"43,108","35,750",0.463
26,JU,6784,  Courgenay,Total,"1,376",1.029,748,129,0.837,"45,733","40,000",0.434,"34,555","31,317",0.403,"53,838","45,700",0.435,"39,368","37,507",0.377
26,JU,6785,  Courtedoux,Total,478,0.441,922,133,0.848,"47,755","39,700",0.453,"35,129","31,567",0.411,"55,864","45,600",0.447,"40,030","37,350",0.385
26,JU,6787,  Damphreux,Total,112,0.075,666,116,0.837,"43,310","34,400",0.439,"33,259","29,883",0.397,"51,291","38,100",0.44,"38,015","34,600",0.372
26,JU,6789,  Fahy,Total,239,0.097,407,68,0.807,"37,434","31,300",0.446,"29,401","25,125",0.419,"44,475","36,500",0.448,"33,672","30,300",0.395
26,JU,6790,  Fontenais,Total,"1,036",0.654,631,103,0.817,"43,748","37,950",0.449,"32,776","28,683",0.418,"51,962","43,600",0.445,"37,633","35,354",0.390
26,JU,6792,  Grandfontaine,Total,231,0.138,596,78,0.841,"42,522","35,600",0.448,"30,714","26,400",0.405,"51,071","42,100",0.453,"35,565","33,231",0.383
26,JU,6793,  Lugnez,Total,118,0.063,534,93,0.836,"40,472","34,950",0.438,"29,948","26,500",0.399,"48,483","38,950",0.44,"34,775","32,714",0.377
26,JU,6800,  Porrentruy,Total,"4,511",4.073,903,121,0.852,"45,041","36,400",0.482,"35,109","30,167",0.445,"51,401","41,200",0.481,"39,045","35,200",0.426
26,JU,6803,  Rocourt,Total,95,0.044,468,113,0.772,"42,756","38,800",0.397,"32,364","27,524",0.388,"51,161","44,400",0.392,"37,359","32,533",0.355
26,JU,6806,  Vendlincourt,Total,348,0.149,429,109,0.78,"40,281","35,050",0.41,"30,671","28,650",0.375,"48,005","41,650",0.42,"35,256","33,550",0.354
26,JU,6807,  Basse-Allaine,Total,788,0.432,548,109,0.811,"41,778","36,500",0.431,"31,989","29,139",0.407,"49,525","41,900",0.43,"36,597","34,450",0.378
26,JU,6808,  Clos du Doubs,Total,862,0.34,395,77,0.809,"37,537","33,300",0.429,"29,429","26,315",0.406,"44,747","38,100",0.433,"33,796","31,950",0.381
26,JU,6809,  Haute-Ajoie,Total,610,0.313,513,116,0.801,"40,987","35,500",0.42,"32,143","29,667",0.393,"48,380","42,000",0.417,"36,624","34,050",0.368
26,JU,6810,  La Baroche,Total,739,0.391,530,99,0.819,"41,098","36,200",0.429,"31,609","28,400",0.407,"48,945","43,000",0.43,"36,204","34,429",0.378