"Price","Beds","Lon","Lat"
34.95,"1",-2.9347084,53.425587
93,"1",-3.00137,53.4112
75,"1",-3.026133,53.47859
122.5,"1",-2.98834,53.4285
127.5,"1",-2.96811,53.4133
127.5,"1",-2.96811,53.4133
110,"1",-2.97906,53.396
82.5,"1",-2.96117,53.4012
77,"1",-2.97594,53.4229
69.5,"1",-2.95424,53.408
68.5,"1",-2.95424,53.408
114.95,"1",-2.99012,53.403
77.5,"1",-2.95424,53.408
75,"1",-2.97514,53.4094
110,"1",-2.96907,53.4017
55,"1",-2.97685,53.417
55,"1",-2.94569,53.4307
40,"1",-2.9402,53.3981
115,"1",-2.9895,53.4101
110,"1",-2.98727,53.4072
80,"1",-2.98772,53.429
145,"1",-3.00137,53.4112
90,"1",-2.98368,53.4087
60,"1",-2.98183,53.401
144.95,"1",-2.99384,53.4036
174.5,"1",-2.9701,53.4113
131.25,"1",-2.9701,53.4113
100,"1",-2.99347,53.4067
139.95,"1",-2.96849,53.3968
119.95,"1",-2.98731,53.4094
253,"1",-2.99436,53.4066
92.5,"1",-2.98153,53.4023
25,"1",-2.9826543,53.421413
105,"1",-2.98286,53.3987
153.95,"1",-2.9944565,53.40941
135,"1",-2.991732,53.40901
145.95,"1",-2.98712,53.4105
124,"1",-2.99403,53.4132
30,"1",-2.917739,53.388638
137.5,"1",-2.99514,53.408
119.95,"1",-2.97776,53.4161
76.5,"1",-2.98318,53.4142
28,"1",-2.94046,53.3985
113.05,"1",-2.98318,53.4142
127.5,"1",-2.98318,53.4142
124.95,"1",-2.99514,53.408
165.995,"1",-2.99172,53.4062
52,"1",-2.97685,53.417
69.95,"1",-2.99142,53.4052
104.95,"1",-2.99283,53.4089
59.95,"1",-2.95168,53.3915
155.95,"1",-2.98561,53.40938
55,"1",-2.97606,53.4469
189.95,"1",-2.94289,53.3898
192.95,"1",-2.94289,53.3898
124.95,"1",-2.98739,53.4103
97.5,"1",-2.9849,53.3992
170,"1",-2.94959,53.387
185,"1",-2.94959,53.387
120,"1",-2.99745,53.4083
93.5,"1",-2.98834,53.4285
81.55,"1",-2.98781,53.4075
105,"1",-2.98566,53.3993
74.95,"1",-2.94895,53.3818
95,"1",-2.98898,53.4074
125,"1",-2.9928067,53.408928
144.95,"1",-2.99384,53.4036
90,"1",-3.02873,53.4836
100,"1",-2.98558,53.4114
135,"1",-3.00137,53.4112
84.733,"1",-2.98781,53.4075
137.393,"1",-2.99979,53.4143
70,"1",-2.98344,53.3967
145,"1",-2.99369,53.4069
130,"1",-2.9824,53.4054
109.95,"1",-2.9888,53.4069
127,"1",-2.99279,53.4101
260,"1",-2.84304,53.4089
116.95,"1",-2.97789,53.3917
90,"1",-2.93659,53.3897
139,"1",-2.99979,53.4143
115,"1",-2.98139,53.3933
130.95,"1",-2.99366,53.4056
125.95,"1",-2.99366,53.4056
85,"1",-2.9625,53.4593
143.402,"1",-2.99944,53.4172
137,"1",-2.9996,53.4127
140,"1",-2.99366,53.4056
53,"1",-2.88267,53.4369
50,"1",-2.89415,53.35377
94.75,"1",-3.02432,53.469
75,"1",-2.848419,53.408184
90,"1",-2.90242,53.3591
75,"1",-3.02256,53.4696
55,"1",-2.85534,53.3802
69.95,"1",-2.90103,53.3565
77.5,"1",-2.85035,53.359833
89.95,"1",-3.02775,53.4738
65,"1",-3.02072,53.4745
55,"1",-2.89679,53.493
58,"1",-2.83785,53.3651
79.95,"1",-3.02238,53.4975
65,"1",-3.03643,53.4891
52.95,"1",-2.8479314,53.363045
165,"1",-3.04612,53.4909
82.5,"1",-2.9777114,53.409462
78.75,"1",-2.9823716,53.401314
56.25,"1",-2.957168,53.388027
47.5,"1",-2.9402,53.3981
104.95,"1",-2.97629,53.404
59.95,"1",-2.9777,53.4098
100,"1",-2.9318,53.3849
67.5,"1",-2.97496,53.4103
127.95,"1",-2.98712,53.4105
114.95,"1",-2.98712,53.4105
99.95,"1",-2.95498,53.3906
63,"1",-2.97648,53.438
86.995,"1",-2.95032,53.3839
139.95,"1",-2.99012,53.403
129.5,"1",-2.9996,53.4127
56,"1",-2.96512,53.4527
127.5,"1",-2.9680853,53.413345
122.5,"1",-2.988311,53.428486
50,"1",-2.97293,53.4629
40,"1",-2.9347456,53.4257
69.95,"1",-2.99799,53.4639
57.5,"1",-2.9512718,53.42039
114.95,"1",-3.01933,53.4739
95,"1",-2.9729156,53.402184
52.5,"1",-2.9388733,53.427258
55,"1",-2.9825144,53.39837
95,"1",-2.9729156,53.402184
50,"1",-3.02775,53.4738
55,"1",-2.9902647,53.410233
38,"1",-2.88103,53.486
110,"1",-2.9664972,53.400368
82.5,"1",-3.02374,53.4757
50,"1",-2.9750185,53.423096
99.95,"1",-2.9680853,53.413345
99.95,"1",-2.9354014,53.391823
59.995,"1",-2.948151,53.407284
40,"1",-2.9776573,53.4312
70,"1",-2.9620092,53.41211
100,"1",-2.946108,53.390472
70,"1",-2.9542139,53.40797
59.95,"1",-2.942942,53.449913
110,"1",-2.98595,53.41362
85,"1",-2.961146,53.40119
70,"1",-2.9699652,53.41001
45,"1",-2.9749396,53.432804
125,"1",-2.98815,53.4122
110,"1",-2.9762673,53.404045
75,"1",-2.9545858,53.403763
62.95,"1",-2.9664109,53.411163
82.5,"1",-2.961146,53.40119
75,"1",-2.975112,53.40943
95,"1",-2.9855113,53.40896
80,"1",-2.944104,53.390274
115,"1",-2.985188,53.407333
159.95,"1",-2.9880364,53.409504
29,"1",-2.9473336,53.398247
95,"1",-2.9739203,53.415874
75.5,"1",-2.9739203,53.415874
89.95,"1",-2.981809,53.40105
59.95,"1",-2.976819,53.416958
89.95,"1",-2.98895,53.407383
130,"1",-2.9487832,53.381607
100,"1",-2.9179108,53.39731
99,"1",-2.976819,53.416958
69.5,"1",-2.9753304,53.40977
130,"1",-2.9890277,53.413982
619,"1",-2.9974258,53.40831
130,"1",-2.9941387,53.41057
130,"1",-2.9900973,53.403034
85,"1",-2.9831498,53.41418
136,"1",-2.9831498,53.41418
90,"1",-2.9778926,53.402763
120,"1",-2.9881287,53.41219
155.95,"1",-2.9870977,53.410553
104,"1",-2.9863472,53.406075
95,"1",-2.9815073,53.40232
95,"1",-2.98895,53.407383
114.95,"1",-2.9870977,53.410553
103.2,"1",-2.9890277,53.413982
101.48,"1",-2.9890277,53.413982
121.5,"1",-2.987041,53.410053
99.75,"1",-2.981809,53.40105
125.5,"1",-2.981809,53.40105
99.95,"1",-2.9888744,53.406082
42,"1",-2.967494,53.39327
63.995,"1",-2.9877796,53.40752
115,"1",-2.9836967,53.40138
125.95,"1",-2.9887738,53.406925
79.95,"1",-2.9863472,53.406075
69.95,"1",-2.9913952,53.405163
129,"1",-2.994005,53.41322
124,"1",-2.994005,53.41322
119.95,"1",-2.900694,53.39034
130,"1",-2.9900973,53.403034
97.5,"1",-2.984879,53.399166
75,"1",-2.9802752,53.397137
115,"1",-2.9813604,53.393326
195,"1",-2.9055676,53.382633
129,"1",-2.9936316,53.405594
125,"1",-2.9936316,53.405594
69.95,"1",-2.9820774,53.396374
114.95,"1",-2.924358,53.37975
124.95,"1",-2.9951167,53.407997
76.499,"1",-2.9706302,53.389664
53,"1",-2.8826504,53.436863
85,"1",-2.993885,53.407433
119.95,"1",-2.993446,53.406662
156,"1",-2.9961035,53.41031
100,"1",-2.9317772,53.38493
105,"1",-2.9487832,53.381607
255,"1",-2.993986,53.400143
90,"1",-2.9351437,53.374577
170,"1",-2.95808,53.385227
137,"1",-2.9974258,53.40831
135,"1",-2.9974258,53.40831
150,"1",-2.9585292,53.375103
80,"1",-2.896862,53.36615
117.5,"1",-2.8920636,53.38823
80,"1",-2.8482792,53.40793
60,"1",-3.036399,53.48915
90,"1",-3.0286977,53.48357
140,"1",-2.9166062,53.363907
65,"1",-2.8482792,53.40793
38,"1",-2.9149415,53.46987
80,"1",-2.8559773,53.375504
109,"1",-2.8750207,53.372498
65,"1",-2.8482792,53.40793
80,"1",-2.8502977,53.359776
70,"1",-2.913684,53.361477
110,"1",-2.8659678,53.37375
69,"1",-2.8576527,53.380337
94.75,"1",-3.024292,53.468967
50,"1",-2.851341,53.376686
50,"1",-3.0277238,53.473827
75,"1",-3.0207944,53.4789
110,"1",-3.0169907,53.483032
74.9,"1",-2.8502977,53.359776
55,"1",-2.8963375,53.492798
80,"1",-2.996349,53.495422
50,"1",-3.0277238,53.473827
50,"1",-3.0427244,53.484653
65,"1",-3.036399,53.48915
75,"1",-2.8109329,53.36392
185,"1",-2.9661093,53.399242
145,"1",-2.98139,53.3933
44.95,"1",-3.02301,53.39
40,"1",-2.944885,53.421494
73.999,"1",-2.9542136,53.407974
55,"1",-2.9459286,53.4305
55,"1",-2.9459286,53.4305
40,"1",-2.9403071,53.398125
58.5,"1",-2.976819,53.416958
77,"1",-2.9759169,53.422897
49.5,"1",-2.978268,53.415184
90,"1",-2.9757316,53.408894
295,"1",-2.9183352,53.414925
75,"1",-2.9030595,53.403355
40,"1",-2.97768,53.4312
67.967,"1",-2.985188,53.407333
59.95,"1",-2.97505,53.4231
120,"1",-2.98815,53.4122
99.5,"1",-2.9934535,53.41344
157,"1",-2.999763,53.41434
29,"1",-2.9482155,53.398335
90,"1",-2.97792,53.4028
95,"1",-2.88203,53.4254
85,"1",-2.98318,53.4142
119.95,"1",-2.9781,53.3949
139,"1",-2.983484,53.41532
124.995,"1",-2.9813604,53.393326
78,"1",-2.96278,53.3965
133,"1",-2.98318,53.4142
86.995,"1",-2.9499164,53.383217
94.995,"1",-2.98834,53.4285
99.95,"1",-2.98058,53.4035
58,"1",-3.01348,53.395153
115,"1",-2.900694,53.39034
101.48,"1",-2.98905,53.414
87.5,"1",-2.960247,53.381298
38.5,"1",-2.98177,53.4486
70,"1",-2.98414,53.4481
55,"1",-2.91371,53.3615
65,"1",-2.98993,53.4471
70,"1",-2.98414,53.4481
79.95,"1",-2.98183,53.401
90,"1",-2.9351437,53.374577
385,"1",-2.96828,53.4625
30,"1",-3.03845,53.4358
135,"1",-3.02856,53.4049
136,"1",-3.0009942,53.413578
50,"1",-2.98177,53.4486
55,"1",-2.98993,53.4471
49.95,"1",-2.99492,53.4473
57,"1",-2.9899027,53.447117
77.5,"1",-3.01348,53.395153
59.95,"1",-3.01348,53.395153
40,"1",-2.99351,53.449
76.95,"1",-3.0364,53.4181
79.5,"1",-3.01056,53.3914
99.95,"1",-3.03943,53.4234
65,"1",-3.0408,53.4283
69.95,"1",-3.02341,53.411
100,"1",-3.02466,53.4161
100,"1",-3.04048,53.3839
59.5,"1",-3.05293,53.4369
129.95,"1",-3.0371,53.4391
75,"1",-3.05267,53.4281
85,"1",-3.03419,53.3792
99.95,"1",-3.02765,53.3753
45,"1",-3.04479,53.4374
105,"1",-3.01452,53.3651
330,"1",-3.02594,53.3873
35,"1",-3.03691,53.3889
65,"1",-3.05974,53.4242
72.5,"1",-3.01593,53.3731
159.95,"1",-3.01766,53.3781
130,"1",-3.04625,53.3837
42,"1",-3.01494,53.3594
130,"1",-3.04573,53.4211
45,"1",-3.00841,53.367
82.5,"1",-3.0237901,53.475647
87.5,"1",-3.00605,53.3523
94.95,"1",-3.04334,53.3728
52.95,"1",-2.8484952,53.36284
88,"1",-3.06847,53.4338
80,"1",-3.03423,53.379
70,"1",-3.05443,53.3826
73,"1",-2.800039,53.42394
80,"1",-3.05192,53.3847
49.5,"1",-2.896675,53.493076
40,"1",-2.8810036,53.486046
87.5,"1",-2.9846,53.331
69.95,"1",-3.08863,53.4155
165,"1",-3.0460885,53.490917
75,"1",-2.81096,53.3639
70,"1",-2.98414,53.4481
89.995,"1",-2.9461,53.3882
100,"1",-3.05368,53.434
120,"1",-3.05918,53.3867
79.95,"1",-3.04178,53.3804
68,"1",-3.03876,53.3699
84.999,"1",-2.9706302,53.389664
50,"1",-2.9932284,53.448967
70,"1",-2.984143,53.448063
65,"1",-2.989903,53.447117
119.95,"1",-3.0285294,53.404945
55,"1",-2.989903,53.447117
50,"1",-2.9817467,53.44862
69.95,"1",-2.989903,53.447117
55,"1",-3.0185094,53.3696
70,"1",-3.0143795,53.39123
50,"1",-3.0004508,53.45707
35,"1",-3.022872,53.41428
60,"1",-3.0456407,53.417545
59.5,"1",-3.0529046,53.43688
70,"1",-3.038731,53.369873
136.95,"1",-2.8750207,53.372498
90,"1",-3.0142746,53.365326
138.95,"1",-2.8750207,53.372498
139.95,"1",-2.8750207,53.372498
65,"1",-3.0597103,53.424244
95,"1",-3.0060189,53.352345
40,"1",-3.0521345,53.381332
70,"1",-3.038731,53.369873
80,"1",-3.0578947,53.38687
95,"1",-3.0544071,53.382645
80,"1",-3.027931,53.36015
42,"1",-3.01649,53.35927
47.5,"1",-3.0521345,53.381332
73,"1",-2.801783,53.424816
55,"1",-2.970657,53.49452
55,"1",-2.9760308,53.446915
78.97,"1",-2.989903,53.447117
69.995,"1",-2.9894578,53.48302
29.95,"1",-2.8808122,53.438972
49.95,"1",-2.8351154,53.41093
59.95,"1",-2.8518724,53.367165
165,"2",-2.98372,53.4014
180,"2",-2.841268,53.41511
74.95,"2",-2.894253,53.354233
140,"2",-3.03358,53.4874
57,"2",-2.94645,53.3905
95,"2",-2.883923,53.424915
115,"2",-2.910362,53.4308
190,"2",-3.00144,53.4148
90,"2",-2.871533,53.383656
70,"2",-2.94067,53.468
128,"2",-2.98598,53.4136
60,"2",-2.97138,53.4625
85,"2",-2.9489,53.4161
89.95,"2",-2.97594,53.4229
55,"2",-2.97244,53.4466
227.5,"2",-2.99012,53.403
82,"2",-2.93431,53.3977
58,"2",-2.95492,53.4254
120,"2",-3.03985,53.483
194.95,"2",-3.04508,53.485
125,"2",-2.899052,53.36522
65,"2",-2.96177,53.4588
90,"2",-2.92424,53.4035
162.5,"2",-2.96907,53.4017
190,"2",-2.99283,53.4089
72.5,"2",-2.91557,53.4053
199.95,"2",-2.96907,53.4017
99.95,"2",-2.97594,53.4229
65,"2",-2.93912,53.4263
150,"2",-2.910538,53.427296
75,"2",-2.93252,53.3971
104.95,"2",-2.9117098,53.41609
115,"2",-2.97791,53.4022
110,"2",-2.96442,53.4266
65,"2",-2.9441,53.4133
189.95,"2",-2.97859,53.4006
135,"2",-2.94674,53.4359
110,"2",-2.90151,53.4293
50,"2",-2.94158,53.401
179.95,"2",-2.99283,53.4089
60,"2",-2.94272,53.4008
110,"2",-2.96204,53.4121
68.25,"2",-2.95477,53.4298
149.95,"2",-2.95198,53.3898
45,"2",-2.97052,53.4417
64.95,"2",-2.9632,53.4409
125,"2",-2.9872,53.4099
79.95,"2",-2.97174,53.4187
217.5,"2",-2.91565,53.3971
237.5,"2",-2.99283,53.409
89.95,"2",-2.96415,53.42
127.5,"2",-2.97307,53.4096
119.5,"2",-2.98554,53.409
139.95,"2",-2.95625,53.4096
189.95,"2",-2.97859,53.4006
89.95,"2",-2.90707,53.4135
199.95,"2",-2.97742,53.4011
125,"2",-2.96747,53.4111
119,"2",-2.98834,53.4285
192.5,"2",-2.99283,53.4089
114.95,"2",-2.99055,53.4115
110,"2",-2.95458,53.3978
179.95,"2",-2.98621,53.402004
279.95,"2",-2.98695,53.3978
124.95,"2",-2.98193,53.4311
44,"2",-2.96932,53.4144
59.995,"2",-2.98607,53.4334
125,"2",-2.94954,53.4055
165,"2",-2.99514,53.408
52.5,"2",-2.97188,53.4163
45,"2",-2.97461,53.43031
105,"2",-2.921783,53.44324
190,"2",-2.90679,53.42
182.5,"2",-2.99954,53.4109
99.995,"2",-2.96736,53.4301
169.95,"2",-2.98806,53.4095
115,"2",-2.98432,53.4118
160,"2",-2.99658,53.4111
105,"2",-2.89374,53.4993
211,"2",-2.9701,53.4113
57.95,"2",-2.94062,53.4009
160,"2",-2.97982,53.4004
197,"2",-2.99658,53.4111
109.95,"2",-2.97505,53.4231
99.95,"2",-2.95788,53.3985
84.95,"2",-2.90707,53.4135
79.95,"2",-2.95993,53.3815
150,"2",-2.99514,53.408
195,"2",-3.00144,53.4148
182.95,"2",-2.9944565,53.40941
159.95,"2",-2.98566,53.3993
120,"2",-2.97819,53.3989
155,"2",-2.97982,53.4004
77.5,"2",-2.93261,53.3984
181.25,"2",-2.99369,53.4069
65,"2",-2.93914,53.45145
95,"2",-2.94113,53.4446
172,"2",-2.99403,53.4132
150,"2",-2.96804,53.3974
159.95,"2",-2.97776,53.4161
105.35,"2",-2.91026,53.4639
180.5,"2",-2.98318,53.4142
125,"2",-2.98595,53.41362
155,"2",-2.888922,53.407215
155,"2",-2.99077,53.4057
159.95,"2",-2.9853,53.3881
105,"2",-2.9497,53.4514
155,"2",-2.99077,53.4057
57,"2",-2.94601,53.3962
75,"2",-2.863505,53.433266
85,"2",-2.9534314,53.45455
89.95,"2",-2.8838,53.3515
155,"2",-2.98567,53.3875
202.95,"2",-2.98561,53.40938
167.5,"2",-2.99279,53.4101
199.95,"2",-2.94289,53.3898
119.95,"2",-2.98739,53.4103
125,"2",-2.99343,53.421
132,"2",-2.93417,53.3735
50,"2",-2.95704,53.3901
56,"2",-2.97588,53.4404
199.95,"2",-2.99864,53.4162
124.995,"2",-2.98558,53.4114
110,"2",-2.87316,53.4524
135,"2",-2.88569,53.4159
110,"2",-2.97982,53.4004
135,"2",-2.97067,53.3782
235,"2",-2.99979,53.4143
115,"2",-2.98834,53.4285
85,"2",-2.95348,53.4552
110,"2",-2.96879,53.4497
85,"2",-2.90778,53.4693
169.95,"2",-2.9781,53.3949
198.95,"2",-2.99012,53.403
205.045,"2",-2.99979,53.4143
122,"2",-2.93659,53.3897
160,"2",-2.9901,53.4104
119.95,"2",-2.96905,53.3773
190,"2",-2.9796,53.3999
120,"2",-2.89619,53.4508
168,"2",-2.99659,53.4099
120,"2",-2.88349,53.4529
170,"2",-2.887169,53.45059
69.995,"2",-2.96894,53.4485
219.95,"2",-2.92944,53.4795
60,"2",-2.98993,53.4471
156.95,"2",-2.97789,53.3917
62,"2",-2.96505,53.449
150,"2",-2.88224,53.4231
199.999,"2",-2.9947658,53.405205
97.5,"2",-2.89254,53.4355
70,"2",-2.99618,53.4638
187.466,"2",-2.99321,53.4052
201,"2",-2.99979,53.4143
120,"2",-2.96716,53.3788
260,"2",-2.99659,53.4099
80,"2",-2.91858,53.4664
82,"2",-2.88389,53.4503
149.995,"2",-2.95388,53.3798
90,"2",-2.87706,53.4331
103.2,"2",-2.9867,53.4509
140,"2",-3.01862,53.477
62.5,"2",-3.0023243,53.458748
459,"2",-2.8911686,53.37721
115,"2",-3.02167,53.4705
95,"2",-2.88389,53.4503
90,"2",-2.96946,53.38
94.95,"2",-2.92754,53.4688
190,"2",-2.98257,53.474
129.95,"2",-2.9704876,53.378094
115,"2",-2.95136,53.4641
139,"2",-2.93417,53.3735
79.95,"2",-2.86453,53.4232
65,"2",-2.86004,53.432
240,"2",-2.86459,53.37268
87.5,"2",-2.847778,53.40918
100,"2",-2.838587,53.38824
220,"2",-2.851775,53.37577
55,"2",-3.0048,53.4607
114.95,"2",-3.01943,53.4718
58,"2",-2.99944,53.4661
165,"2",-2.840261,53.409393
122.5,"2",-2.871816,53.38413
95,"2",-2.843741,53.411
70,"2",-2.997006,53.46109
75,"2",-3.00916,53.4626
125,"2",-3.02001,53.481
87.5,"2",-2.8292,53.4035
94.95,"2",-2.82027,53.4097
190,"2",-2.833958,53.41024
54.95,"2",-3.0117,53.4609
90,"2",-2.83562,53.4225
129.95,"2",-3.00457,53.4781
75,"2",-3.01488,53.4686
69.95,"2",-2.83363,53.4267
115,"2",-2.818299,53.411896
70,"2",-2.85751,53.3809
95,"2",-3.02717,53.4779
149.95,"2",-2.83644,53.4046
75,"2",-2.839153,53.391354
119,"2",-3.01794,53.48
125,"2",-3.00457,53.4781
225,"2",-3.04508,53.485
105,"2",-2.9969,53.4813
65,"2",-2.83262,53.4262
179,"2",-3.03769,53.4866
107.5,"2",-2.82422,53.4124
67.5,"2",-2.89649,53.3474
95,"2",-2.834337,53.40268
70,"2",-2.82286,53.41
140,"2",-2.832366,53.36332
73,"2",-2.89423,53.3543
75,"2",-2.883391,53.349182
109.5,"2",-2.82164,53.4169
95,"2",-2.81959,53.4098
65,"2",-2.89423,53.3543
100,"2",-3.00732,53.4785
66.5,"2",-2.89423,53.3543
54.995,"2",-2.88157,53.4847
47.5,"2",-2.86995,53.4721
99.95,"2",-2.834337,53.40268
139.95,"2",-3.04093,53.4828
49,"2",-2.97929,53.4882
109.95,"2",-3.02775,53.4738
85,"2",-3.01863,53.4803
99.95,"2",-3.0341,53.4801
94.95,"2",-2.8845,53.3522
197.5,"2",-3.03976,53.4928
109.95,"2",-2.89031,53.4967
130,"2",-2.841036,53.36995
79.95,"2",-2.8558,53.35615
129.995,"2",-3.04251,53.4814
119.95,"2",-3.01752,53.487
98,"2",-3.04278,53.4847
115,"2",-3.03985,53.483
80,"2",-2.89516,53.4974
100,"2",-2.829908,53.357304
139.95,"2",-3.03469,53.4853
59.995,"2",-2.94393,53.4152
55,"2",-2.93424,53.4304
109.95,"2",-2.9445,53.4106
99.999,"2",-2.9832828,53.401695
45,"2",-2.94004,53.4235
200,"2",-2.99514,53.408
1200,"2",-2.94109,53.4145
185,"2",-2.9596,53.3857
179.95,"2",-2.9585,53.3854
175,"2",-2.9585,53.3854
160,"2",-2.9585,53.3854
75,"2",-2.90992,53.4121
85,"2",-2.91691,53.4168
129.95,"2",-2.98558,53.4114
65,"2",-2.94158,53.401
85.5,"2",-2.90992,53.4121
288,"2",-2.99436,53.4066
130,"2",-2.96699,53.411
85,"2",-2.98432,53.4118
65,"2",-2.97497,53.4328
184.95,"2",-2.97393,53.4007
60,"2",-2.97588,53.4404
157,"2",-2.98348,53.391
64,"2",-2.92747,53.3991
189.95,"2",-2.9585,53.3854
310,"2",-2.98598,53.4136
134.95,"2",-2.98924,53.3985
175,"2",-2.99979,53.4143
250,"2",-2.94959,53.387
90,"2",-2.869583,53.4213
94,"2",-2.98475,53.4268
220,"2",-2.99283,53.4089
169.5,"2",-2.98567,53.3893
288.34,"2",-2.98553,53.3989
134.95,"2",-2.98161,53.4427
275,"2",-2.99954,53.4109
215.5,"2",-2.99172,53.4062
199.5,"2",-2.98567,53.3893
215.425,"2",-2.99944,53.4172
619,"2",-2.9996,53.4127
148.5,"2",-2.9996,53.4127
195,"2",-2.9956,53.4026
195,"2",-2.9675944,53.39901
68.17,"2",-2.96177,53.4588
145,"2",-2.98595,53.41362
76.95,"2",-2.95224,53.4678
75,"2",-2.9682896,53.44352
114.995,"2",-2.96946,53.38
115,"2",-3.00665,53.46
130,"2",-2.9108486,53.433506
100,"2",-2.9655569,53.383423
190,"2",-2.94592,53.379948
229.95,"2",-2.84399,53.4027
115,"2",-3.01034,53.486
75,"2",-2.930888,53.43098
86,"2",-2.85751,53.3809
210,"2",-2.9690402,53.40175
98.5,"2",-2.835115,53.410934
94.5,"2",-2.89939,53.3551
82,"2",-2.9342818,53.397686
77.339,"2",-2.89423,53.3543
150,"2",-2.8976145,53.376194
165,"2",-2.9013216,53.389454
95,"2",-2.9472313,53.40922
89.95,"2",-2.9759169,53.422897
227.5,"2",-2.9900973,53.403034
158,"2",-2.9690402,53.40175
85,"2",-2.9398031,53.4237
75,"2",-3.01789,53.4697
89,"2",-2.85579,53.3562
85,"2",-2.946499,53.409435
159.95,"2",-2.9463553,53.381958
69.95,"2",-2.9283113,53.421875
85,"2",-2.9324806,53.41297
80,"2",-2.947255,53.4096
225,"2",-2.954953,53.39061
60,"2",-2.940107,53.424515
75,"2",-2.947477,53.406055
135,"2",-2.9565454,53.408638
125,"2",-2.971156,53.409454
90,"2",-2.9462662,53.414536
60,"2",-2.9833577,53.43623
182.5,"2",-2.9995172,53.410892
85,"2",-2.9592333,53.409756
95,"2",-2.9620092,53.41211
120,"2",-2.9378152,53.430466
69.95,"2",-2.940107,53.424515
40,"2",-2.9618948,53.425034
50,"2",-2.9405186,53.42543
90,"2",-2.9656208,53.418118
90,"2",-2.9237812,53.401714
90,"2",-2.9183352,53.414925
70,"2",-2.9222608,53.414165
36,"2",-2.9552732,53.42638
85,"2",-2.9270587,53.402344
60,"2",-2.9516633,53.42445
190,"2",-2.9585292,53.375103
89.95,"2",-2.9301972,53.41245
60,"2",-2.9181256,53.408688
260,"2",-2.9997635,53.41434
69.95,"2",-2.9175117,53.407425
95,"2",-2.9235094,53.40235
295,"2",-2.993986,53.400143
68,"2",-2.9271872,53.402027
99.95,"2",-2.9603665,53.40263
120,"2",-2.909891,53.41898
65,"2",-2.9110527,53.412796
155,"2",-2.9482062,53.38473
110,"2",-2.9354358,53.398872
118,"2",-2.9589033,53.40111
68,"2",-2.9692633,53.438683
119,"2",-2.988311,53.428486
68,"2",-2.948811,53.437607
75,"2",-2.9094224,53.413246
70,"2",-2.931645,53.39953
95,"2",-2.9761963,53.419983
190,"2",-2.927297,53.376644
100,"2",-2.951267,53.452526
175,"2",-2.9269958,53.37661
50,"2",-2.930722,53.398586
79,"2",-2.9274397,53.399105
65,"2",-2.9274397,53.399105
80,"2",-2.9737651,53.434765
69.95,"2",-2.9317775,53.398018
59.95,"2",-2.921268,53.414173
80,"2",-2.931938,53.397793
160,"2",-2.9610767,53.400116
75,"2",-2.9108684,53.41614
208,"2",-2.992828,53.40402
109.95,"2",-2.9585674,53.398876
110,"2",-2.9578516,53.398487
115,"2",-2.9578516,53.398487
85,"2",-2.9322228,53.395687
110,"2",-2.9787884,53.435226
189.95,"2",-2.9785647,53.400593
120,"2",-2.9191825,53.399105
99.95,"2",-2.9759169,53.422897
105,"2",-2.9385052,53.399612
195,"2",-2.9653244,53.3984
110,"2",-2.872629,53.37461
200,"2",-2.9164681,53.392464
99.95,"2",-2.9351625,53.400814
149.95,"2",-2.9813128,53.401054
99.95,"2",-2.9163568,53.41388
60,"2",-2.9227767,53.402557
95,"2",-2.9030294,53.42892
125,"2",-2.9679675,53.37835
105,"2",-2.9603665,53.40263
80,"2",-2.9237578,53.402027
200,"2",-2.9162228,53.427235
69.995,"2",-2.9215016,53.404114
140,"2",-2.914967,53.41572
57.5,"2",-2.9419136,53.40139
270,"2",-2.9340699,53.37496
85,"2",-2.934364,53.392517
127.5,"2",-2.9717786,53.40971
55,"2",-2.9409828,53.396706
105,"2",-2.9673567,53.428307
130,"2",-2.9111977,53.398457
130,"2",-2.956935,53.393154
190,"2",-2.905056,53.40246
108,"2",-2.9876237,53.422207
125,"2",-2.9855113,53.40896
190,"2",-2.9067035,53.419804
90,"2",-2.946108,53.390472
112,"2",-2.9716794,53.406017
185,"2",-2.962586,53.399006
120,"2",-2.9787884,53.435226
65,"2",-2.9390578,53.45132
55,"2",-2.9642847,53.44285
225,"2",-2.9777658,53.399853
179.95,"2",-2.9784665,53.40024
50,"2",-2.969205,53.4414
92,"2",-2.9277735,53.39095
80,"2",-2.9277735,53.39095
72.5,"2",-2.9110506,53.4148
75,"2",-2.932556,53.39716
109.95,"2",-2.9907713,53.41196
199.95,"2",-2.9690402,53.40175
79.95,"2",-2.9681292,53.431835
135,"2",-2.9884796,53.409813
79.95,"2",-2.9070506,53.41349
110,"2",-2.9585674,53.398876
225,"2",-2.9869235,53.397827
104.95,"2",-2.9249141,53.401245
45,"2",-2.985889,53.431786
137.95,"2",-2.990073,53.410404
70,"2",-2.931938,53.397793
99.95,"2",-2.9578516,53.398487
229.95,"2",-2.9785647,53.400593
105,"2",-2.976819,53.416958
165,"2",-2.94818,53.383553
135,"2",-2.9825144,53.39837
325,"2",-2.9259143,53.366253
79.95,"2",-2.9626727,53.394188
210,"2",-2.9997635,53.41434
200,"2",-2.9928067,53.408924
360,"2",-2.993986,53.400143
160,"2",-2.9121997,53.40171
85,"2",-2.9150124,53.433243
68,"2",-2.9697728,53.446507
68,"2",-2.9697728,53.446507
60,"2",-2.9684181,53.44653
259.95,"2",-2.9869235,53.397827
120,"2",-2.9340713,53.394943
79.95,"2",-2.9166677,53.398952
150,"2",-2.9156215,53.397156
188.5,"2",-2.9831498,53.41418
198,"2",-2.9951167,53.407997
75,"2",-2.9136684,53.437954
490,"2",-2.9965615,53.409954
169.95,"2",-2.9965615,53.409954
150,"2",-2.9470935,53.38473
162.95,"2",-2.9759307,53.40314
210,"2",-2.9974258,53.40831
125,"2",-2.98595,53.41362
110,"2",-2.9411075,53.444588
185.5,"2",-2.9831498,53.41418
200,"2",-2.9997635,53.41434
202.95,"2",-2.9870977,53.410553
179.95,"2",-2.9974258,53.40831
155,"2",-2.990745,53.405663
190,"2",-2.9995172,53.410892
189.95,"2",-2.9995172,53.410892
120,"2",-2.9365592,53.389755
165,"2",-3.0009942,53.413574
179.95,"2",-2.905056,53.40246
199.95,"2",-2.9773893,53.40115
285,"2",-2.9773893,53.40115
265,"2",-2.9871726,53.40989
225,"2",-2.9662027,53.39601
129.95,"2",-2.9855523,53.411377
190,"2",-2.9795713,53.39989
199.95,"2",-2.928608,53.379543
140,"2",-2.953917,53.382607
155,"2",-2.9797945,53.40044
163.45,"2",-2.9870977,53.410553
180,"2",-2.944436,53.381504
66,"2",-2.9665515,53.44257
150,"2",-2.9487832,53.381607
169.95,"2",-2.9871726,53.40989
55,"2",-2.8948524,53.40791
175,"2",-2.937039,53.390373
90,"2",-2.9783762,53.436935
55,"2",-2.967535,53.440792
210.95,"2",-2.9428592,53.389744
65,"2",-2.9390578,53.45132
185,"2",-2.927297,53.376644
45,"2",-2.9614382,53.45347
155,"2",-2.990745,53.405663
125,"2",-2.8980637,53.40397
110,"2",-2.9049103,53.44448
69.995,"2",-2.8946302,53.417397
40,"2",-2.948788,53.385883
130,"2",-2.8980637,53.40397
139.999,"2",-2.987041,53.410053
58,"2",-2.9669514,53.441612
230,"2",-2.9388132,53.375347
119.95,"2",-2.993405,53.421047
115,"2",-2.988311,53.428486
115,"2",-2.9522943,53.380634
240,"2",-2.9997635,53.41434
100,"2",-2.9428592,53.389744
169.95,"2",-3.0009942,53.413574
45,"2",-2.9822483,53.437084
190,"2",-2.9208384,53.381752
159.95,"2",-2.9887738,53.406925
120,"2",-3.0398202,53.48299
185,"2",-2.9164681,53.392464
199.95,"2",-2.9465046,53.38801
400,"2",-2.924358,53.37975
130,"2",-2.9856336,53.399284
172,"2",-2.994005,53.41322
140,"2",-2.992144,53.411484
59.95,"2",-2.962881,53.38944
160,"2",-2.948647,53.378193
169.95,"2",-2.9453702,53.38771
120,"2",-2.9505231,53.384136
179.95,"2",-2.9458964,53.384315
160,"2",-2.9210536,53.37919
195,"2",-2.9974258,53.40831
220,"2",-2.9928067,53.408924
89.95,"2",-2.8769746,53.43172
220,"2",-2.9928067,53.408924
260,"2",-2.9964302,53.410763
260,"2",-2.9965615,53.409954
105,"2",-2.9464517,53.46487
185,"2",-2.9055676,53.382633
195,"2",-2.9974258,53.40831
50,"2",-2.9694738,53.44792
226.044,"2",-2.9936316,53.405594
110,"2",-2.902056,53.35876
259,"2",-2.9465108,53.382866
154.95,"2",-2.9951167,53.407997
155,"2",-2.8926992,53.38771
200,"2",-2.9951167,53.407997
70,"2",-2.9617393,53.458805
97.5,"2",-2.8925123,53.43553
162.95,"2",-2.993446,53.406662
310,"2",-2.9869235,53.397827
140,"2",-2.9700513,53.378757
140,"2",-2.9700513,53.378757
155,"2",-2.9482062,53.38473
160,"2",-2.9964302,53.410763
175,"2",-2.900694,53.39034
325,"2",-2.8995843,53.38764
179.95,"2",-3.0013456,53.411243
195,"2",-2.9995172,53.410892
145,"2",-2.9013216,53.389454
159.95,"2",-2.9690843,53.377876
80,"2",-2.8876522,53.434177
145,"2",-2.8839376,53.424908
350,"2",-2.9340699,53.37496
215,"2",-2.9340699,53.37496
77.5,"2",-3.0052357,53.471535
170,"2",-2.833341,53.408653
65,"2",-2.8793638,53.42496
148.5,"2",-2.9974258,53.40831
179.95,"2",-2.95808,53.385227
160,"2",-2.95808,53.385227
139.95,"2",-2.9497921,53.381687
185,"2",-2.9856467,53.387493
145,"2",-2.9281156,53.37765
62,"2",-3.02301,53.39
179.95,"2",-2.900694,53.39034
179.95,"2",-2.986109,53.389923
219.95,"2",-2.9869692,53.389404
36.25,"2",-2.969548,53.45184
200,"2",-2.9822905,53.39061
80,"2",-2.9614382,53.45347
82.5,"2",-2.9661043,53.383698
150,"2",-2.9409022,53.377373
179.95,"2",-2.8815894,53.403065
199,"2",-2.8955083,53.37683
49.5,"2",-2.8109329,53.36392
169.95,"2",-2.9288933,53.377464
150,"2",-2.9419377,53.37866
90,"2",-2.9746513,53.3827
125,"2",-2.938715,53.370197
55,"2",-2.9601696,53.46399
150,"2",-2.9288933,53.377464
100,"2",-2.9641416,53.38267
250,"2",-2.8899412,53.370106
135.995,"2",-2.9688828,53.462963
90,"2",-2.9746513,53.3827
179.95,"2",-2.9497483,53.377014
235,"2",-2.9437754,53.38018
155,"2",-2.8946552,53.38562
350,"2",-2.918538,53.38036
115,"2",-2.9421446,53.376453
245,"2",-2.9869692,53.389404
80,"2",-2.8712902,53.422405
275,"2",-2.9359362,53.375072
169.95,"2",-2.917578,53.38115
135,"2",-2.874782,53.411438
150,"2",-2.968232,53.377403
159,"2",-2.917578,53.38115
140,"2",-2.9692514,53.37861
140,"2",-2.9281156,53.37765
65,"2",-2.940647,53.468037
190,"2",-2.9409022,53.377373
150,"2",-3.031201,53.475548
197,"2",-2.9720309,53.377888
249,"2",-2.9720309,53.377888
117,"2",-3.0216477,53.47051
129.95,"2",-2.9706397,53.378185
75,"2",-2.939728,53.373886
85,"2",-3.0072193,53.46242
104.95,"2",-2.8514862,53.4284
127,"2",-2.92327,53.36212
95,"2",-3.05112,53.4286
130,"2",-2.9248848,53.361748
210,"2",-2.8588517,53.38687
295,"2",-2.9273233,53.36886
90,"2",-2.9017656,53.369907
75,"2",-2.9942238,53.46192
300,"2",-2.8791163,53.37796
190,"2",-2.8630219,53.381935
210,"2",-2.9825447,53.474052
190,"2",-2.9825447,53.474052
119.95,"2",-2.9045887,53.358444
199.95,"2",-2.9259143,53.366253
85,"2",-2.90057,53.3543
105,"2",-2.8514862,53.4284
170,"2",-2.8623867,53.388447
199.95,"2",-2.8630219,53.381935
270,"2",-2.8661814,53.387978
80,"2",-3.018713,53.469383
150,"2",-3.0004518,53.4712
175,"2",-3.0004518,53.4712
120,"2",-2.8785582,53.37713
115,"2",-2.9045887,53.358444
193,"2",-2.8778281,53.37745
140,"2",-2.8632543,53.383766
93.5,"2",-2.8437064,53.410973
194.95,"2",-2.8614433,53.38267
250,"2",-2.8654547,53.37884
179.95,"2",-2.873755,53.372337
115,"2",-3.0216477,53.47051
115,"2",-3.0216477,53.47051
58,"2",-2.9994135,53.46612
110,"2",-2.9088466,53.36224
245,"2",-2.8706007,53.373188
112.995,"2",-2.8482792,53.40793
115,"2",-2.8992143,53.36509
40,"2",-2.8973064,53.478725
145,"2",-2.9221115,53.361355
215,"2",-2.8638942,53.377506
90,"2",-3.0076506,53.473637
100,"2",-2.872629,53.37461
190,"2",-2.8730958,53.37244
70,"2",-2.8946807,53.34811
119.95,"2",-2.8387249,53.40552
125,"2",-2.902056,53.35876
160,"2",-2.8539186,53.37854
95,"2",-3.0202637,53.470592
85,"2",-3.0202637,53.470592
67.5,"2",-2.8941536,53.353794
75,"2",-2.8391528,53.391354
180,"2",-2.8594787,53.37919
89,"2",-2.80398,53.431
140,"2",-2.9120378,53.48761
125,"2",-3.0201862,53.473648
75,"2",-3.0148537,53.468643
159.995,"2",-2.8520494,53.361717
105,"2",-2.8986392,53.35561
125,"2",-3.0199862,53.48101
94.95,"2",-2.8238125,53.412243
65,"2",-2.8326004,53.426193
99.95,"2",-2.8343663,53.40264
120,"2",-3.0171824,53.46837
115,"2",-2.9005947,53.356434
87,"2",-2.80093,53.4232
80,"2",-2.888238,53.359753
109.995,"2",-2.8238125,53.412243
73,"2",-2.894209,53.35427
40,"2",-2.8811915,53.485657
117.5,"2",-2.8263917,53.41103
65,"2",-2.8216112,53.417454
89.95,"2",-2.8993638,53.35507
109.95,"2",-2.8238125,53.412243
210,"2",-3.0086918,53.49149
85,"2",-3.0280476,53.477867
65,"2",-2.8799775,53.487427
145,"2",-3.0199685,53.471485
110,"2",-3.032767,53.47738
85,"2",-3.0185523,53.480286
120,"2",-3.0199862,53.48101
90,"2",-2.823025,53.40964
180,"2",-3.0351057,53.47689
95,"2",-3.0272048,53.477913
95,"2",-2.93235,53.5057
160,"2",-3.0376637,53.48662
75,"2",-2.8943987,53.346844
150,"2",-2.9972064,53.49855
99.95,"2",-3.034069,53.480118
99.95,"2",-3.034069,53.480118
175,"2",-3.022333,53.49087
129.95,"2",-2.8344078,53.367855
80,"2",-2.8941321,53.34559
180,"2",-3.0170414,53.493973
220,"2",-3.0086918,53.49149
100,"2",-3.0328207,53.479588
80,"2",-2.8951378,53.49739
120,"2",-3.0293493,53.492428
145,"2",-3.026597,53.490185
220,"2",-3.0014572,53.501724
160,"2",-3.0467262,53.484375
212.5,"2",-3.041453,53.487495
80,"2",-2.8951378,53.49739
285,"2",-3.007407,53.500866
70,"2",-2.9972928,53.49581
230,"2",-2.9825263,53.50651
110,"2",-3.0297754,53.495705
110,"2",-3.02116,53.49286
98,"2",-3.0427244,53.484653
85,"2",-2.8429122,53.346455
195,"2",-3.0467262,53.484375
125,"2",-3.048595,53.497204
180,"2",-3.0460885,53.490917
150,"2",-3.0472157,53.49139
155,"2",-3.051198,53.489693
75,"2",-3.0303,53.4134
50,"2",-2.95136,53.4151
199.995,"2",-2.9917,53.4087
75,"2",-3.023,53.3866
123.95,"2",-3.0671,53.4353
69.95,"2",-2.91998,53.4083
95,"2",-2.96204,53.4121
60,"2",-2.949381,53.415913
229.995,"2",-3.07027,53.4319
49.95,"2",-2.97983,53.4446
49.95,"2",-2.96192,53.425
200,"2",-3.01074,53.348
59.95,"2",-2.949666,53.413197
40,"2",-2.955273,53.426384
70,"2",-2.92165,53.4126
55,"2",-2.98986,53.455
189.95,"2",-2.99658,53.4111
165,"2",-2.962586,53.399006
110,"2",-2.87265,53.3746
75,"2",-2.9672341,53.427555
85,"2",-3.05839,53.3676
85,"2",-2.91381,53.422806
99.95,"2",-2.9351625,53.400814
75,"2",-2.94566,53.4287
104.95,"2",-2.9365592,53.389755
89.95,"2",-2.9175887,53.422886
59.995,"2",-2.946798,53.42835
110,"2",-2.9585674,53.398876
145,"2",-2.9004006,53.428444
120,"2",-2.91709,53.4173
175,"2",-2.96272,53.3977
90,"2",-2.94562,53.4363
140,"2",-2.97008,53.3787
110,"2",-2.88151,53.4234
135,"2",-2.9664972,53.400368
70,"2",-3.03118,53.4207
69.95,"2",-2.91947,53.398483
140,"2",-2.9156215,53.397156
136.95,"2",-2.79642,53.4321
80,"2",-2.9627562,53.39655
65,"2",-2.9749396,53.432804
330,"2",-2.9227,53.3808
159.95,"2",-2.969251,53.378613
120.995,"2",-2.96204,53.4284
100,"2",-2.927978,53.401733
150,"2",-2.98228,53.42173
94.95,"2",-2.98751,53.4172
79.95,"2",-2.951626,53.391113
130,"2",-2.98553,53.3989
90,"2",-2.92424,53.4035
69.95,"2",-2.9835103,53.433712
55,"2",-3.02785,53.3806
89.95,"2",-2.987248,53.4547
229.95,"2",-2.97859,53.4006
39.95,"2",-2.97669,53.4286
140,"2",-2.97605,53.4034
69.5,"2",-2.98687,53.4476
65,"2",-2.97446,53.44152
297,"2",-2.9943326,53.40662
185,"2",-2.94446,53.3815
79.95,"2",-2.9300828,53.39825
230,"2",-2.9869235,53.397827
125,"2",-2.91122,53.3984
195.5,"2",-2.983484,53.41532
189.95,"2",-2.9595792,53.3857
185,"2",-2.9595792,53.3857
134.95,"2",-2.9892104,53.39851
175,"2",-2.95808,53.385227
179.95,"2",-2.95808,53.385227
155,"2",-3.02837,53.4053
99.95,"2",-2.99049,53.419
185.5,"2",-2.98318,53.4142
90,"2",-2.98002,53.3881
100,"2",-2.93276,53.3903
149.95,"2",-3.02856,53.4049
159.95,"2",-2.8952587,53.3764
165,"2",-2.9208384,53.381752
125,"2",-3.03889,53.4387
157,"2",-2.9834564,53.39096
260,"2",-2.99659,53.4099
49.5,"2",-2.81096,53.3639
195,"2",-2.98318,53.4142
177,"2",-3.05218,53.3807
155.95,"2",-2.928608,53.379543
125,"2",-2.97067,53.3782
45,"2",-2.96904,53.4511
94.5,"2",-2.9694343,53.380047
130,"2",-2.9679675,53.37835
120,"2",-2.8961608,53.45082
110,"2",-2.95347,53.3817
110,"2",-2.89619,53.4508
140,"2",-2.9323242,53.376244
260,"2",-2.99658,53.4111
89.95,"2",-3.02579,53.385
87,"2",-2.9867,53.4509
199.95,"2",-2.92269,53.3795
84.95,"2",-3.01234,53.3923
59.95,"2",-2.81079,53.4297
145,"2",-2.95259,53.387
60,"2",-2.99495,53.4475
100,"2",-2.9867,53.4509
115,"2",-3.04709,53.419
134.95,"2",-3.03463,53.4303
120,"2",-3.04675,53.385
124.95,"2",-2.98466,53.4485
99,"2",-2.9867,53.4509
140,"2",-2.96928,53.3786
599,"2",-2.8761148,53.389183
201,"2",-3.0009942,53.413578
180,"2",-2.99472,53.4092
40,"2",-2.99322,53.4494
192.5,"2",-2.92269,53.3795
129.95,"2",-2.92108,53.3792
110,"2",-3.04507,53.4385
160,"2",-3.0371,53.4391
130,"2",-3.03889,53.4387
50,"2",-2.99351,53.449
225,"2",-2.8955083,53.37683
55,"2",-2.9419,53.4669
79.95,"2",-3.03968,53.4226
147.5,"2",-3.05752,53.4317
41.25,"2",-2.9914,53.4416
85,"2",-3.03501,53.3961
104,"2",-2.96742,53.3796
63,"2",-3.02439,53.3837
80,"2",-3.04625,53.4148
60,"2",-3.02798,53.4096
120,"2",-3.02856,53.4049
59.95,"2",-2.9899578,53.44678
99,"2",-2.99281,53.4611
70,"2",-3.02033,53.3842
65,"2",-2.8600173,53.431995
459,"2",-2.8912766,53.377186
79.95,"2",-3.04625,53.4148
60,"2",-3.02417,53.3856
545,"2",-2.8912766,53.377186
38.5,"2",-3.01701,53.3831
87.5,"2",-3.01348,53.395153
60,"2",-3.00199,53.4606
129.95,"2",-3.04749,53.4182
85,"2",-2.99391,53.3576
80,"2",-3.02301,53.39
59.995,"2",-3.00414,53.459
115,"2",-2.8552,53.4313
56,"2",-2.997833,53.462315
125,"2",-3.04888,53.4167
159.95,"2",-3.05444,53.4335
144.95,"2",-3.05286,53.4153
69.95,"2",-2.9042993,53.488705
45,"2",-3.02301,53.39
64.95,"2",-3.0282,53.4159
107,"2",-3.01712,53.3941
104.95,"2",-2.97619,53.3438
42,"2",-3.0282,53.4159
185,"2",-2.8975034,53.36734
110,"2",-3.01685,53.3929
53,"2",-3.03091,53.3811
70,"2",-3.02783,53.4098
80,"2",-3.02301,53.39
119,"2",-2.8959,53.3765
74,"2",-2.87107,53.4714
65,"2",-2.97461,53.4665
92,"2",-3.016952,53.39297
38,"2",-3.01644,53.3738
125,"2",-2.86524,53.3705
59.95,"2",-3.05116,53.3991
122,"2",-3.0527,53.4385
59.95,"2",-3.01806,53.3772
74.95,"2",-3.04855,53.4105
100,"2",-2.87265,53.3746
127,"2",-3.03889,53.4387
90,"2",-3.05349,53.4127
110,"2",-2.8992143,53.36509
130,"2",-2.9233,53.3621
80,"2",-3.04208,53.4227
69.95,"2",-3.0354,53.4106
57.5,"2",-3.00716,53.3683
50,"2",-3.03094,53.3809
90,"2",-2.9985,53.3663
140,"2",-2.99822,53.3577
79.95,"2",-3.03828,53.3884
55,"2",-3.05013,53.4112
280,"2",-3.03959,53.4116
35,"2",-3.02897,53.4157
72.5,"2",-3.03313,53.4129
89.995,"2",-3.0379,53.3885
69.95,"2",-2.90939,53.464
199.995,"2",-3.05626,53.415
67,"2",-3.02301,53.39
59.95,"2",-3.01027,53.3671
139.95,"2",-3.04873,53.4338
195,"2",-2.865343,53.388184
100,"2",-2.915568,53.358242
79.999,"2",-3.01314,53.4637
300,"2",-2.9204133,53.366997
110,"2",-3.03889,53.4387
146.95,"2",-3.0438,53.3763
79.95,"2",-3.02006,53.3818
59.5,"2",-3.02301,53.39
230,"2",-3.05756,53.3728
84.95,"2",-3.04259,53.4121
300,"2",-3.00804,53.3663
119.95,"2",-3.07564,53.3858
114.95,"2",-3.03943,53.4234
124.999,"2",-3.0671,53.4353
65,"2",-3.02443,53.3773
110,"2",-3.04283,53.4214
87,"2",-3.0419,53.3976
55,"2",-2.99552,53.3611
78,"2",-3.02592,53.3828
105,"2",-3.04159,53.4325
110,"2",-3.01224,53.3647
79.95,"2",-3.03052,53.3818
95,"2",-3.03573,53.3895
70,"2",-3.03518,53.3824
145.95,"2",-2.98586,53.3566
85,"2",-3.01362,53.3923
89.995,"2",-3.02027,53.3767
75,"2",-3.0307,53.3814
35,"2",-3.03688,53.38891
67,"2",-3.019483,53.37011
135,"2",-2.9233766,53.3615
179.95,"2",-3.00243,53.3504
84.95,"2",-3.04838,53.416
59.95,"2",-3.04907,53.4107
55,"2",-3.01724,53.3764
95,"2",-3.02369,53.3795
65,"2",-3.01452,53.3731
64.995,"2",-2.86996,53.4895
45,"2",-3.04479,53.4374
95.95,"2",-3.04002,53.3753
95,"2",-3.05142,53.4209
95,"2",-3.0454,53.3843
66.5,"2",-2.894209,53.35427
109.95,"2",-2.894209,53.35427
100,"2",-3.04002,53.3753
110,"2",-2.89939,53.3551
125,"2",-3.0671,53.4353
134.95,"2",-3.04151,53.3842
92.5,"2",-3.05875,53.3863
119.95,"2",-3.0582,53.3854
147.5,"2",-3.01847,53.3492
42,"2",-2.90298,53.4773
73.5,"2",-3.05223,53.3985
82.5,"2",-2.97068,53.4945
180,"2",-3.05416,53.3868
117,"2",-2.80484,53.4064
74,"2",-3.05116,53.3991
240,"2",-3.04298,53.3803
114.95,"2",-3.05918,53.3867
144.95,"2",-3.04153,53.382
149.95,"2",-2.9710374,53.482674
131.5,"2",-3.04334,53.3728
135,"2",-3.04864,53.3822
100,"2",-3.04838,53.416
86,"2",-2.90225,53.4762
127.5,"2",-3.05821,53.3729
225,"2",-3.04298,53.3803
84.95,"2",-2.89233,53.4982
52,"2",-3.02337,53.3773
72.5,"2",-3.01766,53.3781
140,"2",-2.99822,53.3577
90,"2",-3.03507,53.3839
97.5,"2",-2.97973,53.3366
54.995,"2",-2.881549,53.48471
90,"2",-3.08911,53.4154
75,"2",-3.015556,53.37029
59,"2",-3.01806,53.3772
127.95,"2",-3.04334,53.3728
100,"2",-3.04277,53.4331
80,"2",-3.02616,53.3777
90,"2",-3.06642,53.4231
140,"2",-3.00582,53.3402
116.95,"2",-3.01034,53.486
125,"2",-3.06033,53.3876
104.95,"2",-2.98405,53.3431
110,"2",-3.04647,53.386
79.95,"2",-2.8557699,53.35616
87.5,"2",-2.93235,53.5057
158,"2",-2.93351,53.5056
110,"2",-3.04832,53.3767
90,"2",-3.01792,53.4697
100,"2",-3.05306,53.3932
110,"2",-2.87361,53.4763
78,"2",-2.8575747,53.35402
125,"2",-3.04278,53.369
99.995,"2",-2.974518,53.487415
139.95,"2",-3.02021,53.4736
82,"2",-3.03876,53.3699
115,"2",-2.82246,53.3977
139.95,"2",-3.00582,53.3402
60,"2",-2.80011,53.4292
120,"2",-2.97196,53.4945
35,"2",-3.06032,53.4023
95,"2",-2.89473,53.501
80,"2",-2.8951378,53.497395
85,"2",-2.89473,53.501
125,"2",-2.80484,53.4064
80,"2",-2.80064,53.4317
115,"2",-3.05875,53.3863
89.95,"2",-3.05752,53.3937
119.995,"2",-2.8205507,53.37096
184.995,"2",-2.99331,53.3395
169.95,"2",-2.94664,53.5049
110,"2",-3.05682,53.38
86,"2",-2.80093,53.4232
160,"2",-2.93351,53.5056
150,"2",-2.98672,53.3441
100,"2",-3.08007,53.3728
79.95,"2",-2.801111,53.42508
75,"2",-2.799454,53.42429
80,"2",-2.80104,53.425
83,"2",-2.79776,53.4248
175,"2",-2.9245,53.506
85,"2",-2.79887,53.4301
155,"2",-2.796,53.4268
84.95,"2",-2.8029,53.4312
159.95,"2",-2.79501,53.4269
210,"2",-3.09086,53.3537
83,"2",-2.832904,53.338543
104,"2",-2.79487,53.5062
289.95,"2",-3.07681,53.3357
55.445,"2",-2.94834,53.4303
195,"2",-2.90248,53.4273
65,"2",-2.92616,53.4015
69.95,"2",-2.94194,53.4014
170,"2",-2.91085,53.4274
164.95,"2",-2.96849,53.3968
155,"2",-2.94982,53.3817
99.5,"2",-2.98441,53.401
78.35,"2",-2.88768,53.4258
90,"2",-2.99379,53.4475
69.95,"2",-3.03088,53.3846
89,"2",-2.89736,53.4543
118,"2",-3.01685,53.3929
100,"2",-3.01685,53.3929
108,"2",-3.01766,53.3781
110,"2",-3.01584,53.3945
79.95,"2",-2.99906,53.4543
110,"2",-3.01685,53.3929
94.95,"2",-3.04201,53.3899
65,"2",-3.00037,53.3692
94,"2",-2.8937,53.4616
107,"2",-3.05875,53.3863
55,"2",-3.02161,53.3682
55,"2",-3.03422,53.3848
84.995,"2",-3.02439,53.3837
145,"2",-2.806235,53.405613
99.95,"2",-3.04231,53.3693
120,"2",-3.02537,53.3545
75,"2",-3.0302687,53.413425
128,"2",-3.04787,53.3827
64.95,"2",-3.06095,53.4045
110,"2",-3.00582,53.3402
115,"2",-2.79431,53.4271
77.5,"2",-2.85763,53.355
109,"2",-2.80289,53.4091
150,"2",-2.9939227,53.354828
45,"2",-3.022886,53.39606
142,"2",-3.00582,53.3402
70,"2",-3.0311525,53.420727
50,"2",-2.9787722,53.44827
55,"2",-2.986687,53.44219
55,"2",-2.986842,53.447575
35,"2",-2.986842,53.447575
75,"2",-2.9834542,53.442368
95,"2",-3.04228,53.369328
70,"2",-2.9884212,53.449448
60,"2",-2.989903,53.447117
65,"2",-2.9893055,53.440845
50,"2",-2.9787722,53.44827
40,"2",-2.9931931,53.44939
81.5,"2",-2.9898827,53.453373
300,"2",-3.08682,53.3302
90,"2",-2.9799933,53.38815
110,"2",-3.0283434,53.405342
75,"2",-3.012315,53.39232
110,"2",-3.0149767,53.394222
110,"2",-3.0450425,53.438557
80,"2",-3.0169187,53.37727
85,"2",-3.0349774,53.396065
75,"2",-3.024178,53.394123
80,"2",-3.0420494,53.422672
210,"2",-2.7996,53.3362
85,"2",-3.013594,53.392353
55,"2",-3.020692,53.40807
149.95,"2",-3.0285294,53.404945
95.95,"2",-2.85333,53.40924
35,"2",-3.028609,53.414482
99.13,"2",-3.0288446,53.418003
165,"2",-3.039091,53.419228
70,"2",-3.018657,53.37704
90,"2",-2.9984736,53.36634
50,"2",-3.0028453,53.462173
35,"2",-3.0306356,53.380684
89.95,"2",-3.0242476,53.383877
65,"2",-3.0169187,53.37727
80,"2",-3.051653,53.39838
65,"2",-3.0525289,53.398533
50,"2",-3.0215862,53.36816
75,"2",-3.0531168,53.398594
119.95,"2",-2.8500643,53.447636
88,"2",-2.879091,53.475903
75,"2",-2.9912472,53.484787
80,"2",-3.0462205,53.414814
125,"2",-3.035201,53.37429
45,"2",-3.0447576,53.43737
80,"2",-2.9865022,53.48488
299.95,"2",-3.0035155,53.34683
125,"2",-3.0448802,53.378548
145,"2",-3.0433185,53.376774
89.95,"2",-3.0342028,53.379
100,"2",-2.957833,53.49201
140,"2",-3.0540643,53.384586
110,"2",-3.0643349,53.400326
125,"2",-3.0482914,53.376667
110,"2",-3.0544071,53.382645
160,"2",-2.9945774,53.357143
80,"2",-3.0587227,53.386307
175,"2",-2.9996407,53.357773
110,"2",-3.0603034,53.387596
154.95,"2",-2.8247755,53.42079
169.95,"2",-2.82604,53.39832
135,"2",-2.7963965,53.432106
70,"2",-2.9856472,53.483105
180,"2",-3.0264287,53.355164
140,"2",-2.9800944,53.341488
110,"2",-3.012935,53.349392
122.5,"2",-2.9812376,53.340256
75,"2",-3.0492167,53.38678
95,"2",-3.057492,53.393673
40,"2",-2.795259,53.40423
225,"2",-3.0647573,53.38291
82.5,"2",-2.970657,53.49452
115,"2",-3.0451941,53.37664
130,"2",-3.0787842,53.402515
200,"2",-3.0026946,53.343212
115,"2",-3.0289629,53.352463
285,"2",-3.0614562,53.386196
85,"2",-2.7928667,53.427643
110,"2",-3.0650258,53.393658
185,"2",-3.0647573,53.38291
140,"2",-3.0433125,53.482212
120,"2",-2.7934902,53.41102
102.5,"2",-3.012935,53.349392
190,"2",-2.993814,53.496593
135,"2",-3.0344486,53.489517
92.5,"2",-3.0876188,53.41511
105,"2",-3.0883553,53.370876
45,"2",-3.0535803,53.392067
60,"2",-2.9949257,53.4475
100,"2",-3.0149767,53.394222
159.995,"2",-2.8750207,53.372498
90,"2",-3.066394,53.423122
159.95,"2",-3.066298,53.380184
97.62,"2",-2.96427,53.417
109,"2",-2.9388733,53.427258
75,"2",-2.9470656,53.41462
85,"2",-2.948726,53.422974
62.5,"2",-2.9496667,53.413197
60,"2",-2.9333098,53.423355
40,"2",-2.9454217,53.410378
89.95,"2",-2.9444234,53.40878
75,"2",-2.9441001,53.40844
109.95,"2",-2.9588785,53.418056
42,"2",-2.921268,53.414173
120,"2",-2.9572303,53.409664
55,"2",-2.9489937,53.430946
65,"2",-2.9179783,53.41442
95,"2",-2.917384,53.41616
80,"2",-2.9237578,53.402027
49.95,"2",-2.9344926,53.401134
69.95,"2",-2.9360156,53.43624
89.95,"2",-2.9104753,53.418156
82,"2",-2.9108403,53.414818
84.95,"2",-2.9100642,53.41582
70,"2",-2.9237578,53.402027
95,"2",-2.960418,53.401585
74.95,"2",-2.9089398,53.4146
80,"2",-2.9086154,53.413498
65,"2",-2.9070506,53.41349
69.95,"2",-2.9129338,53.404385
54.95,"2",-2.9034722,53.409336
72.999,"2",-2.8930933,53.41658
75,"2",-2.9627223,53.388397
30,"2",-2.8853278,53.41866
119.95,"2",-2.9505231,53.384136
95,"2",-2.883044,53.42318
65.95,"2",-2.8825157,53.4202
73,"2",-2.8806722,53.416187
52.95,"2",-2.8772287,53.425785
55,"2",-2.877098,53.427475
64.95,"2",-2.8716836,53.41957
69.95,"2",-2.8718748,53.42597
79.95,"2",-2.8688946,53.424473
119.95,"2",-2.933746,53.373222
65,"2",-2.8652723,53.426914
110,"2",-2.8633258,53.42444
98,"2",-2.8633258,53.42444
69.95,"2",-2.8592434,53.41975
99.95,"2",-2.8464847,53.428146
120,"2",-2.9204037,53.360912
100,"2",-2.82648,53.410137
82.5,"2",-2.8586974,53.345585
94.95,"2",-2.8261416,53.346096
57,"2",-3.01806,53.3772
93.62,"2",-2.87771,53.4342
73.26,"2",-2.87432,53.4129
52,"2",-3.0372727,53.3983
59,"2",-2.8019702,53.429153
70,"2",-2.801783,53.424816
145,"3",-2.97271,53.4165
135,"3",-2.93166,53.4266
110,"3",-2.93494,53.4484
190,"3",-2.88696,53.4331
165,"3",-2.88339,53.4152
164.95,"3",-2.93185,53.4835
220,"3",-2.869273,53.39065
330,"3",-2.87914,53.378
155,"3",-2.848693,53.426758
162.95,"3",-2.85981,53.3854
195,"3",-2.823551,53.42102
240,"3",-3.01518,53.4918
199.995,"3",-2.88768,53.4342
129.95,"3",-2.90355,53.4181
140,"3",-2.94671,53.4203
135,"3",-2.94256,53.4113
84.95,"3",-2.89641,53.4151
195,"3",-2.88592,53.4135
79.95,"3",-2.95655,53.4291
105,"3",-2.94126,53.4679
165,"3",-2.930347,53.391346
170,"3",-2.82603,53.4201
187.995,"3",-2.919788,53.44304
175,"3",-2.891333,53.449726
190,"3",-2.91537,53.4367
110,"3",-2.95563,53.427
84.95,"3",-2.896131,53.41464
185,"3",-3.0255,53.476
155,"3",-2.909957,53.437447
220,"3",-2.90859,53.4853
177,"3",-2.90316,53.4068
220,"3",-2.91471,53.4206
134.95,"3",-2.91597,53.4206
90,"3",-2.9566,53.4251
139.95,"3",-2.9908,53.4734
127.5,"3",-2.95843,53.456
135,"3",-2.878667,53.429928
130,"3",-2.835299,53.405457
135,"3",-2.92643,53.422
179,"3",-2.911034,53.440693
149.95,"3",-2.96155,53.4179
120,"3",-2.86967,53.4169
149.95,"3",-2.93098,53.4279
75,"3",-2.929935,53.428703
82,"3",-2.94985,53.4154
60,"3",-2.94693,53.4153
55,"3",-2.94759,53.4274
88,"3",-2.93166,53.4266
99.95,"3",-2.908595,53.449055
120,"3",-2.86502,53.4135
80,"3",-2.97515,53.446
110,"3",-2.93163,53.42273
85,"3",-2.92451,53.4113
95,"3",-2.98164,53.4333
99.95,"3",-2.930117,53.421864
185,"3",-2.899493,53.424862
55,"3",-2.95498,53.4243
149.95,"3",-2.95631,53.3937
189.95,"3",-2.92001,53.3856
139.95,"3",-2.90898,53.416
225,"3",-2.911415,53.409344
100,"3",-2.90541,53.4292
90,"3",-2.9216,53.4221
89.95,"3",-2.94754,53.4158
144,"3",-2.880156,53.423992
90,"3",-2.938065,53.447914
135,"3",-2.959515,53.42891
67,"3",-2.95164,53.4244
129.95,"3",-2.91168,53.4186
119.95,"3",-2.94973,53.41
48.75,"3",-2.9401,53.4252
85,"3",-2.96204,53.4251
275,"3",-3.00699,53.4961
200,"3",-2.93926,53.3755
169.95,"3",-2.846923,53.413124
169.995,"3",-2.92292,53.4753
275,"3",-2.8905654,53.40954
105,"3",-2.91216,53.4146
139.95,"3",-2.96431,53.4195
299.995,"3",-2.92235,53.4005
175,"3",-2.91769,53.4306
135,"3",-2.90331,53.4133
140,"3",-2.90723,53.4116
149.995,"3",-2.96204,53.4284
185,"3",-2.8996,53.4091
120,"3",-2.92548,53.4419
75,"3",-2.97423,53.4421
249.95,"3",-2.90318,53.4006
65,"3",-2.93319,53.3956
75,"3",-2.97356,53.4437
114.995,"3",-2.91244,53.437
169.95,"3",-2.95394,53.3826
110,"3",-2.94706,53.3944
137.5,"3",-2.99219,53.4226
99,"3",-2.93047,53.4299
75,"3",-2.91059,53.43
109.95,"3",-2.881173,53.43206
55,"3",-2.9832354,53.43371
195,"3",-2.88848,53.4025
65,"3",-2.92941,53.3973
155,"3",-2.88105,53.4246
130,"3",-2.98432,53.4118
210,"3",-2.89838,53.4237
200,"3",-2.94504,53.3819
195,"3",-2.9852967,53.388107
150,"3",-2.92041,53.3907
115,"3",-2.94328,53.4408
205,"3",-2.904769,53.443317
143,"3",-2.87175,53.424
95,"3",-2.95107,53.4363
119.95,"3",-2.92482,53.4006
50,"3",-2.97245,53.446
125,"3",-2.904205,53.449753
480,"3",-2.99433,53.40662
100,"3",-2.95585,53.4456
155,"3",-2.97903,53.4313
69.5,"3",-2.93294,53.4532
155,"3",-2.888991,53.451138
69.995,"3",-2.9797153,53.445583
69.95,"3",-2.97493,53.4386
89.95,"3",-2.8788,53.4206
210,"3",-2.9294,53.3883
140,"3",-2.91526,53.4413
165,"3",-2.887652,53.434177
76,"3",-2.870321,53.435364
115,"3",-2.98772,53.429
129.95,"3",-2.859179,53.416035
135,"3",-2.858142,53.414036
118,"3",-2.97622,53.4435
89.95,"3",-2.867143,53.432735
215,"3",-2.92553,53.4775
109.95,"3",-2.86925,53.4213
264.95,"3",-2.9781,53.3949
130,"3",-2.87474,53.4261
160,"3",-2.91649,53.3925
70,"3",-2.95841,53.45599
79.95,"3",-2.9928474,53.461838
65,"3",-2.9597,53.4649
75,"3",-2.92211,53.4484
85,"3",-2.95209,53.4653
149.95,"3",-2.87211,53.4148
125,"3",-2.87474,53.4261
230,"3",-2.847268,53.406994
210,"3",-2.98567,53.3875
79.95,"3",-2.86171,53.4207
134.95,"3",-2.91026,53.4639
74.95,"3",-2.87766,53.4259
125,"3",-2.855836,53.41341
154.95,"3",-2.92468,53.4736
119.95,"3",-2.852571,53.428654
90,"3",-2.87777,53.4209
60,"3",-2.87644,53.4275
112.5,"3",-2.92361,53.467
180,"3",-2.851269,53.40373
89.95,"3",-2.97314,53.4456
185,"3",-2.92207,53.4728
140,"3",-2.87706,53.4331
220,"3",-2.891992,53.39345
70,"3",-3.00862,53.4606
89.95,"3",-2.86491,53.4259
79.95,"3",-2.95799,53.4552
185,"3",-2.90374,53.4487
115,"3",-2.849968,53.417202
139.95,"3",-2.835444,53.41086
115,"3",-2.99369,53.4773
169.95,"3",-2.9851975,53.471024
154.995,"3",-2.8724,53.3983
150,"3",-3.00624,53.4738
114.95,"3",-2.97194,53.4623
129,"3",-2.8665,53.4261
169.95,"3",-2.84835,53.4036
75,"3",-2.87503,53.4284
79.95,"3",-2.94473,53.4668
205,"3",-2.84371,53.4117
160,"3",-2.95382,53.4705
125,"3",-2.84875,53.4266
130,"3",-2.848477,53.41184
115,"3",-2.90562,53.4658
99.95,"3",-2.84506,53.4164
169.95,"3",-2.94172,53.3724
130,"3",-2.86819,53.3922
595,"3",-2.867127,53.38123
170,"3",-2.98765,53.4728
179.95,"3",-2.88767,53.3668
89.95,"3",-2.9647,53.4652
110,"3",-2.849505,53.418633
184.995,"3",-2.92616,53.4788
120,"3",-2.85774,53.4141
80,"3",-2.845071,53.423805
185,"3",-2.842869,53.407387
120,"3",-2.93274,53.3713
99.95,"3",-2.94473,53.4668
209.95,"3",-2.8499,53.4063
59.95,"3",-2.9988,53.4626
93,"3",-2.83918,53.3913
170,"3",-2.99917,53.4763
174.95,"3",-2.878386,53.376053
109.95,"3",-2.853316,53.391235
40,"3",-2.99703,53.4611
110,"3",-2.84488,53.4199
82.95,"3",-3.00846,53.4617
99.995,"3",-2.99475,53.4826
190,"3",-3.00276,53.4727
70,"3",-2.95473,53.4683
79.95,"3",-2.85051,53.428
220,"3",-3.01887,53.4748
249.95,"3",-2.92756,53.4797
185,"3",-2.99892,53.4705
99.95,"3",-2.85113,53.392475
90,"3",-3.00791,53.4617
380,"3",-2.91266,53.4703
80,"3",-2.84721,53.4142
124.95,"3",-2.84371,53.416
134.95,"3",-2.85095,53.396
209.95,"3",-3.01981,53.4856
94.95,"3",-2.99872,53.4675
119.995,"3",-3.00778,53.4716
155,"3",-3.0166452,53.4681
185,"3",-2.94774,53.5026
110,"3",-2.83179,53.4066
160,"3",-3.00528,53.4788
149.95,"3",-3.0054014,53.497185
170,"3",-2.89449,53.3649
245,"3",-3.00695,53.4982
90,"3",-2.826526,53.41774
125,"3",-2.847167,53.391468
129.95,"3",-2.82794,53.4134
124.95,"3",-2.834337,53.40268
100,"3",-2.99565,53.4839
182.5,"3",-2.92489,53.5056
95,"3",-3.00083,53.4842
109.95,"3",-2.82982,53.4044
195,"3",-2.8532906,53.36886
160,"3",-3.00627,53.4872
185,"3",-3.01755,53.48
150,"3",-3.03073,53.4754
140,"3",-2.83184,53.3844
90,"3",-2.82664,53.3814
285,"3",-2.94858,53.5046
230,"3",-2.864362,53.368702
234.95,"3",-3.01671,53.4908
179.95,"3",-3.01445,53.4854
140,"3",-2.99749,53.4974
175,"3",-3.00352,53.4939
195,"3",-3.01532,53.4827
94.05,"3",-2.82055,53.4128
180,"3",-3.04251,53.4814
115,"3",-2.81797,53.4141
149.95,"3",-2.99515,53.4978
165,"3",-3.02717,53.4779
107,"3",-2.88579,53.5005
199.95,"3",-3.01832,53.4885
85,"3",-2.8250134,53.38232
105,"3",-3.03093,53.47632
185,"3",-3.0343006,53.4786
139.995,"3",-2.79321,53.4123
60,"3",-2.8728206,53.487526
198,"3",-3.00406,53.5004
174.95,"3",-2.8639,53.3467
190,"3",-2.95453,53.5056
240,"3",-3.04333,53.4813
110,"3",-2.8385255,53.35663
79.95,"3",-2.82718,53.3444
299.95,"3",-3.04811,53.4855
140,"3",-2.826597,53.34523
62.5,"3",-2.9208226,53.427498
430,"3",-2.9206228,53.36479
72,"3",-2.93403,53.4294
120,"3",-2.95197,53.431
48,"3",-2.97669,53.4286
52,"3",-2.97749,53.4285
130,"3",-2.8902352,53.49794
110,"3",-2.91406,53.4158
99.95,"3",-2.94899,53.4393
99.95,"3",-2.93319,53.3956
135,"3",-2.97573,53.4381
125,"3",-2.97271,53.4165
77.5,"3",-2.958625,53.42419
99.95,"3",-2.9137895,53.42115
299,"3",-2.85466,53.4129
130,"3",-2.9060938,53.410244
145,"3",-2.9054556,53.409233
101,"3",-2.9054139,53.429214
115,"3",-2.94648,53.4649
99.95,"3",-2.99998,53.454
210,"3",-2.847268,53.406994
145,"3",-2.96692,53.4669
79.95,"3",-2.8821,53.421
75,"3",-2.87165,53.4182
220,"3",-2.83176,53.400135
185,"3",-2.8514862,53.4284
179.95,"3",-2.85716,53.4166
77.95,"3",-2.9748,53.4619
220,"3",-2.847268,53.406994
260,"3",-2.9211364,53.399727
495,"3",-2.90098,53.3765
250,"3",-2.85716,53.4166
145,"3",-2.9673645,53.42136
110,"3",-2.9469032,53.413414
265,"3",-2.9169278,53.38377
350,"3",-2.9062297,53.386208
115,"3",-2.9173775,53.438923
142.5,"3",-2.99084,53.4739
115,"3",-2.9947891,53.47708
240,"3",-2.9012952,53.403145
290,"3",-2.8933902,53.384804
129.95,"3",-2.9035237,53.418156
110,"3",-3.01157,53.4637
265,"3",-2.91128,53.390347
195,"3",-3.03219,53.4815
190,"3",-2.8872113,53.40218
160,"3",-2.9027705,53.44652
100,"3",-2.939249,53.41699
120,"3",-2.9469032,53.413414
130,"3",-2.9041479,53.428425
250,"3",-2.906048,53.39535
285,"3",-2.8847392,53.39684
118,"3",-3.00457,53.4781
80,"3",-2.949146,53.41684
90,"3",-2.9313395,53.430977
165,"3",-3.02776,53.4728
85,"3",-2.940546,53.423946
85,"3",-2.928435,53.427547
110,"3",-2.9520633,53.41946
115,"3",-2.941432,53.411606
180,"3",-2.8871653,53.40574
170,"3",-3.02776,53.4728
105,"3",-2.946715,53.411034
90,"3",-2.9132698,53.41445
80,"3",-2.9518106,53.424305
269.95,"3",-2.8975337,53.40309
95,"3",-2.934323,53.41055
130,"3",-2.9402173,53.415867
100,"3",-2.9540274,53.42384
135,"3",-2.9388733,53.427258
140,"3",-2.9388733,53.427258
127.999,"3",-2.9472413,53.411022
80,"3",-2.9300208,53.425728
110,"3",-2.927978,53.401733
71,"3",-2.9410806,53.42566
36.25,"3",-2.9594524,53.417496
155,"3",-2.95589,53.409603
119.5,"3",-2.8576,53.354
49.95,"3",-2.923221,53.412655
90,"3",-2.921083,53.41884
55,"3",-2.9351292,53.412323
170,"3",-2.9035676,53.35989
135,"3",-2.917803,53.419556
189.95,"3",-2.9199889,53.38559
140,"3",-2.81321,53.4285
90,"3",-2.9215748,53.422108
170,"3",-2.9417913,53.410164
125,"3",-2.963873,53.422665
145,"3",-2.902732,53.415592
115,"3",-2.9656208,53.418118
140,"3",-2.9656208,53.418118
129.95,"3",-2.918548,53.419918
160,"3",-2.9335408,53.431847
90,"3",-2.9500856,53.431988
109.95,"3",-2.9659562,53.42163
300,"3",-2.913815,53.38515
140,"3",-2.918851,53.38859
89.95,"3",-2.9201164,53.41102
90,"3",-2.9454217,53.410378
950,"3",-2.9951167,53.407997
125,"3",-2.91386,53.41742
130,"3",-2.9104028,53.41547
85,"3",-2.9489007,53.42542
77,"3",-2.9582655,53.424263
190,"3",-2.9157465,53.382664
200,"3",-2.9378152,53.430466
120,"3",-2.913383,53.420437
115,"3",-2.9493399,53.40865
155,"3",-2.956793,53.41096
90,"3",-2.9117649,53.42076
105,"3",-2.9316342,53.42656
120,"3",-2.9385052,53.399612
270,"3",-2.903665,53.36805
60,"3",-2.9688976,53.428566
150,"3",-2.909891,53.41898
149.95,"3",-2.9051697,53.429066
110,"3",-2.8719888,53.419037
115,"3",-2.9072056,53.411583
95,"3",-2.9335408,53.431847
80,"3",-2.9353247,53.39792
200,"3",-2.9072146,53.430378
115,"3",-2.906189,53.41047
140,"3",-2.9412923,53.3971
110,"3",-2.9227242,53.42306
325,"3",-2.954952,53.40802
90,"3",-2.9229689,53.4024
195,"3",-2.921643,53.389072
85,"3",-2.844735,53.4196
110,"3",-2.9374726,53.432
85,"3",-2.9316804,53.439682
45,"3",-2.9774597,53.428486
130,"3",-2.9673645,53.42136
90,"3",-2.9229689,53.4024
225,"3",-2.9165702,53.40212
80,"3",-2.9433222,53.43242
190,"3",-2.907123,53.409122
120,"3",-2.9060938,53.410244
110,"3",-2.8506415,53.395138
95,"3",-2.955152,53.43105
105,"3",-2.9580433,53.428436
110,"3",-2.9482822,53.4409
140,"3",-2.8975174,53.408035
131,"3",-2.8563485,53.41497
135,"3",-2.9148035,53.410904
205,"3",-2.905806,53.427845
90,"3",-2.91947,53.398483
80,"3",-2.91947,53.398483
115,"3",-2.9552155,53.43119
110,"3",-2.9275568,53.431446
112,"3",-2.9123104,53.41602
280,"3",-2.92715,53.367107
240,"3",-2.861766,53.381546
170,"3",-2.9191105,53.429245
180,"3",-2.904255,53.40653
95,"3",-2.9405077,53.39971
140,"3",-2.9072056,53.411583
100,"3",-2.9117253,53.416798
125,"3",-2.9304245,53.394596
105,"3",-2.9469285,53.39356
290,"3",-2.972773,53.401207
160,"3",-2.9289873,53.394203
95,"3",-2.9447985,53.443336
430,"3",-2.839838,53.40858
275,"3",-2.9053395,53.384632
210,"3",-2.9133112,53.391113
152,"3",-2.9281366,53.43872
190,"3",-2.91671,53.40442
95,"3",-2.9531915,53.442974
30,"3",-2.9694738,53.44792
120,"3",-2.9340713,53.394943
130,"3",-2.9010668,53.40799
110,"3",-2.9353247,53.39792
65,"3",-2.9142377,53.446945
225,"3",-2.8855035,53.403954
189.95,"3",-2.906011,53.358917
89.95,"3",-2.9125056,53.41601
159.95,"3",-2.9502478,53.436554
150,"3",-2.9080222,53.410362
175,"3",-2.9030397,53.431526
80,"3",-2.8789802,53.417313
275,"3",-2.9036794,53.40208
60,"3",-2.978951,53.4364
139.95,"3",-2.9383018,53.39926
100,"3",-2.9353247,53.39792
139.95,"3",-2.9127233,53.39947
125,"3",-2.8970215,53.408054
170,"3",-2.9031322,53.40678
149.95,"3",-2.9111722,53.40431
112.5,"3",-2.924147,53.40054
330,"3",-2.9233966,53.36797
150,"3",-2.9559042,53.393467
72,"3",-2.957778,53.446075
70,"3",-2.9370036,53.447613
175,"3",-2.8922546,53.416767
300,"3",-2.890799,53.396076
79.95,"3",-2.9037273,53.41569
70,"3",-2.9682505,53.443787
55,"3",-2.9840019,53.434795
250,"3",-2.9252095,53.37951
265,"3",-2.9252095,53.37951
165,"3",-2.9069002,53.407837
160,"3",-2.9609458,53.446346
145.95,"3",-2.8925643,53.407127
85,"3",-2.9236505,53.447044
575,"3",-2.993986,53.400143
365,"3",-2.9818394,53.3893
85,"3",-2.965127,53.39034
245,"3",-2.8908398,53.412426
130,"3",-2.954506,53.45191
232.5,"3",-2.893425,53.392918
65,"3",-3.0014,53.4584
270,"3",-2.9146435,53.39434
115,"3",-2.9432428,53.442432
160,"3",-2.915942,53.389675
180,"3",-2.915942,53.389675
85,"3",-2.9573214,53.445198
200,"3",-2.893344,53.420643
220,"3",-2.922856,53.387463
215,"3",-2.922856,53.387463
174.95,"3",-2.9155147,53.38939
149.95,"3",-2.907736,53.403294
160,"3",-2.9302282,53.39181
230,"3",-2.8940837,53.40139
138.5,"3",-2.9304245,53.394596
160,"3",-2.8979397,53.428078
355,"3",-2.9060884,53.38592
169.95,"3",-2.9105213,53.39989
250,"3",-2.8815684,53.403507
135,"3",-2.9105494,53.403316
375,"3",-2.893313,53.39763
130,"3",-2.9876237,53.422207
135,"3",-2.8989732,53.413578
195,"3",-2.9133608,53.39132
59.95,"3",-2.9647188,53.450047
67.5,"3",-2.84385,53.3387
170,"3",-2.9025822,53.43124
130,"3",-2.944543,53.444706
139.995,"3",-2.9881163,53.42269
199.995,"3",-2.9162278,53.38268
160,"3",-2.8702166,53.411095
50,"3",-2.9724264,53.446003
140,"3",-2.8658633,53.414524
139.995,"3",-2.984298,53.411793
340,"3",-2.8904326,53.398693
92.5,"3",-2.929366,53.4447
185,"3",-2.9190884,53.39124
100,"3",-2.968856,53.46114
215,"3",-2.8936946,53.420143
72.5,"3",-2.929541,53.454784
249.95,"3",-2.905427,53.39867
65,"3",-2.9718482,53.4464
190,"3",-2.8879826,53.400932
197.5,"3",-2.8885522,53.400112
170,"3",-2.8885522,53.400112
185,"3",-2.9535072,53.37773
115,"3",-2.9030595,53.403355
125,"3",-2.9635434,53.463314
79.95,"3",-2.9383051,53.447235
365,"3",-2.9818394,53.3893
115,"3",-2.8844814,53.418488
99.95,"3",-2.874869,53.48014
130,"3",-2.8931153,53.432705
187,"3",-2.8896484,53.42021
75,"3",-2.9221437,53.448387
400,"3",-2.8923275,53.385036
90,"3",-2.9577515,53.454937
115,"3",-2.9682896,53.44352
280,"3",-2.893847,53.39297
85,"3",-2.9579678,53.455177
245,"3",-2.908225,53.39588
230,"3",-2.887502,53.39735
85,"3",-2.8785014,53.42621
99.95,"3",-2.935383,53.451294
90,"3",-2.8729153,53.428272
165,"3",-2.9525654,53.37931
75,"3",-2.876846,53.425472
180,"3",-2.8840125,53.415462
390,"3",-2.8884127,53.393414
79.95,"3",-2.8803236,53.418976
125,"3",-2.9105227,53.464718
389.95,"3",-2.9041915,53.39503
125,"3",-2.875186,53.42598
150,"3",-2.9548707,53.378197
145,"3",-2.8833773,53.411682
230,"3",-2.9951167,53.407997
140,"3",-2.8769746,53.43172
140,"3",-2.8769746,53.43172
265,"3",-2.942126,53.376976
180,"3",-2.9192488,53.388218
200,"3",-2.8884072,53.40037
240,"3",-2.9196231,53.38606
250,"3",-2.9137454,53.38751
200,"3",-2.9388132,53.375347
325,"3",-2.9062297,53.386208
280,"3",-2.9100852,53.380863
225,"3",-2.91128,53.390347
193,"3",-2.8916554,53.43271
299.995,"3",-2.9813604,53.393326
112.5,"3",-2.871729,53.423985
195,"3",-2.8884509,53.402466
220,"3",-2.8858345,53.427834
175,"3",-2.922856,53.387463
590,"3",-2.933666,53.37574
94.995,"3",-2.9335637,53.450733
275,"3",-2.890799,53.396076
395.95,"3",-2.8578131,53.409252
350,"3",-2.8335702,53.408077
115,"3",-2.882368,53.432697
250,"3",-2.893847,53.39297
165,"3",-2.8702166,53.411095
195,"3",-2.9121487,53.387375
130,"3",-2.883044,53.42318
175,"3",-2.9479256,53.37752
370,"3",-2.9132178,53.38324
227.5,"3",-2.8779678,53.395927
200,"3",-2.9450164,53.381916
135,"3",-2.962104,53.460945
130,"3",-2.9589543,53.461536
225,"3",-2.9124002,53.380154
129,"3",-2.945328,53.38309
90,"3",-2.968341,53.463654
334.95,"3",-2.9100735,53.38313
145,"3",-2.8722932,53.402298
140,"3",-2.965343,53.46098
42.5,"3",-2.969548,53.45184
45,"3",-2.969548,53.45184
77.5,"3",-2.8774958,53.432903
150,"3",-2.8801565,53.423992
320,"3",-2.892308,53.39488
190,"3",-2.867286,53.40237
132.95,"3",-2.9093618,53.463974
190,"3",-2.953673,53.37976
155,"3",-2.8810277,53.424652
370,"3",-2.8973343,53.391468
199.995,"3",-2.8808508,53.401535
100,"3",-2.8812113,53.432076
209.95,"3",-2.8722932,53.402298
275,"3",-2.9152412,53.382244
415,"3",-2.9113104,53.382626
129.95,"3",-2.8961608,53.45082
110,"3",-2.9694655,53.462097
80,"3",-2.8785014,53.42621
80,"3",-2.9105196,53.455433
245,"3",-2.909361,53.37509
190,"3",-2.9314494,53.37129
175,"3",-2.9314494,53.37129
110,"3",-2.8739812,53.39807
290,"3",-2.9116046,53.364025
78,"3",-2.8776238,53.416477
250,"3",-2.9437754,53.38018
97,"3",-2.967734,53.46346
200,"3",-2.950354,53.378563
75,"3",-2.8278203,53.400925
99.95,"3",-2.8483064,53.422886
300,"3",-2.9283402,53.370693
375,"3",-2.8884127,53.393414
85,"3",-2.9654317,53.464214
99.95,"3",-2.956944,53.46323
159.95,"3",-2.8815684,53.403507
350,"3",-2.918538,53.38036
135,"3",-2.8683703,53.39579
130,"3",-2.875186,53.42598
240,"3",-2.9409022,53.377373
105,"3",-2.942281,53.46767
150,"3",-2.968318,53.46529
80,"3",-2.9412322,53.467934
145,"3",-2.8835773,53.45107
210,"3",-2.9856467,53.387493
300,"3",-2.8832204,53.37652
154.995,"3",-2.8723776,53.398342
290,"3",-2.8709402,53.405273
260,"3",-2.9295018,53.376408
94.995,"3",-2.9092407,53.46465
165,"3",-3.0031755,53.476173
375,"3",-2.8791163,53.37796
158,"3",-2.8632135,53.41147
185,"3",-2.9126606,53.37686
139.95,"3",-2.897332,53.485645
215,"3",-2.912181,53.37693
110,"3",-2.896003,53.492657
240,"3",-2.9037285,53.371754
174.95,"3",-2.9481103,53.375015
155,"3",-2.860764,53.413097
120,"3",-2.9545083,53.46947
89.95,"3",-2.8633463,53.427677
260,"3",-2.942291,53.372875
210,"3",-2.930601,53.371662
180,"3",-2.8682683,53.3893
150,"3",-2.9352036,53.470543
99.95,"3",-2.8576221,53.419197
180,"3",-2.948642,53.374588
335,"3",-2.9102068,53.368244
195,"3",-2.864184,53.411102
139.95,"3",-2.8692088,53.397087
380,"3",-2.9206228,53.36479
110,"3",-2.8532467,53.429123
389.995,"3",-2.8993075,53.37522
170,"3",-2.8884673,53.34839
245,"3",-2.9296653,53.372192
185,"3",-2.9085667,53.485283
105,"3",-2.9639893,53.465046
499.995,"3",-2.8825457,53.384594
350,"3",-2.8767586,53.378067
210,"3",-2.864911,53.388355
230,"3",-2.897142,53.368736
140,"3",-2.9246502,53.473644
350,"3",-2.8772242,53.38976
450,"3",-2.8683991,53.382435
200,"3",-2.822141,53.42073
190,"3",-2.8944612,53.364883
315,"3",-2.9132495,53.363636
250,"3",-2.9078336,53.36124
94.95,"3",-2.97548,53.4887
90,"3",-2.9967122,53.46527
525,"3",-2.8754644,53.389725
145,"3",-2.8683703,53.39579
380,"3",-2.9168856,53.37131
139.95,"3",-2.8480628,53.412163
325,"3",-2.9115999,53.37013
157.25,"3",-2.8715367,53.390312
235,"3",-2.822414,53.370155
105,"3",-2.8356535,53.419197
330,"3",-2.8955083,53.37683
119.5,"3",-2.8504488,53.417145
299.995,"3",-2.907904,53.368782
124.995,"3",-2.8431003,53.42292
130,"3",-2.9603145,53.466415
120,"3",-2.8441186,53.427982
100,"3",-2.9984534,53.466927
260,"3",-2.8902483,53.36753
325,"3",-2.909513,53.36742
425,"3",-2.9281652,53.3661
190,"3",-2.9998848,53.478485
119.95,"3",-2.851367,53.418663
199.95,"3",-2.8922749,53.371014
140,"3",-2.8531532,53.375603
350,"3",-2.9130218,53.369156
140,"3",-2.8483074,53.42974
525,"3",-2.8698547,53.38377
264.95,"3",-2.8527884,53.405487
137,"3",-2.8550482,53.382397
390,"3",-2.8927653,53.37506
319,"3",-2.9102068,53.368244
130,"3",-2.8947124,53.355362
175,"3",-2.9825447,53.474052
145,"3",-2.9069724,53.469177
135,"3",-2.8733163,53.451496
365,"3",-2.872946,53.387165
200,"3",-2.8895905,53.348938
115,"3",-2.8472886,53.391384
110,"3",-3.0115423,53.46369
175,"3",-2.8875308,53.365494
84.5,"3",-2.9087925,53.466225
180,"3",-3.0059626,53.493347
120,"3",-2.9908123,53.473885
235,"3",-2.8654206,53.387535
189.95,"3",-2.859435,53.386723
115,"3",-3.0010426,53.46749
160,"3",-2.8958392,53.36181
140,"3",-2.9366646,53.473263
65,"3",-2.995618,53.462933
350,"3",-2.903665,53.36805
120,"3",-2.902546,53.359188
110,"3",-3.0173292,53.468845
86.395,"3",-2.9979787,53.464676
124.995,"3",-2.8359663,53.384518
135,"3",-2.79428,53.4287
55,"3",-3.001086,53.462303
175,"3",-2.876576,53.37503
350,"3",-2.874035,53.380875
200,"3",-2.8436906,53.411697
125,"3",-2.8955443,53.473038
185,"3",-2.8888342,53.360962
80,"3",-2.9896028,53.477592
190,"3",-2.8653154,53.369747
95,"3",-2.8441129,53.3882
200,"3",-2.8975034,53.36734
109.95,"3",-2.8533156,53.391235
280,"3",-2.9153275,53.36174
130,"3",-2.9940639,53.47312
90,"3",-3.0080037,53.472008
90,"3",-3.008593,53.46065
100,"3",-2.9947891,53.47708
295,"3",-2.86202,53.371048
155,"3",-2.897483,53.34922
228,"3",-2.9991395,53.47626
210,"3",-3.0028641,53.475105
95,"3",-2.8256354,53.418583
165,"3",-2.8472886,53.391384
150,"3",-2.9846542,53.47407
99.95,"3",-2.8740807,53.47404
385,"3",-2.870984,53.37355
150,"3",-2.8563414,53.35544
100,"3",-2.9971468,53.47867
180,"3",-2.992349,53.47001
285,"3",-2.9200387,53.360004
179.95,"3",-2.841225,53.404922
165,"3",-2.8611913,53.380615
260,"3",-3.0215902,53.481915
140,"3",-2.9982479,53.47935
205,"3",-2.906011,53.358917
200,"3",-3.0079248,53.476295
89.95,"3",-2.8328683,53.402946
155,"3",-2.8368597,53.409367
150,"3",-3.0168462,53.47321
159.95,"3",-2.8368597,53.409367
159.95,"3",-2.8368597,53.409367
130,"3",-2.896003,53.492657
115,"3",-2.879091,53.475903
175,"3",-3.0247402,53.47006
70,"3",-2.8361995,53.42785
160,"3",-2.9120378,53.48761
245,"3",-2.8594787,53.37919
129.95,"3",-2.8334577,53.42002
225,"3",-3.023496,53.47219
170,"3",-2.8343651,53.36645
175,"3",-2.8598828,53.37612
120,"3",-2.8983724,53.48638
139.95,"3",-2.9028537,53.356686
129.95,"3",-2.9028537,53.356686
110,"3",-2.8265398,53.382973
200,"3",-2.9058807,53.355595
179,"3",-2.905244,53.354626
160,"3",-2.9038787,53.48948
179.95,"3",-2.8570373,53.373646
335,"3",-2.858545,53.36192
133,"3",-2.903918,53.48991
199.95,"3",-2.9161346,53.48889
140,"3",-2.8450449,53.367687
110,"3",-2.8999877,53.479397
159.95,"3",-2.888446,53.35603
185,"3",-3.0165968,53.48043
200,"3",-3.0165968,53.48043
180,"3",-3.0165968,53.48043
100,"3",-2.894191,53.346962
210,"3",-3.014722,53.481434
75,"3",-2.8943987,53.346844
125,"3",-2.8251317,53.412773
65,"3",-2.993961,53.48871
190,"3",-3.0215602,53.47941
135,"3",-2.849349,53.36346
79.95,"3",-2.8273892,53.405846
200,"3",-2.8538592,53.360542
160,"3",-2.8917387,53.354694
195,"3",-2.8600845,53.36748
89,"3",-2.9014988,53.485283
120,"3",-2.944251,53.49737
275,"3",-3.01368,53.485126
170,"3",-3.0257645,53.480045
140,"3",-3.0292032,53.475807
220,"3",-3.0188437,53.47484
160,"3",-3.0016048,53.49137
150,"3",-2.8823423,53.49027
185,"3",-2.9998689,53.49958
225,"3",-3.023496,53.47219
220,"3",-3.0120685,53.487064
139.95,"3",-2.897483,53.34922
210,"3",-3.012671,53.48706
230,"3",-3.012671,53.48706
140,"3",-3.0032227,53.490303
190,"3",-3.006666,53.489315
80,"3",-3.0008037,53.48423
210,"3",-3.0126214,53.487503
190,"3",-3.0168133,53.475616
135,"3",-3.0008764,53.495
215,"3",-3.0388331,53.48021
200,"3",-3.0123,53.488564
225,"3",-3.02135,53.48509
140,"3",-3.0257645,53.480045
128.5,"3",-2.8531573,53.47349
185,"3",-3.035919,53.479347
160,"3",-3.00624,53.48724
99.95,"3",-2.8324344,53.38226
190,"3",-2.9418802,53.50195
329.95,"3",-2.8636346,53.36021
175,"3",-2.8548436,53.36318
190,"3",-3.031726,53.483536
165,"3",-3.02773,53.472836
125,"3",-2.8958468,53.498123
210,"3",-3.0066297,53.49351
170,"3",-3.0171137,53.481873
114.95,"3",-2.8482237,53.364304
100,"3",-2.894191,53.346962
169.95,"3",-2.8598018,53.357174
140,"3",-3.0059855,53.48922
160,"3",-2.8531337,53.359577
160,"3",-3.03744,53.483017
140,"3",-3.0409522,53.48182
165,"3",-3.036694,53.478996
179.95,"3",-3.0234425,53.490627
215,"3",-2.9386573,53.50551
170,"3",-3.0342488,53.486263
150,"3",-3.0322287,53.476315
190,"3",-3.026597,53.490185
185,"3",-3.042825,53.482613
320,"3",-3.0147603,53.49124
139.95,"3",-2.8557699,53.35616
240,"3",-3.0151496,53.491768
230,"3",-3.0292773,53.485104
90,"3",-2.8750126,53.49078
250,"3",-3.0048542,53.500656
159.95,"3",-2.83378,53.367264
127.999,"3",-2.8790195,53.500866
350,"3",-3.007242,53.491997
160,"3",-3.0003982,53.502213
160,"3",-2.8301136,53.369617
185,"3",-3.0305862,53.492462
385,"3",-3.0440607,53.486286
180,"3",-3.026597,53.490185
125,"3",-3.0040784,53.495907
310,"3",-3.0302713,53.484447
275,"3",-3.0054984,53.50239
425,"3",-3.0375848,53.492035
80,"3",-2.8442261,53.345284
300,"3",-3.0102491,53.492958
370,"3",-3.0354004,53.49394
180,"3",-3.0252674,53.498173
280,"3",-3.0246298,53.49424
239.95,"3",-3.09176,53.3319
300,"3",-3.0326486,53.496075
280,"3",-3.0333848,53.49597
150,"3",-3.004633,53.497044
270,"3",-3.0504196,53.488075
325,"3",-3.0343926,53.49588
245,"3",-3.0069218,53.4982
225,"3",-2.795709,53.33805
175,"3",-2.8359525,53.359257
133,"3",-2.939245,53.427944
134.95,"3",-3.03687,53.3774
89.95,"3",-2.8328824,53.342056
275,"3",-3.0504196,53.488075
199.995,"3",-2.7948172,53.33774
69.95,"3",-3.02793,53.4116
475,"3",-3.0534897,53.492756
85,"3",-3.02388,53.4131
100,"3",-2.95518,53.431
400,"3",-3.0485983,53.495506
104.95,"3",-2.8275712,53.344673
74.95,"3",-2.8219898,53.34501
87.5,"3",-3.04257,53.4095
215,"3",-2.8047068,53.338943
199.95,"3",-2.795709,53.33805
200,"3",-2.8028152,53.33739
175,"3",-2.94714,53.4864
150,"3",-3.03383,53.4284
145,"3",-3.06017,53.4167
205,"3",-3.03706,53.4281
95,"3",-3.04525,53.4129
85,"3",-2.972055,53.440945
129.95,"3",-3.03558,53.3782
139.995,"3",-3.01308,53.3703
154.95,"3",-3.06873,53.4231
189.95,"3",-2.95504,53.3799
147.5,"3",-3.03816,53.4149
79.95,"3",-2.881284,53.47339
240,"3",-3.01857,53.3629
65,"3",-2.943609,53.42297
389.95,"3",-2.79989,53.4328
105,"3",-3.02333,53.38006
160,"3",-2.91878,53.3905
40,"3",-2.97749,53.4285
319.95,"3",-2.932023,53.506294
130,"3",-2.943435,53.413612
255,"3",-2.91576,53.4349
73,"3",-2.97591,53.4939
149.95,"3",-2.9349842,53.412575
199.95,"3",-2.9074,53.4314
275,"3",-2.9252095,53.37951
159,"3",-2.94249,53.4169
110,"3",-2.92521,53.4352
199.95,"3",-3.03943,53.4234
109.95,"3",-2.943053,53.431828
100,"3",-3.07843,53.3834
110,"3",-2.914037,53.415855
145,"3",-3.05152,53.4144
225,"3",-2.911415,53.40934
95,"3",-2.93392,53.4301
450,"3",-3.06779,53.3926
149.95,"3",-2.924229,53.42046
110,"3",-2.87201,53.419
139.95,"3",-2.910998,53.405308
220,"3",-2.88334,53.4067
325,"3",-2.9118,53.3626
260,"3",-3.04556,53.4353
49.95,"3",-2.97749,53.4285
145,"3",-2.97778,53.453
140,"3",-2.9035,53.4281
229.95,"3",-2.92323,53.3873
64,"3",-2.9617352,53.441963
195,"3",-2.89089,53.4195
120,"3",-2.99272,53.3614
149,"3",-2.88768,53.4342
85,"3",-2.907106,53.44862
249.95,"3",-2.90738,53.4001
350,"3",-3.0418,53.3817
150,"3",-2.92966,53.3943
240,"3",-2.907784,53.387177
265,"3",-2.896468,53.3989
125,"3",-2.9675004,53.389572
90,"3",-2.88258,53.4216
180,"3",-2.98566,53.3993
79.95,"3",-3.03731,53.4303
83,"3",-2.9812,53.4445
179.95,"3",-2.902213,53.443657
149.95,"3",-3.03816,53.4149
229.95,"3",-2.90865,53.3929
140,"3",-2.91878,53.3905
190,"3",-2.9446,53.5033
72,"3",-2.964718,53.450047
79.95,"3",-2.9297879,53.455044
189.95,"3",-2.88334,53.4067
115,"3",-2.99864,53.45
89.95,"3",-2.97485,53.4571
210,"3",-2.8928833,53.392914
265,"3",-2.9113104,53.382626
375,"3",-2.91449,53.3915
199.95,"3",-2.9453907,53.379135
184.95,"3",-2.9130137,53.38072
250,"3",-3.02574,53.3634
160,"3",-2.90117,53.4044
125,"3",-2.9926,53.4474
77.45,"3",-3.02027,53.3767
110,"3",-2.98491,53.4501
155,"3",-2.91205,53.4647
109.95,"3",-2.98769,53.4654
120,"3",-2.90171,53.4564
75,"3",-2.964718,53.450047
99.95,"3",-3.03518,53.3836
124.95,"3",-3.0116,53.3699
159.95,"3",-2.8928318,53.44933
105,"3",-3.02913,53.4131
109.95,"3",-2.98292,53.4528
144.995,"3",-2.869915,53.410324
405,"3",-2.8923275,53.385036
219.95,"3",-2.8716655,53.403965
97,"3",-2.98888,53.4594
245,"3",-2.90657,53.3867
87.5,"3",-3.02594,53.3873
189.95,"3",-2.88858,53.4001
70,"3",-2.99022,53.4557
105,"3",-3.03842,53.4313
190,"3",-2.91217,53.3874
199.995,"3",-3.05574,53.4185
90,"3",-2.947854,53.46494
99.95,"3",-3.03707,53.4105
240,"3",-3.04764,53.3906
80,"3",-3.02778,53.4128
499.95,"3",-3.05993,53.3891
230,"3",-2.94072,53.4838
429.95,"3",-2.912631,53.47034
170,"3",-3.00996,53.361
80,"3",-2.990535,53.457493
250,"3",-2.87351,53.392
122.95,"3",-3.02994,53.4103
195,"3",-3.05701,53.3789
135,"3",-3.04337,53.417
75,"3",-3.02447,53.4082
182.5,"3",-3.05513,53.4255
250,"3",-3.08498,53.3528
109.95,"3",-3.0323,53.4189
175,"3",-3.04321,53.4313
85,"3",-2.97833,53.46
110,"3",-3.03945,53.4212
92,"3",-3.02715,53.4146
150,"3",-3.05409,53.4138
154.95,"3",-3.00582,53.3614
125,"3",-2.97948,53.459
99.95,"3",-2.98241,53.4548
144.95,"3",-3.04917,53.4137
140,"3",-2.970756,53.461975
85,"3",-2.91762,53.4671
145,"3",-2.97758,53.4662
184.95,"3",-2.91317,53.3806
100,"3",-3.02592,53.3828
599.95,"3",-2.93928,53.3729
90,"3",-2.98086,53.4553
187,"3",-2.92735,53.4795
150,"3",-3.0476,53.4178
119.5,"3",-2.99728,53.4504
85,"3",-2.926153,53.465893
250,"3",-2.8661814,53.387978
150,"3",-2.9220412,53.472836
65,"3",-3.00257,53.461
195,"3",-2.8404784,53.406723
85,"3",-3.03379,53.3956
220,"3",-3.06258,53.4234
70,"3",-2.99022,53.4557
83,"3",-2.96314,53.4765
390,"3",-2.9031527,53.368694
175,"3",-3.03806,53.4387
109.995,"3",-2.97777,53.4588
64.95,"3",-3.00103,53.46
227,"3",-2.94192,53.4857
160,"3",-2.89176,53.3547
235,"3",-2.8975034,53.36734
79.5,"3",-3.02463,53.3848
99.95,"3",-3.03035,53.3839
110,"3",-3.04755,53.4144
180,"3",-2.83932,53.4155
135,"3",-2.96812,53.4655
129.95,"3",-2.95967,53.4767
90,"3",-2.95697,53.4632
130,"3",-2.98325,53.4706
179,"3",-3.00374,53.3727
115,"3",-3.04922,53.4132
130,"3",-2.99155,53.3615
345,"3",-3.02913,53.3625
120,"3",-3.04401,53.4169
115,"3",-3.04922,53.4132
187.5,"3",-2.92735,53.4795
125,"3",-3.05283,53.4138
154.95,"3",-3.00931,53.3689
125,"3",-2.90168,53.4799
75,"3",-2.8449607,53.424923
134.95,"3",-2.861479,53.41347
122.5,"3",-3.0343,53.3762
409.95,"3",-2.8697,53.3833
195,"3",-2.8540626,53.407547
90,"3",-3.0404,53.4115
115,"3",-3.04515,53.4302
94.995,"3",-2.90927,53.4646
85,"3",-3.03124,53.3833
148,"3",-2.992349,53.47001
144,"3",-2.992349,53.47001
159.95,"3",-3.06401,53.4238
94.95,"3",-3.0391,53.413
55,"3",-3.00111,53.4623
85,"3",-2.877466,53.466515
195,"3",-2.9311788,53.47801
84.5,"3",-2.91088,53.4655
155,"3",-3.00357,53.3614
450,"3",-2.84023,53.3786
159.995,"3",-2.9627,53.4902
95,"3",-2.96433,53.4761
120,"3",-2.91079,53.4674
125,"3",-3.01394,53.3679
210,"3",-2.91726,53.3624
359.95,"3",-3.05261,53.3701
129.95,"3",-2.8472886,53.391384
165,"3",-2.99115,53.4711
124.95,"3",-3.04958,53.4205
80,"3",-3.03707,53.4117
200,"3",-3.04182,53.3776
195,"3",-2.906859,53.35922
141.95,"3",-3.0528,53.4347
57.5,"3",-2.99176,53.4603
189.95,"3",-2.90684,53.3592
127.5,"3",-2.901137,53.483215
100,"3",-3.01778,53.3732
177.5,"3",-3.07335,53.4209
169.95,"3",-3.04445,53.4223
100,"3",-2.98615,53.4665
60,"3",-3.0288,53.3851
139.95,"3",-3.06145,53.4041
155,"3",-3.06428,53.3808
60,"3",-3.00862,53.3727
115,"3",-3.04958,53.4205
235,"3",-3.04351,53.3846
122.95,"3",-3.05282,53.4183
224.95,"3",-2.91123,53.4846
75,"3",-2.881092,53.47214
155,"3",-3.01404,53.3624
124.95,"3",-2.8343663,53.40264
225,"3",-3.06089,53.4233
125,"3",-3.05923,53.3988
82,"3",-2.8911,53.4937
210,"3",-2.94722,53.4833
169.95,"3",-3.04445,53.4223
115,"3",-3.05361,53.3981
155,"3",-3.05533,53.417
85,"3",-2.99565,53.3644
107,"3",-2.96658,53.4909
225,"3",-3.06189,53.425
174.95,"3",-2.9068995,53.469738
575,"3",-2.856936,53.450134
199.5,"3",-3.02066,53.3635
109.5,"3",-3.08299,53.3951
144.95,"3",-2.84367,53.4148
125,"3",-3.03651,53.3739
165,"3",-2.8401492,53.401382
99.995,"3",-2.98744,53.356
124.95,"3",-3.08875,53.4123
140,"3",-3.06522,53.422
229,"3",-3.05195,53.3909
235,"3",-2.96916,53.5044
99.95,"3",-2.98838,53.4827
130,"3",-2.94522,53.4984
135,"3",-3.00779,53.3659
155,"3",-2.96432,53.4784
135,"3",-2.83171,53.4112
75,"3",-3.02797,53.3788
105,"3",-3.02003,53.3767
440,"3",-3.04549,53.3698
160,"3",-3.0168462,53.47321
104.995,"3",-2.8995328,53.355995
128.995,"3",-2.80138,53.4237
115,"3",-2.902661,53.48185
230,"3",-2.815558,53.42687
220,"3",-3.05747,53.4207
79.5,"3",-3.0294,53.3799
155,"3",-2.9996264,53.480312
170,"3",-3.06012,53.4154
210,"3",-3.05709,53.4175
290,"3",-3.05594,53.4301
210,"3",-2.91068,53.4892
94.95,"3",-2.96534,53.4761
200,"3",-3.05195,53.3867
115,"3",-3.05543,53.3979
165,"3",-3.06699,53.3792
149.5,"3",-2.94095,53.4981
125,"3",-3.08217,53.3713
135,"3",-3.0378,53.3742
149.95,"3",-3.06226,53.4215
238.95,"3",-3.0698,53.4235
285,"3",-3.0558,53.3696
115,"3",-3.05403,53.3968
250,"3",-2.96137,53.4932
155,"3",-2.9702,53.493
259.95,"3",-3.05177,53.3892
125,"3",-2.99333,53.365
189.95,"3",-3.05075,53.3785
170,"3",-3.02773,53.472836
165,"3",-3.02773,53.472836
170,"3",-3.06315,53.3949
140,"3",-2.96615,53.4899
90,"3",-3.0294,53.3799
119.95,"3",-3.03919,53.3733
75,"3",-3.04678,53.401
147.5,"3",-2.8538413,53.364155
160,"3",-3.07088,53.3824
170,"3",-3.06226,53.4215
127.5,"3",-3.01963,53.372
110,"3",-2.7919,53.4216
200,"3",-3.02776,53.3693
179.95,"3",-2.887534,53.49925
220,"3",-2.7943,53.4301
135,"3",-2.88775,53.488667
65,"3",-2.9957743,53.488262
77.5,"3",-2.99541,53.3613
250,"3",-3.05332,53.3929
164.95,"3",-3.07733,53.4033
129.95,"3",-3.06468,53.3799
120,"3",-2.89485,53.499
129.995,"3",-2.99322,53.4765
137.5,"3",-2.905166,53.49046
209.95,"3",-3.01294,53.3438
77,"3",-2.98542,53.4882
119.95,"3",-2.97416,53.4845
144.995,"3",-2.800693,53.42426
132.95,"3",-2.97776,53.3438
95,"3",-2.97708,53.4887
140,"3",-2.90165,53.4912
135,"3",-3.08217,53.3713
125,"3",-3.03651,53.3739
142,"3",-2.98397,53.3326
182.5,"3",-3.02312,53.3563
164.95,"3",-2.9932,53.3569
99.95,"3",-2.8185527,53.414112
175,"3",-3.05934,53.3702
84.95,"3",-2.98152,53.4904
87,"3",-3.05767,53.4009
169.95,"3",-2.95669,53.5066
130,"3",-2.80257,53.4198
180,"3",-2.79501,53.3373
147.5,"3",-3.00993,53.3621
109.995,"3",-3.00076,53.4939
150,"3",-2.85791,53.3553
119.95,"3",-3.001,53.3474
240,"3",-3.05218,53.3698
220,"3",-3.0563,53.3706
69.995,"3",-2.870081,53.488438
84.95,"3",-2.9717,53.491
184.95,"3",-3.06185,53.3749
195,"3",-3.04333,53.4813
140,"3",-2.79878,53.4255
145.95,"3",-3.07088,53.3759
130,"3",-2.80902,53.4308
229.95,"3",-3.00593,53.3472
115,"3",-2.79431,53.4271
88.95,"3",-2.86884,53.4862
349.95,"3",-2.92364,53.4952
142,"3",-2.79699,53.4264
170,"3",-2.80159,53.41
260,"3",-3.05665,53.3914
155,"3",-2.89031,53.4994
99.95,"3",-3.08022,53.3992
100,"3",-2.80112,53.4197
99.95,"3",-2.85261,53.3447
164.5,"3",-2.80762,53.4138
185,"3",-2.93799,53.501
160,"3",-2.94674,53.4991
175,"3",-3.02899,53.3525
62,"3",-2.79943,53.4282
174.95,"3",-2.97556,53.3319
220,"3",-2.9392,53.5058
104.95,"3",-3.09096,53.4165
149.95,"3",-2.889629,53.48557
145,"3",-3.08991,53.4153
119.995,"3",-2.8284674,53.363007
190,"3",-3.05218,53.3698
159.95,"3",-3.0925,53.3912
190,"3",-2.79602,53.4315
185,"3",-3.05415,53.3686
110,"3",-3.08115,53.3909
104.95,"3",-3.09096,53.4165
184.95,"3",-2.93794,53.5032
275,"3",-2.932023,53.506294
109.95,"3",-2.80274,53.4098
170,"3",-3.05788,53.3778
195,"3",-3.06763,53.377
114.95,"3",-3.0892,53.4145
240,"3",-3.05228,53.3668
155,"3",-2.95453,53.5056
75,"3",-2.871816,53.49004
210,"3",-2.8241541,53.356762
97.5,"3",-3.09144,53.3805
194.95,"3",-2.95181,53.5031
65,"3",-2.88688,53.4928
125,"3",-2.886813,53.502293
225,"3",-3.05167,53.3685
115,"3",-2.88684,53.5023
145,"3",-3.06633,53.3802
105,"3",-2.80493,53.4179
112.5,"3",-2.82707,53.3619
160,"3",-2.80255,53.4244
115,"3",-3.08287,53.3782
150,"3",-3.06173,53.3755
140,"3",-2.80255,53.4244
120,"3",-2.88692,53.5031
125,"3",-2.79094,53.4237
235.95,"3",-2.79501,53.4269
109.95,"3",-3.09093,53.4145
90,"3",-3.08537,53.377
110,"3",-3.08671,53.3788
159.95,"3",-3.09252,53.3726
180,"3",-3.09048,53.3709
195,"3",-2.79143,53.506
190,"3",-2.79463,53.5054
325,"3",-3.0792,53.332
180,"3",-2.79487,53.5062
150,"3",-2.79328,53.5059
257.5,"3",-3.0911,53.3295
107.8,"3",-2.9782186,53.44449
233,"3",-2.89372,53.4201
130,"3",-2.97399,53.4594
94,"3",-2.877894,53.434425
950,"3",-2.93369,53.3757
165,"3",-2.8821,53.4536
230,"3",-3.06009,53.419
285,"3",-2.87406,53.3809
99.95,"3",-2.85046,53.4187
95,"3",-3.03027,53.3793
220,"3",-3.02048,53.3534
99.95,"3",-3.01644,53.372
180,"3",-2.85498,53.4526
94,"3",-2.89172,53.45995
84.95,"3",-3.03058,53.3854
269.95,"3",-3.04709,53.3681
70,"3",-2.96753,53.479
174.95,"3",-2.79399,53.4133
245,"3",-3.03154,53.3765
120,"3",-3.0322678,53.418938
425,"3",-3.04654,53.3782
170,"3",-2.95646,53.4926
79.95,"3",-3.05633,53.3989
150,"3",-3.033926,53.42836
315,"3",-3.0695,53.3869
89.95,"3",-2.97068,53.4945
159.95,"3",-2.9834,53.332
275,"3",-3.0437,53.3801
94.95,"3",-2.99285,53.4827
95,"3",-3.0452254,53.412884
115,"3",-3.017654,53.373432
192.5,"3",-3.05776,53.3692
145,"3",-2.80159,53.41
165,"3",-3.00413,53.3451
235,"3",-3.06943,53.3809
130,"3",-2.9895344,53.464943
260,"3",-3.0483668,53.391354
74.95,"3",-2.9831753,53.44202
145,"3",-2.9777524,53.45304
115,"3",-3.08007,53.3728
79,"3",-2.9789069,53.445614
100,"3",-2.9743981,53.489372
110,"3",-2.9685874,53.490337
85,"3",-2.978394,53.44492
90,"3",-2.9817505,53.44553
152.5,"3",-2.8854442,53.415577
80,"3",-2.978997,53.443638
105,"3",-3.0463378,53.39814
80,"3",-3.0573647,53.39825
105,"3",-2.9728222,53.457397
115,"3",-2.9794557,53.458996
145,"3",-3.0105333,53.391384
135,"3",-3.0105333,53.391384
50,"3",-2.9916918,53.461212
115,"3",-2.9986134,53.45
89.995,"3",-2.9823866,53.454826
140,"3",-3.004661,53.456783
110,"3",-3.0258603,53.39467
122.95,"3",-3.0300894,53.40974
120,"3",-3.0280907,53.386745
200,"3",-3.088143,53.354305
126.95,"3",-3.0191407,53.382195
199.95,"3",-2.808355,53.431717
100,"3",-3.0029175,53.371906
120,"3",-3.0439844,53.416885
120,"3",-3.0284567,53.420013
95,"3",-2.9927886,53.461086
130,"3",-3.0082903,53.370285
140,"3",-2.997328,53.470974
80,"3",-3.0208836,53.375862
140,"3",-3.0370765,53.38838
100,"3",-3.0113695,53.36829
120,"3",-3.032697,53.376415
138,"3",-3.0444577,53.416546
95,"3",-2.9814785,53.4716
132,"3",-3.0460358,53.431797
175,"3",-3.028296,53.37656
110,"3",-3.0355084,53.38139
170,"3",-3.0297496,53.375748
60,"3",-2.7906673,53.41131
160,"3",-3.0297136,53.374256
110,"3",-3.0372868,53.37724
89.95,"3",-3.029214,53.384068
135,"3",-3.02589,53.382774
135,"3",-2.802546,53.419777
95,"3",-3.034875,53.377583
83,"3",-3.0105429,53.37338
180,"3",-3.0176022,53.3618
129.95,"3",-3.0472639,53.421753
325,"3",-3.045931,53.382782
100,"3",-2.9904888,53.353176
130,"3",-3.0364835,53.373875
164.95,"3",-3.011875,53.368702
147.5,"3",-3.0133538,53.359455
90,"3",-2.968886,53.4889
200,"3",-3.0560763,53.392372
200,"3",-3.0238032,53.363476
125,"3",-2.9907935,53.485367
228.5,"3",-3.0238032,53.363476
80,"3",-2.9743981,53.489372
90,"3",-2.9698946,53.490166
150,"3",-3.0408301,53.37275
200,"3",-3.0540643,53.384586
170,"3",-3.0089784,53.35488
184.95,"3",-3.0305045,53.375256
220,"3",-3.0274837,53.362175
210,"3",-3.0570612,53.417553
130,"3",-2.9904888,53.353176
89.95,"3",-3.0602436,53.405155
135,"3",-3.0385647,53.37353
70,"3",-2.9900658,53.484535
145,"3",-3.066298,53.380184
150,"3",-2.9794054,53.342228
160,"3",-3.0120075,53.487667
80,"3",-2.983315,53.49368
154.95,"3",-3.0545764,53.390705
225,"3",-3.0618656,53.42498
175,"3",-2.9800944,53.341488
180,"3",-3.053278,53.373447
190,"3",-3.006057,53.34759
140,"3",-3.0581234,53.376083
325,"3",-3.0419185,53.376686
80,"3",-2.8049042,53.417953
180,"3",-2.9825943,53.339813
229.95,"3",-2.8200796,53.397285
140,"3",-2.8039868,53.40761
375,"3",-3.0296588,53.356403
270,"3",-2.996092,53.341553
170,"3",-3.0569265,53.370853
125,"3",-2.8029013,53.42744
230,"3",-3.007213,53.337997
210,"3",-3.0089498,53.34413
150,"3",-3.0232313,53.349007
69.999,"3",-2.985137,53.49165
89.95,"3",-2.970657,53.49452
230,"3",-3.0246294,53.356564
150,"3",-2.999724,53.499187
150,"3",-3.0629287,53.36744
265,"3",-3.0654094,53.381332
225,"3",-3.0578508,53.37783
250,"3",-3.000294,53.33498
120,"3",-2.7906673,53.41131
144.95,"3",-3.0091448,53.34476
150,"3",-2.9405568,53.50073
124.95,"3",-2.7934582,53.41981
100,"3",-2.8011,53.419685
150,"3",-3.0593064,53.365612
145,"3",-2.7931414,53.41087
140,"3",-2.801783,53.424816
115,"3",-2.7908788,53.421894
255,"3",-3.0072503,53.333206
229.95,"3",-3.0693061,53.377846
110,"3",-3.08483,53.39066
95,"3",-3.0863693,53.370205
99,"3",-2.7934582,53.41981
250,"3",-3.0057633,53.33383
160,"3",-3.0894904,53.37119
140,"3",-3.0927236,53.380062
220,"3",-3.0883186,53.34704
265,"3",-3.092345,53.34295
275,"3",-2.8955083,53.37683
100,"3",-2.9750893,53.462994
110,"3",-3.0530298,53.393234
105,"3",-2.988477,53.48815
165,"3",-3.0646532,53.379936
150,"3",-2.798195,53.42606
125,"3",-2.7927969,53.421467
99.95,"3",-2.939249,53.41699
115,"3",-2.939249,53.41699
105,"3",-2.939299,53.414482
69.95,"3",-2.9474487,53.41561
54.95,"3",-2.9436095,53.42297
89.95,"3",-2.9469032,53.413414
94.95,"3",-2.9481947,53.413307
85,"3",-2.9491408,53.413227
144.95,"3",-2.9383824,53.4118
99.95,"3",-2.9352484,53.4109
120,"3",-2.9523585,53.412464
100,"3",-2.9523585,53.412464
119.95,"3",-2.9523585,53.412464
87,"3",-2.9302769,53.422985
109.95,"3",-2.9536197,53.412346
110,"3",-2.9536197,53.412346
67.5,"3",-2.9479158,53.42646
100,"3",-2.9415069,53.427246
119.95,"3",-2.9388733,53.427258
100,"3",-2.9280007,53.422813
124.95,"3",-2.9548542,53.41105
94.95,"3",-2.9304543,53.42628
89.95,"3",-2.9304543,53.42628
109.95,"3",-2.9315677,53.429714
110,"3",-2.925123,53.422646
55,"3",-2.957735,53.424763
84.95,"3",-2.9319193,53.427906
119.95,"3",-2.923658,53.422398
85,"3",-2.930509,53.428104
97.5,"3",-2.9207947,53.418736
75,"3",-2.931875,53.429317
64.95,"3",-2.9232666,53.411983
89.95,"3",-2.9233494,53.411633
85,"3",-2.9233465,53.411507
82.5,"3",-2.9222667,53.412357
135,"3",-2.9044013,53.41201
108,"3",-2.918548,53.419918
99.95,"3",-2.9194787,53.412136
65,"3",-2.9516764,53.431767
89.995,"3",-2.9201164,53.41102
125,"3",-2.919104,53.42406
62.5,"3",-2.959073,53.430046
139.95,"3",-2.9146798,53.42056
139,"3",-2.926418,53.43238
119.95,"3",-2.9134667,53.415924
119.95,"3",-2.913383,53.420437
99.95,"3",-2.9342594,53.40147
84.95,"3",-2.9271114,53.402695
97.5,"3",-2.9117253,53.416798
115,"3",-2.9350288,53.400204
90,"3",-2.933025,53.43578
85,"3",-2.917243,53.406822
80,"3",-2.9104028,53.41547
135,"3",-2.9085033,53.415997
115,"3",-2.9097345,53.41588
74.995,"3",-2.951795,53.43708
134.95,"3",-2.9085033,53.415997
124.95,"3",-2.9085033,53.415997
99.95,"3",-2.9224136,53.401768
127.5,"3",-2.9081993,53.416557
90,"3",-2.908175,53.413303
139.95,"3",-2.906291,53.413857
143,"3",-2.906291,53.413857
114,"3",-2.9055357,53.41867
115,"3",-2.906189,53.41047
105,"3",-2.9060938,53.410244
165,"3",-2.9042728,53.413044
120,"3",-2.9057703,53.409878
125,"3",-2.9030733,53.416782
149.95,"3",-2.9057972,53.409023
109.95,"3",-2.9057972,53.409023
175,"3",-2.9088726,53.431194
194.95,"3",-2.9121997,53.40171
159.95,"3",-2.9031322,53.40678
64.95,"3",-2.9342182,53.444195
129.95,"3",-2.8975174,53.408035
225,"3",-2.8957853,53.42511
84.995,"3",-2.9246392,53.445427
169.95,"3",-2.8945756,53.40906
135,"3",-2.889964,53.41804
165,"3",-2.8940933,53.405434
145,"3",-2.8860846,53.41381
119.95,"3",-2.8836024,53.41818
115,"3",-2.8918023,53.436123
172.5,"3",-2.8803775,53.413574
160,"3",-2.8842106,53.409786
129.95,"3",-2.8816638,53.41321
149.95,"3",-2.88206,53.411278
149.95,"3",-2.8814843,53.423443
70,"3",-2.8801005,53.421288
38,"3",-2.9090707,53.450348
59.95,"3",-2.9051726,53.44902
69.95,"3",-2.8772287,53.425785
79.995,"3",-2.8757753,53.41805
135,"3",-2.875159,53.421738
84.95,"3",-2.8737211,53.42354
99.95,"3",-2.8798318,53.43596
64.95,"3",-2.8743148,53.426796
124.95,"3",-2.872262,53.423557
120,"3",-2.871729,53.423985
75,"3",-2.871729,53.423985
105,"3",-2.8961608,53.45082
85,"3",-2.8709736,53.426785
75,"3",-2.8678842,53.418457
71.5,"3",-2.8677776,53.419132
69.95,"3",-2.8742805,53.43759
94.95,"3",-2.8654265,53.418213
80,"3",-2.8655539,53.426697
135,"3",-2.864087,53.41745
69.995,"3",-2.8634624,53.418552
90,"3",-2.8566794,53.42769
139.995,"3",-2.9579654,53.46578
65,"3",-2.8609023,53.43334
80,"3",-2.8606646,53.43424
79.95,"3",-2.857779,53.427734
200,"3",-2.854638,53.412952
109.95,"3",-2.906197,53.46602
82.4,"3",-2.8514507,53.42059
148,"3",-2.8532467,53.429123
149.95,"3",-2.8532467,53.429123
135.95,"3",-2.8514862,53.4284
118,"3",-2.8500223,53.42743
139.95,"3",-2.849588,53.428295
125,"3",-2.843647,53.414818
170,"3",-2.8419087,53.41669
145,"3",-2.8493342,53.39519
150,"3",-2.9032154,53.359585
85,"3",-2.8367555,53.424736
150,"3",-2.8384006,53.4028
99.5,"3",-2.8323052,53.40261
165,"3",-2.8291028,53.419693
135,"3",-2.8210156,53.401375
159.995,"3",-2.8557699,53.35616
70,"3",-2.8472722,53.33906
198,"3",-2.822018,53.363644
80,"3",-2.8535044,53.3428
100,"3",-3.0045478,53.47814
129.95,"3",-2.8526301,53.4517
229.95,"3",-2.848586,53.456573
295,"3",-2.845887,53.454884
94.95,"3",-2.8068879,53.41703
175,"4",-2.86769,53.3891
430,"4",-2.90098,53.3765
420,"4",-2.895944,53.39522
275,"4",-2.90803,53.438847
240,"4",-2.94418,53.3926
235,"4",-2.88696,53.4331
175,"4",-2.86769,53.3891
199.995,"4",-2.919788,53.44304
255,"4",-3.021,53.4851
165,"4",-2.950654,53.414276
239.995,"4",-2.93673,53.4728
234.95,"4",-2.91588,53.4059
240,"4",-2.95216,53.424
165,"4",-2.945422,53.41038
280,"4",-2.92115,53.4203
120,"4",-2.93913,53.4254
240,"4",-2.938673,53.413197
165,"4",-2.950654,53.414276
225,"4",-2.94475,53.3904
140,"4",-2.92101,53.4197
100,"4",-2.93739,53.425
130,"4",-2.94977,53.4101
175,"4",-2.9492133,53.409046
280,"4",-2.945806,53.412777
198,"4",-2.93784,53.4305
250,"4",-2.902495,53.443455
65,"4",-2.93431,53.4257
230,"4",-2.947579,53.413357
280,"4",-3.00601,53.4978
550,"4",-2.95633,53.4241
410,"4",-2.906476,53.4203
265,"4",-2.9330585,53.41257
485,"4",-3.01708,53.4945
165,"4",-2.9300835,53.397583
189.95,"4",-2.93789,53.3964
125,"4",-2.91792,53.3986
280,"4",-2.841455,53.406673
320,"4",-2.873591,53.407246
130,"4",-2.98393,53.4437
245,"4",-2.89033,53.433
330,"4",-2.89206,53.4129
500,"4",-2.90662,53.4224
345,"4",-2.89575,53.4236
530,"4",-2.91475,53.4354
125,"4",-2.96508,53.4536
315,"4",-2.89268,53.413372
285,"4",-2.851031,53.405422
224.95,"4",-2.96659,53.4655
1250,"4",-2.891311,53.376667
135,"4",-2.97494,53.3841
245,"4",-2.878297,53.45207
79.95,"4",-2.97057,53.4448
220,"4",-2.9706,53.4593
290,"4",-2.88188,53.442
365,"4",-2.89148,53.4262
460,"4",-2.90532,53.3747
900,"4",-2.9951167,53.407997
159.95,"4",-2.95413,53.4656
180,"4",-2.87072,53.4218
285,"4",-2.90208,53.4432
280,"4",-2.94995,53.3842
280,"4",-2.87986,53.4032
275,"4",-2.89964,53.3672
325,"4",-2.85506,53.4111
175,"4",-2.85424,53.4338
480,"4",-2.8722951,53.37509
220,"4",-3.02776,53.4728
224.95,"4",-2.91616,53.4889
350,"4",-3.002,53.473
210,"4",-2.86,53.3821
385,"4",-2.85466,53.4129
270,"4",-2.8515966,53.410378
130,"4",-3.01175,53.4642
350,"4",-3.0001233,53.474037
210,"4",-2.85702,53.3865
359.95,"4",-3.01978,53.4777
400,"4",-2.906666,53.367805
209.995,"4",-3.00276,53.4727
145,"4",-3.0115132,53.466408
250,"4",-2.9142,53.484
280,"4",-3.01205,53.4847
430,"4",-2.86843,53.3784
150,"4",-2.85318,53.3756
250,"4",-3.01836,53.4717
350,"4",-3.01134,53.4939
220,"4",-3.0238018,53.477524
220,"4",-3.01114,53.4661
184.95,"4",-3.00511,53.4886
499.95,"4",-2.8355,53.4116
450,"4",-3.02004,53.475
525,"4",-3.03532,53.4934
199.95,"4",-2.90776,53.4886
225,"4",-2.82414,53.4102
220,"4",-3.02615,53.4776
600,"4",-3.04189,53.5006
180,"4",-3.02655,53.4796
250,"4",-3.0213,53.4827
279.95,"4",-3.0299623,53.485504
699.9,"4",-3.03791,53.4888
670,"4",-2.81027,53.3358
495,"4",-2.94925,53.5048
695,"4",-3.03875,53.4971
620,"4",-3.04842,53.4946
380,"4",-3.04863,53.4955
379.95,"4",-3.03014,53.5066
510,"4",-2.8860657,53.386135
120,"4",-2.94004,53.4235
139.95,"4",-2.9001553,53.355545
224.95,"4",-2.94512,53.4295
415,"4",-2.901405,53.421127
180,"4",-2.9458795,53.409306
335,"4",-2.885993,53.40796
265,"4",-2.907741,53.43602
140,"4",-2.94667,53.3948
137.5,"4",-2.95993,53.4504
150,"4",-2.9330952,53.411503
275,"4",-2.85716,53.4166
200,"4",-2.9474387,53.415836
85,"4",-2.99623,53.4636
150,"4",-2.932683,53.393345
300,"4",-2.834775,53.40201
140,"4",-2.9517481,53.420837
349.95,"4",-2.846143,53.416176
285,"4",-2.99777,53.4739
250,"4",-2.94295,53.464558
250,"4",-2.9441001,53.40844
425,"4",-2.9355419,53.390682
160,"4",-2.939748,53.417103
199.95,"4",-3.0255,53.476
200,"4",-2.9459937,53.41378
399.95,"4",-2.903723,53.368652
325,"4",-2.9012113,53.40202
80,"4",-2.963313,53.440502
80,"4",-2.9520168,53.424107
120,"4",-2.9472313,53.40922
300,"4",-2.9528742,53.411983
450,"4",-2.9397318,53.39044
174.95,"4",-2.9396224,53.417553
280,"4",-2.9047656,53.398693
100,"4",-2.9214857,53.419376
125,"4",-2.9214857,53.419376
200,"4",-2.9546533,53.408123
165,"4",-2.9358964,53.412323
75,"4",-2.954086,53.431164
190,"4",-2.9243784,53.421627
210,"4",-2.9587574,53.467495
130,"4",-2.946499,53.409435
265,"4",-2.959893,53.41099
130,"4",-2.947605,53.410454
395,"4",-3.04996,53.497
845,"4",-2.913804,53.423927
180,"4",-2.9443753,53.404564
350,"4",-2.924358,53.37975
100,"4",-2.955772,53.429157
200,"4",-2.9449084,53.406223
230,"4",-2.9279857,53.391712
145,"4",-2.9597828,53.410786
325,"4",-2.911083,53.386765
240,"4",-2.954952,53.40802
580,"4",-2.913804,53.423927
379.95,"4",-2.9545782,53.409462
135,"4",-2.9142942,53.415916
160,"4",-2.9574742,53.42655
325,"4",-3.0245302,53.471344
300,"4",-2.951517,53.390266
1000,"4",-2.920502,53.378006
300,"4",-2.898613,53.402912
190,"4",-2.9304245,53.394596
369.95,"4",-2.8914592,53.42621
250,"4",-2.9447372,53.39035
290,"4",-2.9327998,53.39044
280,"4",-2.9469764,53.39165
350,"4",-2.9402318,53.391293
270,"4",-2.9120831,53.38994
290,"4",-2.933133,53.39123
320,"4",-2.908927,53.421757
595,"4",-2.8698547,53.38377
175,"4",-2.902572,53.407322
580,"4",-2.9169254,53.396946
699.995,"4",-2.8968582,53.374546
450,"4",-2.9065394,53.42341
320,"4",-2.9056983,53.440468
650,"4",-2.9021707,53.38978
150,"4",-2.9364815,53.397182
275,"4",-2.9327998,53.39044
320,"4",-2.9604201,53.453075
249.95,"4",-2.9240167,53.38759
360,"4",-2.9031527,53.368694
190,"4",-2.9505062,53.378643
390,"4",-2.940812,53.391018
375,"4",-2.8922517,53.425972
245,"4",-2.907032,53.4317
95,"4",-2.9558165,53.392902
275,"4",-2.8797064,53.406567
700,"4",-2.906774,53.38918
600,"4",-2.9626217,53.375275
268,"4",-2.893344,53.420643
480,"4",-3.0216477,53.47051
350,"4",-2.8803916,53.37857
600,"4",-2.8904772,53.385704
525,"4",-2.9105024,53.39689
268,"4",-2.906016,53.440544
245,"4",-2.9503853,53.377945
350,"4",-2.9497159,53.380962
85,"4",-2.969548,53.45184
375,"4",-2.9171247,53.385242
179.95,"4",-2.9277735,53.39095
200,"4",-2.8809116,53.40593
99.95,"4",-2.980473,53.43844
375,"4",-2.9662647,53.444523
360,"4",-2.9227314,53.3803
285,"4",-2.8911493,53.42722
255,"4",-2.9000535,53.40133
225,"4",-2.8992145,53.400047
210,"4",-2.9638731,53.455933
335,"4",-2.9108977,53.389355
500,"4",-2.9439137,53.380997
170,"4",-3.0417,53.4277
475,"4",-2.944587,53.380856
95,"4",-2.9714866,53.446384
140,"4",-2.9525046,53.377262
290,"4",-2.9076302,53.387012
400,"4",-2.9055676,53.382633
210,"4",-2.9124002,53.380154
490,"4",-2.9697728,53.446507
375,"4",-2.8737986,53.378872
245,"4",-2.8903067,53.432995
285,"4",-2.9516988,53.37617
280,"4",-2.8812697,53.400703
260,"4",-2.9151528,53.387936
180,"4",-2.9579654,53.46578
315,"4",-2.895442,53.393013
550,"4",-2.8972437,53.387165
169.95,"4",-2.959467,53.46089
300,"4",-2.8779678,53.395927
265,"4",-2.939317,53.373646
390,"4",-2.928521,53.374863
270,"4",-2.9964995,53.476124
205,"4",-2.967822,53.460045
140,"4",-2.965343,53.46098
950,"4",-2.9181163,53.379616
360,"4",-2.9148803,53.37593
250,"4",-2.9414823,53.372326
292,"4",-2.9051838,53.38438
335,"4",-2.8845296,53.39544
350,"4",-2.9318783,53.371662
595,"4",-2.886567,53.384216
195,"4",-2.9620454,53.463684
375,"4",-2.9052546,53.38489
149.95,"4",-2.9657936,53.463573
460,"4",-2.8914616,53.3846
325,"4",-2.9283614,53.373055
200,"4",-2.9286594,53.37086
159.95,"4",-2.954224,53.465538
1100,"4",-2.9183924,53.38197
250,"4",-2.8851438,53.438778
695,"4",-2.9041872,53.383472
500,"4",-2.885176,53.381653
949,"4",-2.8679945,53.381763
535,"4",-2.8929884,53.38644
595,"4",-2.9422038,53.370277
1200,"4",-2.8977945,53.38476
575,"4",-2.9007125,53.37413
575,"4",-2.918265,53.37884
350,"4",-2.9163263,53.37606
300,"4",-3.031246,53.476788
360,"4",-2.894065,53.36965
290,"4",-2.8818526,53.44196
260,"4",-2.9092498,53.37482
595,"4",-2.8870585,53.38253
550,"4",-2.8896616,53.383354
450,"4",-2.9132998,53.3674
529,"4",-2.8779678,53.395927
529,"4",-2.8779678,53.395927
190,"4",-2.8514862,53.4284
575,"4",-2.8909755,53.38436
360,"4",-2.864353,53.38159
290,"4",-2.9059868,53.36272
300,"4",-2.89027,53.3675
475,"4",-2.8981392,53.375427
550,"4",-2.885958,53.377323
395,"4",-2.854638,53.412952
255,"4",-2.861602,53.380863
399.95,"4",-2.9259143,53.366253
489,"4",-2.9010296,53.37776
410,"4",-2.9066658,53.3678
650,"4",-2.9413085,53.3699
380,"4",-2.872946,53.387165
460,"4",-2.9052947,53.374725
240,"4",-2.929867,53.37041
495,"4",-2.8696804,53.38333
500,"4",-2.8971682,53.373566
285,"4",-3.0311148,53.49499
1250,"4",-2.8912363,53.376694
420,"4",-2.921924,53.36729
525,"4",-2.8981392,53.375427
500,"4",-2.870109,53.38151
1100,"4",-2.8791163,53.38161
425,"4",-2.9198258,53.366856
999.995,"4",-2.8818376,53.379433
495,"4",-2.896224,53.37227
220,"4",-2.8939087,53.474796
240,"4",-2.9058142,53.486237
599.95,"4",-2.897187,53.371597
399.95,"4",-2.8827121,53.378834
350,"4",-2.9126315,53.470337
250,"4",-2.91326,53.4845
125,"4",-3.012154,53.46471
150,"4",-3.012086,53.465015
195,"4",-2.894125,53.474335
215,"4",-2.894125,53.474335
145,"4",-2.8990884,53.354836
470,"4",-2.8791163,53.37796
220,"4",-2.9460752,53.498726
200,"4",-3.0060217,53.468464
425,"4",-2.8938289,53.37058
1750,"4",-3.0351057,53.47689
230,"4",-2.8412628,53.417515
390,"4",-2.924951,53.364803
454.95,"4",-3.03829,53.369
215,"4",-3.00991,53.3613
529,"4",-2.8757937,53.379406
400,"4",-2.8644419,53.38376
245,"4",-2.9984543,53.4644
315,"4",-2.822414,53.370155
550,"4",-3.0466938,53.48611
550,"4",-2.8713343,53.381874
550,"4",-2.915568,53.358242
999.95,"4",-2.8672132,53.384743
275,"4",-2.844056,53.405827
80,"4",-3.0107918,53.463795
650,"4",-2.8639724,53.38285
350,"4",-3.0200176,53.492992
275,"4",-2.9056954,53.363865
110,"4",-3.0128672,53.466194
665,"4",-2.84141,53.408955
375,"4",-3.0173542,53.47556
440,"4",-2.8575094,53.359734
285,"4",-2.8643625,53.368702
249,"4",-3.0249045,53.47375
325,"4",-2.900122,53.488583
129.95,"4",-2.9001553,53.355545
500,"4",-2.8640282,53.370754
125,"4",-3.0154345,53.470875
315,"4",-3.0087986,53.489
220,"4",-3.02773,53.472836
295,"4",-3.031201,53.475548
160,"4",-2.8913229,53.490868
189.999,"4",-3.0168462,53.47321
229.95,"4",-2.9092515,53.486294
210,"4",-3.0277004,53.49031
330,"4",-2.839744,53.37249
150,"4",-3.032872,53.476738
84,"4",-2.8732195,53.48273
300,"4",-3.0303726,53.489254
260,"4",-3.0191956,53.48512
100,"4",-2.8773904,53.489876
325,"4",-2.841196,53.374477
310,"4",-3.018074,53.477936
375,"4",-3.0374513,53.479153
1995,"4",-3.0351057,53.47689
160,"4",-2.9093826,53.49031
210,"4",-3.0245461,53.476387
350,"4",-3.026726,53.4843
325,"4",-3.0106907,53.491238
265,"4",-3.0065787,53.493908
285,"4",-3.0199862,53.48101
310,"4",-3.0076425,53.48982
289.995,"4",-2.861616,53.358475
210,"4",-3.0247061,53.480522
425,"4",-2.9745486,53.501194
300,"4",-3.017699,53.491226
275,"4",-3.0033176,53.501987
440,"4",-3.009591,53.49445
375,"4",-3.009591,53.49445
220,"4",-2.8347597,53.36972
180,"4",-3.0290477,53.487442
330,"4",-3.030428,53.48718
190,"4",-3.02169,53.47917
370,"4",-3.0089903,53.4958
260,"4",-3.0048337,53.490227
100,"4",-2.8391287,53.358776
325,"4",-3.0303726,53.489254
570,"4",-3.0427372,53.48395
525,"4",-3.019643,53.494976
220,"4",-2.8384988,53.36343
320,"4",-3.0401623,53.487732
525,"4",-3.025941,53.484234
300,"4",-3.0115893,53.497326
325,"4",-3.0262432,53.49488
182.5,"4",-2.8864994,53.499523
575,"4",-3.0388052,53.48955
375,"4",-3.0292082,53.494076
385,"4",-3.0102491,53.492958
525,"4",-3.0466938,53.48611
350,"4",-3.0381277,53.479706
350,"4",-3.0287533,53.4952
450,"4",-3.0433671,53.48874
580,"4",-3.0376105,53.48939
210,"4",-2.822414,53.370155
220,"4",-3.0290477,53.487442
525,"4",-3.0395534,53.494263
265,"4",-3.0266516,53.487453
350,"4",-3.0292082,53.494076
230,"4",-3.0299354,53.48551
370,"4",-3.0089903,53.4958
144.95,"4",-2.827049,53.361935
595,"4",-3.0534897,53.492756
650,"4",-3.007792,53.502483
330,"4",-3.005189,53.50398
450,"4",-3.0406463,53.499493
395,"4",-3.0499313,53.496986
240,"4",-2.90756,53.4908
550,"4",-2.794508,53.330803
1000,"4",-2.795273,53.330772
110,"4",-2.99509,53.4559
299.95,"4",-3.05716,53.4275
260,"4",-2.940258,53.419983
185,"4",-2.951639,53.415817
190,"4",-3.03273,53.3764
575,"4",-2.8964438,53.384407
320,"4",-2.90895,53.4217
229.95,"4",-2.91303,53.4841
245,"4",-3.04542,53.434
189.95,"4",-2.94109,53.4145
190,"4",-3.05044,53.4269
700,"4",-2.8870585,53.38253
270,"4",-2.94854,53.42848
750,"4",-2.9065933,53.4224
200,"4",-2.9336054,53.41282
190,"4",-2.93253,53.399433
699,"4",-2.9065933,53.4224
175,"4",-2.9338746,53.399704
270,"4",-2.92944,53.4795
308,"4",-2.8900595,53.411793
359.95,"4",-3.03613,53.4249
135,"4",-2.93505,53.4002
470,"4",-2.9365592,53.389755
185,"4",-2.9365592,53.389755
240,"4",-2.9092,53.3876
229.95,"4",-2.89238,53.4214
110,"4",-2.9601998,53.444645
315,"4",-2.8963017,53.403873
400,"4",-2.911325,53.39175
265,"4",-2.91201,53.4351
255,"4",-3.05695,53.3708
220,"4",-2.90208,53.4432
749.95,"4",-2.90662,53.4224
110,"4",-2.9686496,53.381905
210,"4",-3.05658,53.4175
130,"4",-2.96016,53.4545
340,"4",-2.9074109,53.38236
189,"4",-2.8727503,53.410664
275,"4",-3.03647,53.4327
308,"4",-2.89008,53.4118
285,"4",-2.857874,53.385025
275,"4",-3.06045,53.4257
650,"4",-3.043,53.3867
115,"4",-2.87235,53.4363
425,"4",-2.88922,53.3926
595,"4",-2.98466,53.4485
495,"4",-2.92532,53.4789
205,"4",-2.87874,53.4008
120,"4",-3.03037,53.421
475,"4",-2.94821,53.3835
270,"4",-2.99039,53.4463
220,"4",-2.93581,53.4708
164.95,"4",-3.04189,53.433
1100,"4",-3.05736,53.4364
115,"4",-2.87528,53.4699
550,"4",-2.8761148,53.389183
400,"4",-2.9029095,53.374958
198,"4",-3.0452,53.4317
475,"4",-2.89867,53.3753
294,"4",-2.854638,53.412952
495,"4",-2.925291,53.47891
150,"4",-3.04217,53.421
875,"4",-2.8918471,53.376434
180,"4",-2.982558,53.47487
525,"4",-2.8912766,53.377186
380,"4",-2.907981,53.370995
142.5,"4",-3.03192,53.4152
240,"4",-3.04063,53.3881
369.5,"4",-2.9160078,53.367523
135,"4",-3.03039,53.4213
650,"4",-2.8683991,53.382435
235,"4",-3.03828,53.3884
159.95,"4",-3.01344,53.3714
260,"4",-3.003771,53.458633
210,"4",-2.810129,53.4123
130,"4",-3.00364,53.3701
195,"4",-3.04991,53.4151
124.95,"4",-2.9897192,53.44682
499.95,"4",-3.05566,53.4316
499.95,"4",-3.05566,53.4316
139.95,"4",-3.03599,53.3766
400,"4",-2.97071,53.4661
100,"4",-3.01422,53.3721
425,"4",-3.05132,53.4357
80,"4",-2.99602,53.4584
425,"4",-3.04557,53.4356
118,"4",-3.02808,53.384
665,"4",-2.867289,53.378117
375,"4",-2.9163823,53.361877
475,"4",-2.89816,53.3754
210,"4",-3.03898,53.3819
119.999,"4",-3.03809,53.4176
210,"4",-2.84848,53.429
180,"4",-3.04874,53.4334
297.5,"4",-2.94362,53.467
225,"4",-3.04853,53.4304
169.95,"4",-3.04823,53.4213
249.95,"4",-3.05482,53.4153
100,"4",-3.0065,53.4582
359.95,"4",-3.05195,53.3909
139.95,"4",-3.04239,53.4202
349.95,"4",-3.05514,53.4287
175,"4",-2.96621,53.4914
225,"4",-2.906011,53.358917
375,"4",-3.05977,53.4229
305,"4",-2.861205,53.376095
595,"4",-3.03876,53.3699
355,"4",-3.05984,53.4203
180,"4",-3.03844,53.3963
97.5,"4",-3.03507,53.3884
165,"4",-3.0381,53.3823
120,"4",-3.00098,53.4657
199.95,"4",-3.05528,53.429
330,"4",-3.04286,53.3829
449,"4",-2.86202,53.371048
495,"4",-2.98941,53.3398
330,"4",-3.04043,53.3873
159.995,"4",-3.02592,53.3828
395,"4",-3.0379,53.3841
110,"4",-3.02645,53.3813
205,"4",-3.05702,53.3897
140,"4",-2.8996606,53.35587
275,"4",-2.829488,53.400066
150,"4",-3.03924,53.436
375,"4",-2.91564,53.4968
579.95,"4",-3.06709,53.3921
205,"4",-3.04582,53.4387
130,"4",-3.05752,53.3937
220,"4",-2.96916,53.5044
450,"4",-3.04955,53.3819
399.95,"4",-2.85498,53.4526
155,"4",-3.03309,53.3665
380,"4",-3.04396,53.3773
275,"4",-3.06625,53.4287
270,"4",-2.9052,53.3555
520,"4",-2.9125032,53.49104
300,"4",-3.07881,53.3863
155,"4",-3.02574,53.3708
212,"4",-2.89425,53.4743
190,"4",-2.89243,53.4751
125,"4",-3.0346222,53.377083
570,"4",-2.8636346,53.36021
140,"4",-3.0347,53.3768
249.95,"4",-3.03241,53.3783
285,"4",-2.93868,53.5055
350,"4",-3.04458,53.3727
149.95,"4",-2.898345,53.48724
315,"4",-3.04684,53.3856
230,"4",-3.0319,53.3782
195,"4",-3.03568,53.386
750,"4",-3.06973,53.389
170,"4",-2.90781,53.3567
240,"4",-3.044,53.3727
265,"4",-3.05415,53.3686
380,"4",-3.07097,53.4225
149.95,"4",-2.88304,53.47672
350,"4",-3.05046,53.3842
165,"4",-2.94277,53.4987
595,"4",-3.06973,53.389
595.995,"4",-2.87504,53.5056
180,"4",-2.95774,53.4915
220,"4",-3.05123,53.3664
84.95,"4",-2.87664,53.4854
135,"4",-3.03465,53.3771
269,"4",-2.91471,53.4861
155,"4",-2.89557,53.4918
218,"4",-3.0678,53.424
250,"4",-3.0221398,53.49286
265,"4",-2.96916,53.5044
425,"4",-3.0633,53.3818
500,"4",-3.04715,53.3864
315,"4",-3.04195,53.3767
195,"4",-2.88684,53.5023
700,"4",-3.04158,53.3661
495,"4",-3.04654,53.3782
310,"4",-2.79143,53.4339
199.95,"4",-2.94674,53.4991
129.95,"4",-2.96808,53.4874
119.95,"4",-2.8400636,53.35513
148,"4",-2.88338,53.4903
150,"4",-2.89633,53.49244
1750,"4",-3.03513,53.4769
449.95,"4",-2.98262,53.3385
249.95,"4",-2.95768,53.4908
205,"4",-3.0662,53.3818
450,"4",-3.06719,53.3823
589,"4",-3.0333,53.4757
1300,"4",-3.08082,53.4042
315,"4",-3.04313,53.3706
435,"4",-3.0182285,53.496334
735,"4",-3.0712,53.3881
300,"4",-2.7941,53.4326
287.5,"4",-3.00074,53.3343
165,"4",-3.05839,53.3676
400,"4",-2.99601,53.3383
220,"4",-3.06443,53.3718
419.995,"4",-2.93066,53.5043
392,"4",-3.08992,53.3892
290,"4",-3.08016,53.3892
339.95,"4",-3.00067,53.3357
525,"4",-3.07309,53.3875
300,"4",-2.79679,53.4626
155,"4",-3.07088,53.3759
204.95,"4",-2.79501,53.4269
750,"4",-2.79502,53.4685
289.95,"4",-3.09237,53.3429
550,"4",-3.0887,53.3473
435,"4",-3.08682,53.3302
580.1,"4",-2.917624,53.4563
1000,"4",-2.79535,53.331
250,"4",-2.91588,53.4059
325,"4",-3.05944,53.3916
145,"4",-3.00295,53.3719
349.95,"4",-2.84861,53.4566
650,"4",-2.91784,53.3566
475,"4",-3.0439,53.3703
639.95,"4",-3.06709,53.3921
445,"4",-3.06298,53.3847
425,"4",-2.89501,53.3583
115,"4",-3.0345,53.3807
500,"4",-3.0398,53.378
124,"4",-2.9790242,53.46511
240,"4",-3.05974,53.3709
299.95,"4",-3.04195,53.3767
395,"4",-3.06299,53.393
359.95,"4",-3.04759,53.3775
795,"4",-3.03574,53.3656
230,"4",-2.79878,53.4255
525,"4",-3.0712,53.3881
765,"4",-3.0712,53.3881
199.95,"4",-2.85579,53.3562
299.95,"4",-3.0571287,53.427547
234.95,"4",-2.82615,53.3719
950,"4",-3.0488682,53.37811
110,"4",-2.9768367,53.44332
285,"4",-2.972319,53.465023
230,"4",-3.0541213,53.36864
245,"4",-3.0453973,53.433994
100,"4",-2.9887364,53.487637
225,"4",-2.9770284,53.45167
210,"4",-3.0565479,53.417484
275,"4",-2.9903665,53.44633
190,"4",-3.032697,53.376415
640,"4",-2.80009,53.3347
175,"4",-3.0591862,53.394684
550,"4",-2.8072,53.3371
240,"4",-2.80134,53.3374
390,"4",-2.9505336,53.373806
515,"4",-2.886567,53.384216
190,"4",-3.0399086,53.386745
299.95,"4",-2.8120346,53.43129
159.95,"4",-3.0149288,53.370716
250,"4",-3.038067,53.38336
110,"4",-3.0053523,53.37253
270,"4",-3.0265553,53.36418
170,"4",-3.0182357,53.347416
110,"4",-3.036474,53.38957
189.95,"4",-2.9777827,53.34352
198,"4",-3.0451765,53.43175
145,"4",-3.0393496,53.421795
230,"4",-3.0060744,53.368732
210,"4",-3.0110252,53.365814
275,"4",-3.0604234,53.425682
130,"4",-3.0380454,53.38246
280,"4",-2.8484433,53.456203
230,"4",-3.0404282,53.382767
170,"4",-3.0174055,53.364277
350,"4",-2.854952,53.4526
150,"4",-3.0363243,53.37598
105,"4",-2.9746654,53.489193
295,"4",-2.828678,53.424156
181.5,"4",-3.0060744,53.368732
115,"4",-3.0376382,53.389217
100,"4",-2.9801407,53.487423
100,"4",-2.9938734,53.484955
250,"4",-3.0183177,53.36912
320,"4",-3.0286605,53.472687
270,"4",-3.0426652,53.372803
290,"4",-3.002393,53.338676
380,"4",-3.0391338,53.380863
550,"4",-3.0475729,53.380455
300,"4",-3.036915,53.366886
1200,"4",-2.865222,53.36662
135,"4",-3.0389497,53.381943
350,"4",-3.0311384,53.47422
330,"4",-3.0187457,53.364384
260,"4",-3.027519,53.358013
485,"4",-3.059966,53.39036
260,"4",-2.8200796,53.397285
325,"4",-3.0496614,53.371853
191.5,"4",-3.0585606,53.37796
190,"4",-2.8219647,53.397556
700,"4",-2.8114612,53.43122
535,"4",-3.0728958,53.392662
475,"4",-3.076858,53.39832
400,"4",-3.073066,53.387474
425,"4",-3.0892816,53.387733
450,"4",-2.8125834,53.3851
209.95,"4",-3.063048,53.373432
330,"4",-3.0128784,53.350815
300,"4",-3.0147603,53.49124
675,"4",-3.0360303,53.363865
450,"4",-3.079215,53.385666
299.95,"4",-3.0497923,53.368618
274.95,"4",-3.068304,53.38285
580,"4",-3.071171,53.388058
649.995,"4",-3.0665133,53.385197
469.95,"4",-3.0665133,53.385197
220,"4",-3.0511968,53.366455
245,"4",-3.0703309,53.376144
185,"4",-3.0548315,53.365757
285,"4",-2.801783,53.424816
200,"4",-2.8878427,53.498158
180,"4",-3.0114467,53.49134
250,"4",-3.0716174,53.378292
590,"4",-3.045782,53.354
475,"4",-3.0898747,53.387413
850,"4",-3.05266,53.492126
600,"4",-3.0809855,53.35703
400,"4",-3.0867946,53.330235
375,"4",-3.074101,53.329433
124.95,"4",-2.989903,53.447117
425,"4",-2.854952,53.4526
255,"4",-3.0351925,53.429077
215,"4",-2.8313785,53.423733
250,"4",-2.816544,53.37915
375,"4",-3.0732436,53.34911
170,"4",-2.939249,53.41699
155,"4",-2.9386787,53.41569
100,"4",-2.944073,53.41333
119.95,"4",-2.9352484,53.4109
150,"4",-2.954521,53.410946
165,"4",-2.9548542,53.41105
99.95,"4",-2.923658,53.422398
220,"4",-2.9194293,53.418213
115,"4",-2.9185233,53.420155
140,"4",-2.9156454,53.42208
106,"4",-2.9142942,53.415916
90,"4",-2.9131947,53.41937
80,"4",-2.9633226,53.432278
165,"4",-2.908927,53.421757
219.95,"4",-2.9008293,53.425934
195,"4",-2.9146435,53.39434
215,"4",-2.891457,53.420357
229.95,"4",-2.8899126,53.403328
180,"4",-2.8986328,53.44737
139.95,"4",-2.8679147,53.427338
175,"4",-2.8628523,53.425575
175,"4",-2.921569,53.475395
184.95,"4",-2.848631,53.41047
279.95,"4",-2.865457,53.384144
109.95,"4",-2.8540604,53.389385
180,"4",-2.839297,53.415485
275,"4",-2.8619092,53.36183
420,"5",-2.895944,53.39522
425,"5",-2.9355419,53.390682
230,"5",-2.947579,53.413357
410,"5",-2.906476,53.4203
485,"5",-3.01708,53.4945
130,"5",-2.98393,53.4437
500,"5",-2.90662,53.4224
345,"5",-2.89575,53.4236
530,"5",-2.91475,53.4354
224.95,"5",-2.96659,53.4655
460,"5",-2.90532,53.3747
159.95,"5",-2.95413,53.4656
180,"5",-2.87072,53.4218
385,"5",-2.85466,53.4129
130,"5",-3.01175,53.4642
145,"5",-3.0115132,53.466408
250,"5",-2.9142,53.484
499.95,"5",-2.8355,53.4116
525,"5",-3.03532,53.4934
220,"5",-3.02615,53.4776
495,"5",-2.94925,53.5048
695,"5",-3.03875,53.4971
620,"5",-3.04842,53.4946
275,"5",-2.85716,53.4166
200,"5",-2.9459937,53.41378
450,"5",-2.9397318,53.39044
174.95,"5",-2.9396224,53.417553
165,"5",-2.9358964,53.412323
190,"5",-2.9243784,53.421627
210,"5",-2.9587574,53.467495
200,"5",-2.9449084,53.406223
325,"5",-2.911083,53.386765
240,"5",-2.954952,53.40802
379.95,"5",-2.9545782,53.409462
280,"5",-2.9469764,53.39165
595,"5",-2.8698547,53.38377
175,"5",-2.902572,53.407322
699.995,"5",-2.8968582,53.374546
700,"5",-2.906774,53.38918
525,"5",-2.9105024,53.39689
210,"5",-2.9638731,53.455933
500,"5",-2.9439137,53.380997
390,"5",-2.928521,53.374863
250,"5",-2.9414823,53.372326
350,"5",-2.9318783,53.371662
195,"5",-2.9620454,53.463684
695,"5",-2.9041872,53.383472
949,"5",-2.8679945,53.381763
1200,"5",-2.8977945,53.38476
575,"5",-2.9007125,53.37413
575,"5",-2.918265,53.37884
360,"5",-2.894065,53.36965
395,"5",-2.854638,53.412952
460,"5",-2.9052947,53.374725
1250,"5",-2.8912363,53.376694
1100,"5",-2.8791163,53.38161
240,"5",-2.9058142,53.486237
399.95,"5",-2.8827121,53.378834
125,"5",-3.012154,53.46471
145,"5",-2.8990884,53.354836
220,"5",-2.9460752,53.498726
425,"5",-2.8938289,53.37058
230,"5",-2.8412628,53.417515
529,"5",-2.8757937,53.379406
245,"5",-2.9984543,53.4644
665,"5",-2.84141,53.408955
440,"5",-2.8575094,53.359734
285,"5",-2.8643625,53.368702
210,"5",-3.0245461,53.476387
300,"5",-3.017699,53.491226
370,"5",-3.0089903,53.4958
525,"5",-3.019643,53.494976
320,"5",-3.0401623,53.487732
525,"5",-3.025941,53.484234
575,"5",-3.0388052,53.48955
350,"5",-3.0381277,53.479706
580,"5",-3.0376105,53.48939
370,"5",-3.0089903,53.4958
299.95,"5",-3.05716,53.4275
190,"5",-3.03273,53.3764
700,"5",-2.8870585,53.38253
200,"5",-2.9336054,53.41282
190,"5",-2.93253,53.399433
308,"5",-2.8900595,53.411793
359.95,"5",-3.03613,53.4249
308,"5",-2.89008,53.4118
650,"5",-3.043,53.3867
164.95,"5",-3.04189,53.433
875,"5",-2.8918471,53.376434
650,"5",-2.8683991,53.382435
159.95,"5",-3.01344,53.3714
499.95,"5",-3.05566,53.4316
499.95,"5",-3.05566,53.4316
100,"5",-3.01422,53.3721
375,"5",-3.05977,53.4229
330,"5",-3.04286,53.3829
449,"5",-2.86202,53.371048
330,"5",-3.04043,53.3873
395,"5",-3.0379,53.3841
579.95,"5",-3.06709,53.3921
450,"5",-3.04955,53.3819
520,"5",-2.9125032,53.49104
300,"5",-3.07881,53.3863
249.95,"5",-3.03241,53.3783
149.95,"5",-2.898345,53.48724
315,"5",-3.04684,53.3856
230,"5",-3.0319,53.3782
240,"5",-3.044,53.3727
269,"5",-2.91471,53.4861
425,"5",-3.0633,53.3818
199.95,"5",-2.94674,53.4991
150,"5",-2.89633,53.49244
435,"5",-3.0182285,53.496334
735,"5",-3.0712,53.3881
220,"5",-3.06443,53.3718
419.995,"5",-2.93066,53.5043
750,"5",-2.79502,53.4685
550,"5",-3.0887,53.3473
325,"5",-3.05944,53.3916
145,"5",-3.00295,53.3719
650,"5",-2.91784,53.3566
240,"5",-3.05974,53.3709
525,"5",-3.0712,53.3881
299.95,"5",-3.0571287,53.427547
275,"5",-2.9903665,53.44633
190,"5",-3.032697,53.376415
240,"5",-2.80134,53.3374
190,"5",-3.0399086,53.386745
159.95,"5",-3.0149288,53.370716
270,"5",-3.0426652,53.372803
550,"5",-3.0475729,53.380455
350,"5",-3.0311384,53.47422
700,"5",-2.8114612,53.43122
675,"5",-3.0360303,53.363865
450,"5",-3.079215,53.385666
299.95,"5",-3.0497923,53.368618
425,"5",-2.854952,53.4526
375,"5",-3.0732436,53.34911
220,"5",-2.9194293,53.418213
215,"5",-2.891457,53.420357
184.95,"5",-2.848631,53.41047
240,"6",-2.938673,53.413197
200,"6",-2.9474387,53.415836
280,"6",-2.945806,53.412777
265,"6",-2.9330585,53.41257
125,"6",-2.91792,53.3986
1250,"6",-2.891311,53.376667
350,"6",-3.002,53.473
350,"6",-3.0001233,53.474037
250,"6",-3.01836,53.4717
220,"6",-3.01114,53.4661
450,"6",-3.02004,53.475
160,"6",-2.939748,53.417103
265,"6",-2.959893,53.41099
845,"6",-2.913804,53.423927
180,"6",-2.9443753,53.404564
150,"6",-2.9364815,53.397182
375,"6",-2.9171247,53.385242
169.95,"6",-2.959467,53.46089
149.95,"6",-2.9657936,53.463573
529,"6",-2.8779678,53.395927
529,"6",-2.8779678,53.395927
650,"6",-2.9413085,53.3699
400,"6",-2.8644419,53.38376
999.95,"6",-2.8672132,53.384743
249,"6",-3.0249045,53.47375
375,"6",-3.0374513,53.479153
450,"6",-3.0433671,53.48874
185,"6",-2.951639,53.415817
750,"6",-2.9065933,53.4224
470,"6",-2.9365592,53.389755
749.95,"6",-2.90662,53.4224
120,"6",-3.03037,53.421
270,"6",-2.99039,53.4463
135,"6",-3.03039,53.4213
425,"6",-3.05132,53.4357
665,"6",-2.867289,53.378117
349.95,"6",-3.05514,53.4287
595,"6",-3.03876,53.3699
180,"6",-3.03844,53.3963
380,"6",-3.04396,53.3773
350,"6",-3.04458,53.3727
195,"6",-3.03568,53.386
380,"6",-3.07097,53.4225
500,"6",-3.04715,53.3864
449.95,"6",-2.98262,53.3385
589,"6",-3.0333,53.4757
1300,"6",-3.08082,53.4042
639.95,"6",-3.06709,53.3921
795,"6",-3.03574,53.3656
765,"6",-3.0712,53.3881
285,"6",-2.972319,53.465023
640,"6",-2.80009,53.3347
250,"6",-3.038067,53.38336
181.5,"6",-3.0060744,53.368732
380,"6",-3.0391338,53.380863
1200,"6",-2.865222,53.36662
649.995,"6",-3.0665133,53.385197
850,"6",-3.05266,53.492126
255,"6",-3.0351925,53.429077
170,"6",-2.939249,53.41699
240,"7",-2.95216,53.424
1000,"7",-2.920502,53.378006
280,"7",-2.92115,53.4203
699.9,"7",-3.03791,53.4888
290,"7",-2.9327998,53.39044
290,"7",-2.933133,53.39123
950,"7",-2.9181163,53.379616
1100,"7",-2.9183924,53.38197
300,"7",-3.031246,53.476788
599.95,"7",-2.897187,53.371597
550,"7",-2.915568,53.358242
295,"7",-3.031201,53.475548
350,"7",-3.037805,53.479454
260,"7",-2.940258,53.419983
1100,"7",-3.05736,53.4364
375,"7",-2.9163823,53.361877
240,"7",-2.95216,53.424
1000,"7",-2.920502,53.378006
280,"7",-2.92115,53.4203
699.9,"7",-3.03791,53.4888
290,"7",-2.9327998,53.39044
290,"7",-2.933133,53.39123
950,"7",-2.9181163,53.379616
1100,"7",-2.9183924,53.38197
300,"7",-3.031246,53.476788
599.95,"7",-2.897187,53.371597
550,"7",-2.915568,53.358242
295,"7",-3.031201,53.475548
350,"7",-3.037805,53.479454
260,"7",-2.940258,53.419983
1100,"7",-3.05736,53.4364
375,"7",-2.9163823,53.361877
